prefix	url	format	exception
actan	https://github.com/Active-Animals/ACTAN-ontology/releases/latest/download/actan.owl	owl	"at line 3655 of <>:
Bad syntax (Prefix ""doi:"" not bound) at ^ in:
""...b'urce obo:ACTAN_0000056 ;\n   owl:annotatedProperty oboInOwl:h'^b'asExactSynonym ;\n   owl:annotatedTarget ""four-legged"" ;\n   d'..."""
aero	http://purl.obolibrary.org/obo/aero.owl	owl	"Command `java -jar /Users/cthoyt/.data/robot/1.9.10/robot.jar convert -i /var/folders/gs/5hqh1d793dq8hly3pp8wcxg00000gn/T/tmph19bv4ei/aero.owl -o /var/folders/gs/5hqh1d793dq8hly3pp8wcxg00000gn/T/tmph19bv4ei/tmp.ttl --check=false --format ttl` returned non-zero exit status 1.

stderr:

  WARNING: A terminally deprecated method in sun.misc.Unsafe has been called WARNING: sun.misc.Unsafe::objectFieldOffset has been called by com.github.benmanes.caffeine.base.UnsafeAccess (file:/Users/cthoyt/.data/robot/1.9.10/robot.jar) WARNING: Please consider reporting this to the maintainers of class com.github.benmanes.caffeine.base.UnsafeAccess WARNING: sun.misc.Unsafe::objectFieldOffset will be removed in a future release

stdout:

  org.semanticweb.owlapi.model.UnloadableImportException: Could not load imported ontology: <http://purl.obolibrary.org/obo/aero/OMRE_AEROImport.owl> Cause: https://raw.githubusercontent.com/OGMS/ogms/master/src/ontology/omre/OMRE_AEROImport.owl Use the -vvv option to show the stack trace. Use the --help option to see usage information."
agrovoc	https://agrovoc.fao.org/latestAgrovoc/agrovoc_core.rdf.zip		'utf-8' codec can't decode byte 0xd4 in position 46: invalid continuation byte
aopo	https://github.com/DataSciBurgoon/aop-ontology/raw/refs/heads/master/aopo.owl	owl	"Command `java -jar /Users/cthoyt/.data/robot/1.9.10/robot.jar convert -i /var/folders/gs/5hqh1d793dq8hly3pp8wcxg00000gn/T/tmpxlh34oor/aopo.owl -o /var/folders/gs/5hqh1d793dq8hly3pp8wcxg00000gn/T/tmpxlh34oor/tmp.ttl --check=false --format ttl` returned non-zero exit status 1.

stderr:

  WARNING: A terminally deprecated method in sun.misc.Unsafe has been called WARNING: sun.misc.Unsafe::objectFieldOffset has been called by com.github.benmanes.caffeine.base.UnsafeAccess (file:/Users/cthoyt/.data/robot/1.9.10/robot.jar) WARNING: Please consider reporting this to the maintainers of class com.github.benmanes.caffeine.base.UnsafeAccess WARNING: sun.misc.Unsafe::objectFieldOffset will be removed in a future release

stdout:

  org.semanticweb.owlapi.model.UnloadableImportException: Could not load imported ontology: <http://purl.obolibrary.org/obo/chebi.owl> Cause: Problem parsing http://purl.obolibrary.org/obo/chebi.owl Could not parse ontology. Either a suitable parser could not be found, or parsing failed. See parser logs below for explanation. The following parsers were tried: 1) org.semanticweb.owlapi.rdf.rdfxml.parser.RDFXMLParser@489a2cfb 2) org.semanticweb.owlapi.owlxml.parser.OWLXMLParser@1a248c5 3) [...]"
atol	http://sicpa-web.cati.inrae.fr/ontologies/visualisation/ontologie/atol/creation_fichier_owl.php?filename=atol.owl	owl	Failed with requests to download http://sicpa-web.cati.inrae.fr/ontologies/visualisation/ontologie/atol/creation_fichier_owl.php?filename=atol.owl to /private/var/folders/gs/5hqh1d793dq8hly3pp8wcxg00000gn/T/tmph255qy01/creation_fichier_owl.php
bcgo	https://github.com/obi-bcgo/bcgo/raw/master/ontology/bcgo.owl	owl	"Command `java -jar /Users/cthoyt/.data/robot/1.9.10/robot.jar convert -i /var/folders/gs/5hqh1d793dq8hly3pp8wcxg00000gn/T/tmprdi12ggf/bcgo.owl -o /var/folders/gs/5hqh1d793dq8hly3pp8wcxg00000gn/T/tmprdi12ggf/tmp.ttl --check=false --format ttl` returned non-zero exit status 1.

stderr:

  WARNING: A terminally deprecated method in sun.misc.Unsafe has been called WARNING: sun.misc.Unsafe::objectFieldOffset has been called by com.github.benmanes.caffeine.base.UnsafeAccess (file:/Users/cthoyt/.data/robot/1.9.10/robot.jar) WARNING: Please consider reporting this to the maintainers of class com.github.benmanes.caffeine.base.UnsafeAccess WARNING: sun.misc.Unsafe::objectFieldOffset will be removed in a future release

stdout:

  org.semanticweb.owlapi.model.UnloadableImportException: Could not load imported ontology: <http://purl.obolibrary.org/obo/bcgo/OBI_subset.owl> Cause: https://purl.archive.org/obo/bcgo/OBI_subset.owl Use the -vvv option to show the stack trace. Use the --help option to see usage information."
bila	http://purl.obolibrary.org/obo/bila.owl	owl	"Command `java -jar /Users/cthoyt/.data/robot/1.9.10/robot.jar convert -i /var/folders/gs/5hqh1d793dq8hly3pp8wcxg00000gn/T/tmp5pitwhaz/bila.owl -o /var/folders/gs/5hqh1d793dq8hly3pp8wcxg00000gn/T/tmp5pitwhaz/tmp.ttl --check=false --format ttl` returned non-zero exit status 1.

stderr:

  WARNING: A terminally deprecated method in sun.misc.Unsafe has been called WARNING: sun.misc.Unsafe::objectFieldOffset has been called by com.github.benmanes.caffeine.base.UnsafeAccess (file:/Users/cthoyt/.data/robot/1.9.10/robot.jar) WARNING: Please consider reporting this to the maintainers of class com.github.benmanes.caffeine.base.UnsafeAccess WARNING: sun.misc.Unsafe::objectFieldOffset will be removed in a future release

stdout:

  INVALID ONTOLOGY FILE ERROR Could not load a valid ontology from file: bila.owl For details see: http://robot.obolibrary.org/errors#invalid-ontology-file-error Use the -vvv option to show the stack trace. Use the --help option to see usage information."
brick	https://github.com/BrickSchema/Brick/releases/download/nightly/Brick.ttl	owl	"Command `java -jar /Users/cthoyt/.data/robot/1.9.10/robot.jar convert -i /var/folders/gs/5hqh1d793dq8hly3pp8wcxg00000gn/T/tmptfdxrpuc/Brick.ttl -o /var/folders/gs/5hqh1d793dq8hly3pp8wcxg00000gn/T/tmptfdxrpuc/tmp.ttl --check=false --format ttl` returned non-zero exit status 1.

stderr:

  WARNING: A terminally deprecated method in sun.misc.Unsafe has been called WARNING: sun.misc.Unsafe::objectFieldOffset has been called by com.github.benmanes.caffeine.base.UnsafeAccess (file:/Users/cthoyt/.data/robot/1.9.10/robot.jar) WARNING: Please consider reporting this to the maintainers of class com.github.benmanes.caffeine.base.UnsafeAccess WARNING: sun.misc.Unsafe::objectFieldOffset will be removed in a future release

stdout:

  org.semanticweb.owlapi.model.UnloadableImportException: Could not load imported ontology: <http://data.ashrae.org/bacnet> Cause: Problem parsing http://data.ashrae.org/bacnet Could not parse ontology. Either a suitable parser could not be found, or parsing failed. See parser logs below for explanation. The following parsers were tried: 1) org.semanticweb.owlapi.rdf.rdfxml.parser.RDFXMLParser@18ca9277 2) org.semanticweb.owlapi.owlxml.parser.OWLXMLParser@e5864c2 3) [...]"
caloha	https://raw.githubusercontent.com/calipho-sib/controlled-vocabulary/master/caloha.obo	owl	"Command `java -jar /Users/cthoyt/.data/robot/1.9.10/robot.jar convert -i /var/folders/gs/5hqh1d793dq8hly3pp8wcxg00000gn/T/tmpy0xsx13l/caloha.obo -o /var/folders/gs/5hqh1d793dq8hly3pp8wcxg00000gn/T/tmpy0xsx13l/tmp.ttl --check=false --format ttl` returned non-zero exit status 1.

stderr:

  WARNING: A terminally deprecated method in sun.misc.Unsafe has been called WARNING: sun.misc.Unsafe::objectFieldOffset has been called by com.github.benmanes.caffeine.base.UnsafeAccess (file:/Users/cthoyt/.data/robot/1.9.10/robot.jar) WARNING: Please consider reporting this to the maintainers of class com.github.benmanes.caffeine.base.UnsafeAccess WARNING: sun.misc.Unsafe::objectFieldOffset will be removed in a future release

stdout:

  INVALID ONTOLOGY FILE ERROR Could not load a valid ontology from file: caloha.obo For details see: http://robot.obolibrary.org/errors#invalid-ontology-file-error Use the -vvv option to show the stack trace. Use the --help option to see usage information."
cco	https://www.bio.ntnu.no/ontology/CCO/cco.owl	owl	"Command `java -jar /Users/cthoyt/.data/robot/1.9.10/robot.jar convert -i /var/folders/gs/5hqh1d793dq8hly3pp8wcxg00000gn/T/tmp9cuwnd3s/cco.owl -o /var/folders/gs/5hqh1d793dq8hly3pp8wcxg00000gn/T/tmp9cuwnd3s/tmp.ttl --check=false --format ttl` returned non-zero exit status 1.

stderr:

  WARNING: A terminally deprecated method in sun.misc.Unsafe has been called WARNING: sun.misc.Unsafe::objectFieldOffset has been called by com.github.benmanes.caffeine.base.UnsafeAccess (file:/Users/cthoyt/.data/robot/1.9.10/robot.jar) WARNING: Please consider reporting this to the maintainers of class com.github.benmanes.caffeine.base.UnsafeAccess WARNING: sun.misc.Unsafe::objectFieldOffset will be removed in a future release

stdout:

  INVALID ONTOLOGY FILE ERROR Could not load a valid ontology from file: cco.owl For details see: http://robot.obolibrary.org/errors#invalid-ontology-file-error Use the -vvv option to show the stack trace. Use the --help option to see usage information."
ccso	https://vkreations.github.io/CCSO/CCSO_071owl.owl	owl	"Command `java -jar /Users/cthoyt/.data/robot/1.9.10/robot.jar convert -i /var/folders/gs/5hqh1d793dq8hly3pp8wcxg00000gn/T/tmpev6mzg4w/CCSO_071owl.owl -o /var/folders/gs/5hqh1d793dq8hly3pp8wcxg00000gn/T/tmpev6mzg4w/tmp.ttl --check=false --format ttl` returned non-zero exit status 1.

stderr:

  WARNING: A terminally deprecated method in sun.misc.Unsafe has been called WARNING: sun.misc.Unsafe::objectFieldOffset has been called by com.github.benmanes.caffeine.base.UnsafeAccess (file:/Users/cthoyt/.data/robot/1.9.10/robot.jar) WARNING: Please consider reporting this to the maintainers of class com.github.benmanes.caffeine.base.UnsafeAccess WARNING: sun.misc.Unsafe::objectFieldOffset will be removed in a future release

stdout:

  INVALID ONTOLOGY FILE ERROR Could not load a valid ontology from file: CCSO_071owl.owl For details see: http://robot.obolibrary.org/errors#invalid-ontology-file-error Use the -vvv option to show the stack trace. Use the --help option to see usage information."
ceph	http://purl.obolibrary.org/obo/ceph.owl	owl	"Command `java -jar /Users/cthoyt/.data/robot/1.9.10/robot.jar convert -i /var/folders/gs/5hqh1d793dq8hly3pp8wcxg00000gn/T/tmpak6ei6g3/ceph.owl -o /var/folders/gs/5hqh1d793dq8hly3pp8wcxg00000gn/T/tmpak6ei6g3/tmp.ttl --check=false --format ttl` returned non-zero exit status 1.

stderr:

  WARNING: A terminally deprecated method in sun.misc.Unsafe has been called WARNING: sun.misc.Unsafe::objectFieldOffset has been called by com.github.benmanes.caffeine.base.UnsafeAccess (file:/Users/cthoyt/.data/robot/1.9.10/robot.jar) WARNING: Please consider reporting this to the maintainers of class com.github.benmanes.caffeine.base.UnsafeAccess WARNING: sun.misc.Unsafe::objectFieldOffset will be removed in a future release

stdout:

  org.semanticweb.owlapi.model.UnloadableImportException: Could not load imported ontology: <http://purl.obolibrary.org/obo/ceph/imports/uberon_import.owl> Cause: Problem parsing http://purl.obolibrary.org/obo/ceph/imports/uberon_import.owl Could not parse ontology. Either a suitable parser could not be found, or parsing failed. See parser logs below for explanation. The following parsers were tried: 1) org.semanticweb.owlapi.rdf.rdfxml.parser.RDFXMLParser@5fdfe8cf 2) [...]"
cgo	https://ontology.tno.nl/ddings/Greenhouse_ontology_v1.3.ttl	owl	"Command `java -jar /Users/cthoyt/.data/robot/1.9.10/robot.jar convert -i /var/folders/gs/5hqh1d793dq8hly3pp8wcxg00000gn/T/tmpo6j3lgot/Greenhouse_ontology_v1.3.ttl -o /var/folders/gs/5hqh1d793dq8hly3pp8wcxg00000gn/T/tmpo6j3lgot/tmp.ttl --check=false --format ttl` returned non-zero exit status 1.

stderr:

  WARNING: A terminally deprecated method in sun.misc.Unsafe has been called WARNING: sun.misc.Unsafe::objectFieldOffset has been called by com.github.benmanes.caffeine.base.UnsafeAccess (file:/Users/cthoyt/.data/robot/1.9.10/robot.jar) WARNING: Please consider reporting this to the maintainers of class com.github.benmanes.caffeine.base.UnsafeAccess WARNING: sun.misc.Unsafe::objectFieldOffset will be removed in a future release

stdout:

  org.semanticweb.owlapi.model.UnloadableImportException: Could not load imported ontology: <https://raw.githubusercontent.com/HajoRijgersberg/OM/master/om-2.0.rdf> Cause: Problem parsing https://raw.githubusercontent.com/HajoRijgersberg/OM/master/om-2.0.rdf Could not parse ontology. Either a suitable parser could not be found, or parsing failed. See parser logs below for explanation. The following parsers were tried: 1) org.semanticweb.owlapi.rdf.rdfxml.parser.RDFXMLParser@647b9364 2) [...]"
chebi	http://purl.obolibrary.org/obo/chebi.owl	owl	"Command `java -jar /Users/cthoyt/.data/robot/1.9.10/robot.jar convert -i /var/folders/gs/5hqh1d793dq8hly3pp8wcxg00000gn/T/tmp48fjln32/chebi.owl -o /var/folders/gs/5hqh1d793dq8hly3pp8wcxg00000gn/T/tmp48fjln32/tmp.ttl --check=false --format ttl` returned non-zero exit status 1.

stderr:

  WARNING: A terminally deprecated method in sun.misc.Unsafe has been called WARNING: sun.misc.Unsafe::objectFieldOffset has been called by com.github.benmanes.caffeine.base.UnsafeAccess (file:/Users/cthoyt/.data/robot/1.9.10/robot.jar) WARNING: Please consider reporting this to the maintainers of class com.github.benmanes.caffeine.base.UnsafeAccess WARNING: sun.misc.Unsafe::objectFieldOffset will be removed in a future release

stdout:

  INVALID ONTOLOGY FILE ERROR Could not load a valid ontology from file: chebi.owl For details see: http://robot.obolibrary.org/errors#invalid-ontology-file-error Use the -vvv option to show the stack trace. Use the --help option to see usage information."
chembl.compound	https://w3id.org/biopragmatics/resources/chembl.compound/chembl.compound.owl	owl	"Command `java -jar /Users/cthoyt/.data/robot/1.9.10/robot.jar convert -i /var/folders/gs/5hqh1d793dq8hly3pp8wcxg00000gn/T/tmpl_84ytec/chembl.compound.owl -o /var/folders/gs/5hqh1d793dq8hly3pp8wcxg00000gn/T/tmpl_84ytec/tmp.ttl --check=false --format ttl` returned non-zero exit status 1.

stderr:

  WARNING: A terminally deprecated method in sun.misc.Unsafe has been called WARNING: sun.misc.Unsafe::objectFieldOffset has been called by com.github.benmanes.caffeine.base.UnsafeAccess (file:/Users/cthoyt/.data/robot/1.9.10/robot.jar) WARNING: Please consider reporting this to the maintainers of class com.github.benmanes.caffeine.base.UnsafeAccess WARNING: sun.misc.Unsafe::objectFieldOffset will be removed in a future release

stdout:

  INVALID ONTOLOGY FILE ERROR Could not load a valid ontology from file: chembl.compound.owl For details see: http://robot.obolibrary.org/errors#invalid-ontology-file-error Use the -vvv option to show the stack trace. Use the --help option to see usage information."
chembl.target	https://w3id.org/biopragmatics/resources/chembl.target/chembl.target.owl	owl	"Command `java -jar /Users/cthoyt/.data/robot/1.9.10/robot.jar convert -i /var/folders/gs/5hqh1d793dq8hly3pp8wcxg00000gn/T/tmp8_6o3nj3/chembl.target.owl -o /var/folders/gs/5hqh1d793dq8hly3pp8wcxg00000gn/T/tmp8_6o3nj3/tmp.ttl --check=false --format ttl` returned non-zero exit status 1.

stderr:

  WARNING: A terminally deprecated method in sun.misc.Unsafe has been called WARNING: sun.misc.Unsafe::objectFieldOffset has been called by com.github.benmanes.caffeine.base.UnsafeAccess (file:/Users/cthoyt/.data/robot/1.9.10/robot.jar) WARNING: Please consider reporting this to the maintainers of class com.github.benmanes.caffeine.base.UnsafeAccess WARNING: sun.misc.Unsafe::objectFieldOffset will be removed in a future release

stdout:

  INVALID ONTOLOGY FILE ERROR Could not load a valid ontology from file: chembl.target.owl For details see: http://robot.obolibrary.org/errors#invalid-ontology-file-error Use the -vvv option to show the stack trace. Use the --help option to see usage information."
chemfont.ontology	https://www.chemfont.ca/system/downloads/1.0/chemfont.owl.zip	owl	"Command `java -jar /Users/cthoyt/.data/robot/1.9.10/robot.jar convert -i /var/folders/gs/5hqh1d793dq8hly3pp8wcxg00000gn/T/tmp68h4alyu/chemfont.owl.zip -o /var/folders/gs/5hqh1d793dq8hly3pp8wcxg00000gn/T/tmp68h4alyu/tmp.ttl --check=false --format ttl` returned non-zero exit status 1.

stderr:

  WARNING: A terminally deprecated method in sun.misc.Unsafe has been called WARNING: sun.misc.Unsafe::objectFieldOffset has been called by com.github.benmanes.caffeine.base.UnsafeAccess (file:/Users/cthoyt/.data/robot/1.9.10/robot.jar) WARNING: Please consider reporting this to the maintainers of class com.github.benmanes.caffeine.base.UnsafeAccess WARNING: sun.misc.Unsafe::objectFieldOffset will be removed in a future release

stdout:

  INVALID ONTOLOGY FILE ERROR Could not load a valid ontology from file: chemfont.owl.zip For details see: http://robot.obolibrary.org/errors#invalid-ontology-file-error Use the -vvv option to show the stack trace. Use the --help option to see usage information."
cido	https://github.com/CIDO-ontology/cido/raw/master/cido.owl	owl	"Command `java -jar /Users/cthoyt/.data/robot/1.9.10/robot.jar convert -i /var/folders/gs/5hqh1d793dq8hly3pp8wcxg00000gn/T/tmp2w0pjf5l/cido.owl -o /var/folders/gs/5hqh1d793dq8hly3pp8wcxg00000gn/T/tmp2w0pjf5l/tmp.ttl --check=false --format ttl` returned non-zero exit status 1.

stderr:

  WARNING: A terminally deprecated method in sun.misc.Unsafe has been called WARNING: sun.misc.Unsafe::objectFieldOffset has been called by com.github.benmanes.caffeine.base.UnsafeAccess (file:/Users/cthoyt/.data/robot/1.9.10/robot.jar) WARNING: Please consider reporting this to the maintainers of class com.github.benmanes.caffeine.base.UnsafeAccess WARNING: sun.misc.Unsafe::objectFieldOffset will be removed in a future release

stdout:

  INVALID ONTOLOGY FILE ERROR Could not load a valid ontology from file: cido.owl For details see: http://robot.obolibrary.org/errors#invalid-ontology-file-error Use the -vvv option to show the stack trace. Use the --help option to see usage information."
cito	https://github.com/SPAROntologies/cito/raw/refs/heads/master/docs/current/cito.owl	owl	"Command `java -jar /Users/cthoyt/.data/robot/1.9.10/robot.jar convert -i /var/folders/gs/5hqh1d793dq8hly3pp8wcxg00000gn/T/tmp6i79b064/cito.owl -o /var/folders/gs/5hqh1d793dq8hly3pp8wcxg00000gn/T/tmp6i79b064/tmp.ttl --check=false --format ttl` returned non-zero exit status 1.

stderr:

  WARNING: A terminally deprecated method in sun.misc.Unsafe has been called WARNING: sun.misc.Unsafe::objectFieldOffset has been called by com.github.benmanes.caffeine.base.UnsafeAccess (file:/Users/cthoyt/.data/robot/1.9.10/robot.jar) WARNING: Please consider reporting this to the maintainers of class com.github.benmanes.caffeine.base.UnsafeAccess WARNING: sun.misc.Unsafe::objectFieldOffset will be removed in a future release

stdout:

  INVALID ONTOLOGY FILE ERROR Could not load a valid ontology from file: cito.owl For details see: http://robot.obolibrary.org/errors#invalid-ontology-file-error Use the -vvv option to show the stack trace. Use the --help option to see usage information."
civic.gid	https://w3id.org/biopragmatics/resources/civic.gid/civic.gid.owl	owl	"Command `java -jar /Users/cthoyt/.data/robot/1.9.10/robot.jar convert -i /var/folders/gs/5hqh1d793dq8hly3pp8wcxg00000gn/T/tmppxfa0qnl/civic.gid.owl -o /var/folders/gs/5hqh1d793dq8hly3pp8wcxg00000gn/T/tmppxfa0qnl/tmp.ttl --check=false --format ttl` returned non-zero exit status 1.

stderr:

  WARNING: A terminally deprecated method in sun.misc.Unsafe has been called WARNING: sun.misc.Unsafe::objectFieldOffset has been called by com.github.benmanes.caffeine.base.UnsafeAccess (file:/Users/cthoyt/.data/robot/1.9.10/robot.jar) WARNING: Please consider reporting this to the maintainers of class com.github.benmanes.caffeine.base.UnsafeAccess WARNING: sun.misc.Unsafe::objectFieldOffset will be removed in a future release

stdout:

  INVALID ONTOLOGY FILE ERROR Could not load a valid ontology from file: civic.gid.owl For details see: http://robot.obolibrary.org/errors#invalid-ontology-file-error Use the -vvv option to show the stack trace. Use the --help option to see usage information."
cl	http://purl.obolibrary.org/obo/cl.owl	owl	"Command `java -jar /Users/cthoyt/.data/robot/1.9.10/robot.jar convert -i /var/folders/gs/5hqh1d793dq8hly3pp8wcxg00000gn/T/tmpu3w7p35r/cl.owl -o /var/folders/gs/5hqh1d793dq8hly3pp8wcxg00000gn/T/tmpu3w7p35r/tmp.ttl --check=false --format ttl` returned non-zero exit status 1.

stderr:

  WARNING: A terminally deprecated method in sun.misc.Unsafe has been called WARNING: sun.misc.Unsafe::objectFieldOffset has been called by com.github.benmanes.caffeine.base.UnsafeAccess (file:/Users/cthoyt/.data/robot/1.9.10/robot.jar) WARNING: Please consider reporting this to the maintainers of class com.github.benmanes.caffeine.base.UnsafeAccess WARNING: sun.misc.Unsafe::objectFieldOffset will be removed in a future release

stdout:

  INVALID ONTOLOGY FILE ERROR Could not load a valid ontology from file: cl.owl For details see: http://robot.obolibrary.org/errors#invalid-ontology-file-error Use the -vvv option to show the stack trace. Use the --help option to see usage information."
classyfire	http://classyfire.wishartlab.com/system/downloads/1_0/chemont/ChemOnt_2_1.obo.zip	owl	"Command `java -jar /Users/cthoyt/.data/robot/1.9.10/robot.jar convert -i /var/folders/gs/5hqh1d793dq8hly3pp8wcxg00000gn/T/tmp38d7j1wt/ChemOnt_2_1.obo.zip -o /var/folders/gs/5hqh1d793dq8hly3pp8wcxg00000gn/T/tmp38d7j1wt/tmp.ttl --check=false --format ttl` returned non-zero exit status 1.

stderr:

  WARNING: A terminally deprecated method in sun.misc.Unsafe has been called WARNING: sun.misc.Unsafe::objectFieldOffset has been called by com.github.benmanes.caffeine.base.UnsafeAccess (file:/Users/cthoyt/.data/robot/1.9.10/robot.jar) WARNING: Please consider reporting this to the maintainers of class com.github.benmanes.caffeine.base.UnsafeAccess WARNING: sun.misc.Unsafe::objectFieldOffset will be removed in a future release

stdout:

  INVALID ONTOLOGY FILE ERROR Could not load a valid ontology from file: ChemOnt_2_1.obo.zip For details see: http://robot.obolibrary.org/errors#invalid-ontology-file-error Use the -vvv option to show the stack trace. Use the --help option to see usage information."
clinicaltrials	https://w3id.org/biopragmatics/resources/clinicaltrials/clinicaltrials.owl.gz	owl	"Command `java -jar /Users/cthoyt/.data/robot/1.9.10/robot.jar convert -i /var/folders/gs/5hqh1d793dq8hly3pp8wcxg00000gn/T/tmpjsrpjanh/clinicaltrials.owl.gz -o /var/folders/gs/5hqh1d793dq8hly3pp8wcxg00000gn/T/tmpjsrpjanh/tmp.ttl --check=false --format ttl` returned non-zero exit status 1.

stderr:

  WARNING: A terminally deprecated method in sun.misc.Unsafe has been called WARNING: sun.misc.Unsafe::objectFieldOffset has been called by com.github.benmanes.caffeine.base.UnsafeAccess (file:/Users/cthoyt/.data/robot/1.9.10/robot.jar) WARNING: Please consider reporting this to the maintainers of class com.github.benmanes.caffeine.base.UnsafeAccess WARNING: sun.misc.Unsafe::objectFieldOffset will be removed in a future release

stdout:

  Not in GZIP format Use the -vvv option to show the stack trace. Use the --help option to see usage information."
clm	https://github.com/Cellular-Semantics/CellMark/raw/refs/heads/main/clm.owl	owl	"Command `java -jar /Users/cthoyt/.data/robot/1.9.10/robot.jar convert -i /var/folders/gs/5hqh1d793dq8hly3pp8wcxg00000gn/T/tmpriydqw2s/clm.owl -o /var/folders/gs/5hqh1d793dq8hly3pp8wcxg00000gn/T/tmpriydqw2s/tmp.ttl --check=false --format ttl` returned non-zero exit status 1.

stderr:

  WARNING: A terminally deprecated method in sun.misc.Unsafe has been called WARNING: sun.misc.Unsafe::objectFieldOffset has been called by com.github.benmanes.caffeine.base.UnsafeAccess (file:/Users/cthoyt/.data/robot/1.9.10/robot.jar) WARNING: Please consider reporting this to the maintainers of class com.github.benmanes.caffeine.base.UnsafeAccess WARNING: sun.misc.Unsafe::objectFieldOffset will be removed in a future release

stdout:

  INVALID ONTOLOGY FILE ERROR Could not load a valid ontology from file: clm.owl For details see: http://robot.obolibrary.org/errors#invalid-ontology-file-error Use the -vvv option to show the stack trace. Use the --help option to see usage information."
co	https://github.com/collections-ontology/collections-ontology/raw/refs/heads/master/collections.owl	owl	"Command `java -jar /Users/cthoyt/.data/robot/1.9.10/robot.jar convert -i /var/folders/gs/5hqh1d793dq8hly3pp8wcxg00000gn/T/tmpjhr25d16/collections.owl -o /var/folders/gs/5hqh1d793dq8hly3pp8wcxg00000gn/T/tmpjhr25d16/tmp.ttl --check=false --format ttl` returned non-zero exit status 1.

stderr:

  WARNING: A terminally deprecated method in sun.misc.Unsafe has been called WARNING: sun.misc.Unsafe::objectFieldOffset has been called by com.github.benmanes.caffeine.base.UnsafeAccess (file:/Users/cthoyt/.data/robot/1.9.10/robot.jar) WARNING: Please consider reporting this to the maintainers of class com.github.benmanes.caffeine.base.UnsafeAccess WARNING: sun.misc.Unsafe::objectFieldOffset will be removed in a future release

stdout:

  INVALID ONTOLOGY FILE ERROR Could not load a valid ontology from file: collections.owl For details see: http://robot.obolibrary.org/errors#invalid-ontology-file-error Use the -vvv option to show the stack trace. Use the --help option to see usage information."
co_357	http://cropontology.org/rdf/CO_357.owl	owl	"Command `java -jar /Users/cthoyt/.data/robot/1.9.10/robot.jar convert -i /var/folders/gs/5hqh1d793dq8hly3pp8wcxg00000gn/T/tmpujdfywre/CO_357.owl -o /var/folders/gs/5hqh1d793dq8hly3pp8wcxg00000gn/T/tmpujdfywre/tmp.ttl --check=false --format ttl` returned non-zero exit status 1.

stderr:

  WARNING: A terminally deprecated method in sun.misc.Unsafe has been called WARNING: sun.misc.Unsafe::objectFieldOffset has been called by com.github.benmanes.caffeine.base.UnsafeAccess (file:/Users/cthoyt/.data/robot/1.9.10/robot.jar) WARNING: Please consider reporting this to the maintainers of class com.github.benmanes.caffeine.base.UnsafeAccess WARNING: sun.misc.Unsafe::objectFieldOffset will be removed in a future release

stdout:

  INVALID ONTOLOGY FILE ERROR Could not load a valid ontology from file: CO_357.owl For details see: http://robot.obolibrary.org/errors#invalid-ontology-file-error Use the -vvv option to show the stack trace. Use the --help option to see usage information."
complexportal	https://w3id.org/biopragmatics/resources/complexportal/complexportal.owl	owl	"Command `java -jar /Users/cthoyt/.data/robot/1.9.10/robot.jar convert -i /var/folders/gs/5hqh1d793dq8hly3pp8wcxg00000gn/T/tmpoi0vk_nb/complexportal.owl -o /var/folders/gs/5hqh1d793dq8hly3pp8wcxg00000gn/T/tmpoi0vk_nb/tmp.ttl --check=false --format ttl` returned non-zero exit status 1.

stderr:

  WARNING: A terminally deprecated method in sun.misc.Unsafe has been called WARNING: sun.misc.Unsafe::objectFieldOffset has been called by com.github.benmanes.caffeine.base.UnsafeAccess (file:/Users/cthoyt/.data/robot/1.9.10/robot.jar) WARNING: Please consider reporting this to the maintainers of class com.github.benmanes.caffeine.base.UnsafeAccess WARNING: sun.misc.Unsafe::objectFieldOffset will be removed in a future release

stdout:

  INVALID ONTOLOGY FILE ERROR Could not load a valid ontology from file: complexportal.owl For details see: http://robot.obolibrary.org/errors#invalid-ontology-file-error Use the -vvv option to show the stack trace. Use the --help option to see usage information."
cso	https://cso.kmi.open.ac.uk/download/version-3.5/CSO.3.5.owl.zip	owl	"Command `java -jar /Users/cthoyt/.data/robot/1.9.10/robot.jar convert -i /var/folders/gs/5hqh1d793dq8hly3pp8wcxg00000gn/T/tmpbsnfmsvb/CSO.3.5.owl.zip -o /var/folders/gs/5hqh1d793dq8hly3pp8wcxg00000gn/T/tmpbsnfmsvb/tmp.ttl --check=false --format ttl` returned non-zero exit status 1.

stderr:

  WARNING: A terminally deprecated method in sun.misc.Unsafe has been called WARNING: sun.misc.Unsafe::objectFieldOffset has been called by com.github.benmanes.caffeine.base.UnsafeAccess (file:/Users/cthoyt/.data/robot/1.9.10/robot.jar) WARNING: Please consider reporting this to the maintainers of class com.github.benmanes.caffeine.base.UnsafeAccess WARNING: sun.misc.Unsafe::objectFieldOffset will be removed in a future release

stdout:

  INVALID ONTOLOGY FILE ERROR Could not load a valid ontology from file: CSO.3.5.owl.zip For details see: http://robot.obolibrary.org/errors#invalid-ontology-file-error Use the -vvv option to show the stack trace. Use the --help option to see usage information."
ddi	http://aber-owl.net/media/ontologies/DDI/1/ddi.owl	owl	"Command `java -jar /Users/cthoyt/.data/robot/1.9.10/robot.jar convert -i /var/folders/gs/5hqh1d793dq8hly3pp8wcxg00000gn/T/tmpt4kr54mw/ddi.owl -o /var/folders/gs/5hqh1d793dq8hly3pp8wcxg00000gn/T/tmpt4kr54mw/tmp.ttl --check=false --format ttl` returned non-zero exit status 1.

stderr:

  WARNING: A terminally deprecated method in sun.misc.Unsafe has been called WARNING: sun.misc.Unsafe::objectFieldOffset has been called by com.github.benmanes.caffeine.base.UnsafeAccess (file:/Users/cthoyt/.data/robot/1.9.10/robot.jar) WARNING: Please consider reporting this to the maintainers of class com.github.benmanes.caffeine.base.UnsafeAccess WARNING: sun.misc.Unsafe::objectFieldOffset will be removed in a future release

stdout:

  org.semanticweb.owlapi.model.UnloadableImportException: Could not load imported ontology: <http://purl.obolibrary.org/obo/iao/dev/external.owl> Cause: https://raw.githubusercontent.com/information-artifact-ontology/IAO/master/src/ontology/external.owl Use the -vvv option to show the stack trace. Use the --help option to see usage information."
dinto	http://purl.obolibrary.org/obo/dinto.owl	owl	"Command `java -jar /Users/cthoyt/.data/robot/1.9.10/robot.jar convert -i /var/folders/gs/5hqh1d793dq8hly3pp8wcxg00000gn/T/tmp777tushv/dinto.owl -o /var/folders/gs/5hqh1d793dq8hly3pp8wcxg00000gn/T/tmp777tushv/tmp.ttl --check=false --format ttl` returned non-zero exit status 1.

stderr:

  WARNING: A terminally deprecated method in sun.misc.Unsafe has been called WARNING: sun.misc.Unsafe::objectFieldOffset has been called by com.github.benmanes.caffeine.base.UnsafeAccess (file:/Users/cthoyt/.data/robot/1.9.10/robot.jar) WARNING: Please consider reporting this to the maintainers of class com.github.benmanes.caffeine.base.UnsafeAccess WARNING: sun.misc.Unsafe::objectFieldOffset will be removed in a future release

stdout:

  INVALID ONTOLOGY FILE ERROR Could not load a valid ontology from file: dinto.owl For details see: http://robot.obolibrary.org/errors#invalid-ontology-file-error Use the -vvv option to show the stack trace. Use the --help option to see usage information."
doap	http://usefulinc.com/ns/doap	owl	Failed with requests to download http://usefulinc.com/ns/doap to /private/var/folders/gs/5hqh1d793dq8hly3pp8wcxg00000gn/T/tmpujdv4qry/doap
ecg	http://aber-owl.net/media/ontologies/ECG/1/ecg.owl	owl	"Command `java -jar /Users/cthoyt/.data/robot/1.9.10/robot.jar convert -i /var/folders/gs/5hqh1d793dq8hly3pp8wcxg00000gn/T/tmp1gew6bvd/ecg.owl -o /var/folders/gs/5hqh1d793dq8hly3pp8wcxg00000gn/T/tmp1gew6bvd/tmp.ttl --check=false --format ttl` returned non-zero exit status 1.

stderr:

  WARNING: A terminally deprecated method in sun.misc.Unsafe has been called WARNING: sun.misc.Unsafe::objectFieldOffset has been called by com.github.benmanes.caffeine.base.UnsafeAccess (file:/Users/cthoyt/.data/robot/1.9.10/robot.jar) WARNING: Please consider reporting this to the maintainers of class com.github.benmanes.caffeine.base.UnsafeAccess WARNING: sun.misc.Unsafe::objectFieldOffset will be removed in a future release

stdout:

  INVALID ONTOLOGY FILE ERROR Could not load a valid ontology from file: ecg.owl For details see: http://robot.obolibrary.org/errors#invalid-ontology-file-error Use the -vvv option to show the stack trace. Use the --help option to see usage information."
ecso	https://raw.githubusercontent.com/DataONEorg/sem-prov-ontologies/run4/observation/d1-ECSO.owl	owl	"Command `java -jar /Users/cthoyt/.data/robot/1.9.10/robot.jar convert -i /var/folders/gs/5hqh1d793dq8hly3pp8wcxg00000gn/T/tmp3pd7d_6z/d1-ECSO.owl -o /var/folders/gs/5hqh1d793dq8hly3pp8wcxg00000gn/T/tmp3pd7d_6z/tmp.ttl --check=false --format ttl` returned non-zero exit status 1.

stderr:

  WARNING: A terminally deprecated method in sun.misc.Unsafe has been called WARNING: sun.misc.Unsafe::objectFieldOffset has been called by com.github.benmanes.caffeine.base.UnsafeAccess (file:/Users/cthoyt/.data/robot/1.9.10/robot.jar) WARNING: Please consider reporting this to the maintainers of class com.github.benmanes.caffeine.base.UnsafeAccess WARNING: sun.misc.Unsafe::objectFieldOffset will be removed in a future release

stdout:

  org.semanticweb.owlapi.model.UnloadableImportException: Could not load imported ontology: <http://purl.dataone.org/odo/ECSO_/ENVO_import.owl> Cause: Server returned HTTP response code: 403 for URL: http://bioportal.bioontology.org/ontologies/ECSO/?p=classes&conceptid=http://purl.dataone.org/odo/ECSO_/ENVO_import.owl Use the -vvv option to show the stack trace. Use the --help option to see usage information."
edam.data	https://github.com/edamontology/edamontology/raw/main/releases/EDAM.obo	owl	"Command `java -jar /Users/cthoyt/.data/robot/1.9.10/robot.jar convert -i /var/folders/gs/5hqh1d793dq8hly3pp8wcxg00000gn/T/tmpibcr1pbq/EDAM.obo -o /var/folders/gs/5hqh1d793dq8hly3pp8wcxg00000gn/T/tmpibcr1pbq/tmp.ttl --check=false --format ttl` returned non-zero exit status 1.

stderr:

  WARNING: A terminally deprecated method in sun.misc.Unsafe has been called WARNING: sun.misc.Unsafe::objectFieldOffset has been called by com.github.benmanes.caffeine.base.UnsafeAccess (file:/Users/cthoyt/.data/robot/1.9.10/robot.jar) WARNING: Please consider reporting this to the maintainers of class com.github.benmanes.caffeine.base.UnsafeAccess WARNING: sun.misc.Unsafe::objectFieldOffset will be removed in a future release

stdout:

  INVALID ONTOLOGY FILE ERROR Could not load a valid ontology from file: EDAM.obo For details see: http://robot.obolibrary.org/errors#invalid-ontology-file-error Use the -vvv option to show the stack trace. Use the --help option to see usage information."
edam.format	https://github.com/edamontology/edamontology/raw/main/releases/EDAM.obo	owl	"Command `java -jar /Users/cthoyt/.data/robot/1.9.10/robot.jar convert -i /var/folders/gs/5hqh1d793dq8hly3pp8wcxg00000gn/T/tmp6r1ay0lj/EDAM.obo -o /var/folders/gs/5hqh1d793dq8hly3pp8wcxg00000gn/T/tmp6r1ay0lj/tmp.ttl --check=false --format ttl` returned non-zero exit status 1.

stderr:

  WARNING: A terminally deprecated method in sun.misc.Unsafe has been called WARNING: sun.misc.Unsafe::objectFieldOffset has been called by com.github.benmanes.caffeine.base.UnsafeAccess (file:/Users/cthoyt/.data/robot/1.9.10/robot.jar) WARNING: Please consider reporting this to the maintainers of class com.github.benmanes.caffeine.base.UnsafeAccess WARNING: sun.misc.Unsafe::objectFieldOffset will be removed in a future release

stdout:

  INVALID ONTOLOGY FILE ERROR Could not load a valid ontology from file: EDAM.obo For details see: http://robot.obolibrary.org/errors#invalid-ontology-file-error Use the -vvv option to show the stack trace. Use the --help option to see usage information."
edam.operation	https://github.com/edamontology/edamontology/raw/main/releases/EDAM.obo	owl	"Command `java -jar /Users/cthoyt/.data/robot/1.9.10/robot.jar convert -i /var/folders/gs/5hqh1d793dq8hly3pp8wcxg00000gn/T/tmpng8sokdo/EDAM.obo -o /var/folders/gs/5hqh1d793dq8hly3pp8wcxg00000gn/T/tmpng8sokdo/tmp.ttl --check=false --format ttl` returned non-zero exit status 1.

stderr:

  WARNING: A terminally deprecated method in sun.misc.Unsafe has been called WARNING: sun.misc.Unsafe::objectFieldOffset has been called by com.github.benmanes.caffeine.base.UnsafeAccess (file:/Users/cthoyt/.data/robot/1.9.10/robot.jar) WARNING: Please consider reporting this to the maintainers of class com.github.benmanes.caffeine.base.UnsafeAccess WARNING: sun.misc.Unsafe::objectFieldOffset will be removed in a future release

stdout:

  INVALID ONTOLOGY FILE ERROR Could not load a valid ontology from file: EDAM.obo For details see: http://robot.obolibrary.org/errors#invalid-ontology-file-error Use the -vvv option to show the stack trace. Use the --help option to see usage information."
edam.topic	https://github.com/edamontology/edamontology/raw/main/releases/EDAM.obo	owl	"Command `java -jar /Users/cthoyt/.data/robot/1.9.10/robot.jar convert -i /var/folders/gs/5hqh1d793dq8hly3pp8wcxg00000gn/T/tmp3c123lvg/EDAM.obo -o /var/folders/gs/5hqh1d793dq8hly3pp8wcxg00000gn/T/tmp3c123lvg/tmp.ttl --check=false --format ttl` returned non-zero exit status 1.

stderr:

  WARNING: A terminally deprecated method in sun.misc.Unsafe has been called WARNING: sun.misc.Unsafe::objectFieldOffset has been called by com.github.benmanes.caffeine.base.UnsafeAccess (file:/Users/cthoyt/.data/robot/1.9.10/robot.jar) WARNING: Please consider reporting this to the maintainers of class com.github.benmanes.caffeine.base.UnsafeAccess WARNING: sun.misc.Unsafe::objectFieldOffset will be removed in a future release

stdout:

  INVALID ONTOLOGY FILE ERROR Could not load a valid ontology from file: EDAM.obo For details see: http://robot.obolibrary.org/errors#invalid-ontology-file-error Use the -vvv option to show the stack trace. Use the --help option to see usage information."
edda	http://aber-owl.net/media/ontologies/EDDA/1/edda.owl	owl	"Command `java -jar /Users/cthoyt/.data/robot/1.9.10/robot.jar convert -i /var/folders/gs/5hqh1d793dq8hly3pp8wcxg00000gn/T/tmpbxgdzeum/edda.owl -o /var/folders/gs/5hqh1d793dq8hly3pp8wcxg00000gn/T/tmpbxgdzeum/tmp.ttl --check=false --format ttl` returned non-zero exit status 1.

stderr:

  WARNING: A terminally deprecated method in sun.misc.Unsafe has been called WARNING: sun.misc.Unsafe::objectFieldOffset has been called by com.github.benmanes.caffeine.base.UnsafeAccess (file:/Users/cthoyt/.data/robot/1.9.10/robot.jar) WARNING: Please consider reporting this to the maintainers of class com.github.benmanes.caffeine.base.UnsafeAccess WARNING: sun.misc.Unsafe::objectFieldOffset will be removed in a future release

stdout:

  org.semanticweb.owlapi.model.UnloadableImportException: Could not load imported ontology: <http://ontologies.dbmi.pitt.edu/edda/TermMapping.owl> Cause: ontologies.dbmi.pitt.edu Use the -vvv option to show the stack trace. Use the --help option to see usage information."
edm.fibo	https://raw.githubusercontent.com/edmcouncil/fibo/refs/heads/master/AboutFIBOProd.rdf	owl	"Command `java -jar /Users/cthoyt/.data/robot/1.9.10/robot.jar convert -i /var/folders/gs/5hqh1d793dq8hly3pp8wcxg00000gn/T/tmpom5t1ykw/AboutFIBOProd.rdf -o /var/folders/gs/5hqh1d793dq8hly3pp8wcxg00000gn/T/tmpom5t1ykw/tmp.ttl --check=false --format ttl` returned non-zero exit status 1.

stderr:

  WARNING: A terminally deprecated method in sun.misc.Unsafe has been called WARNING: sun.misc.Unsafe::objectFieldOffset has been called by com.github.benmanes.caffeine.base.UnsafeAccess (file:/Users/cthoyt/.data/robot/1.9.10/robot.jar) WARNING: Please consider reporting this to the maintainers of class com.github.benmanes.caffeine.base.UnsafeAccess WARNING: sun.misc.Unsafe::objectFieldOffset will be removed in a future release

stdout:

  org.semanticweb.owlapi.model.UnloadableImportException: Could not load imported ontology: <https://www.omg.org/spec/LCC/Countries/ISO3166-1-CountryCodes/> Cause: Problem parsing https://www.omg.org/spec/LCC/Countries/ISO3166-1-CountryCodes/ Could not parse ontology. Either a suitable parser could not be found, or parsing failed. See parser logs below for explanation. The following parsers were tried: 1) org.semanticweb.owlapi.rdf.rdfxml.parser.RDFXMLParser@587400a9 2) [...]"
emmo.cif	https://raw.githubusercontent.com/emmo-repo/CIF-ontology/main/ontology/cif-core.ttl	owl	"Command `java -jar /Users/cthoyt/.data/robot/1.9.10/robot.jar convert -i /var/folders/gs/5hqh1d793dq8hly3pp8wcxg00000gn/T/tmppqae8rwz/cif-core.ttl -o /var/folders/gs/5hqh1d793dq8hly3pp8wcxg00000gn/T/tmppqae8rwz/tmp.ttl --check=false --format ttl` returned non-zero exit status 1.

stderr:

  WARNING: A terminally deprecated method in sun.misc.Unsafe has been called WARNING: sun.misc.Unsafe::objectFieldOffset has been called by com.github.benmanes.caffeine.base.UnsafeAccess (file:/Users/cthoyt/.data/robot/1.9.10/robot.jar) WARNING: Please consider reporting this to the maintainers of class com.github.benmanes.caffeine.base.UnsafeAccess WARNING: sun.misc.Unsafe::objectFieldOffset will be removed in a future release

stdout:

  org.semanticweb.owlapi.model.UnloadableImportException: Could not load imported ontology: <http://emmo.info/emmo/cif-ddl> Cause: (certificate_expired) PKIX path validation failed: java.security.cert.CertPathValidatorException: validity check failed Use the -vvv option to show the stack trace. Use the --help option to see usage information."
energymarketroles	https://innoweb.mondragon.edu/ontologies/dabgeo/common-domain/energymarketroles/1.0/ontology.ttl	owl	"Command `java -jar /Users/cthoyt/.data/robot/1.9.10/robot.jar convert -i /var/folders/gs/5hqh1d793dq8hly3pp8wcxg00000gn/T/tmpfp9itzcd/ontology.ttl -o /var/folders/gs/5hqh1d793dq8hly3pp8wcxg00000gn/T/tmpfp9itzcd/tmp.ttl --check=false --format ttl` returned non-zero exit status 1.

stderr:

  WARNING: A terminally deprecated method in sun.misc.Unsafe has been called WARNING: sun.misc.Unsafe::objectFieldOffset has been called by com.github.benmanes.caffeine.base.UnsafeAccess (file:/Users/cthoyt/.data/robot/1.9.10/robot.jar) WARNING: Please consider reporting this to the maintainers of class com.github.benmanes.caffeine.base.UnsafeAccess WARNING: sun.misc.Unsafe::objectFieldOffset will be removed in a future release

stdout:

  org.semanticweb.owlapi.model.UnloadableImportException: Could not load imported ontology: <http://www.purl.org/dabgeo/common-domain/actor> Cause: Problem parsing http://www.purl.org/dabgeo/common-domain/actor Could not parse ontology. Either a suitable parser could not be found, or parsing failed. See parser logs below for explanation. The following parsers were tried: 1) org.semanticweb.owlapi.rdf.rdfxml.parser.RDFXMLParser@5246a3b3 2) [...]"
enm	http://enanomapper.github.io/ontologies/enanomapper.owl	owl	"Command `java -jar /Users/cthoyt/.data/robot/1.9.10/robot.jar convert -i /var/folders/gs/5hqh1d793dq8hly3pp8wcxg00000gn/T/tmp0gfit2za/enanomapper.owl -o /var/folders/gs/5hqh1d793dq8hly3pp8wcxg00000gn/T/tmp0gfit2za/tmp.ttl --check=false --format ttl` returned non-zero exit status 1.

stderr:

  WARNING: A terminally deprecated method in sun.misc.Unsafe has been called WARNING: sun.misc.Unsafe::objectFieldOffset has been called by com.github.benmanes.caffeine.base.UnsafeAccess (file:/Users/cthoyt/.data/robot/1.9.10/robot.jar) WARNING: Please consider reporting this to the maintainers of class com.github.benmanes.caffeine.base.UnsafeAccess WARNING: sun.misc.Unsafe::objectFieldOffset will be removed in a future release

stdout:

  org.semanticweb.owlapi.model.UnloadableImportException: Could not load imported ontology: <http://enanomapper.github.io/ontologies/external/ncit-slim.owl> Cause: Problem parsing http://enanomapper.github.io/ontologies/external/ncit-slim.owl Could not parse ontology. Either a suitable parser could not be found, or parsing failed. See parser logs below for explanation. The following parsers were tried: 1) org.semanticweb.owlapi.rdf.rdfxml.parser.RDFXMLParser@670d0f14 2) [...]"
eol	http://sicpa-web.cati.inrae.fr/ontologies/visualisation/ontologie/atol/creation_fichier_owl.php?filename=eol.owl	owl	Failed with requests to download http://sicpa-web.cati.inrae.fr/ontologies/visualisation/ontologie/atol/creation_fichier_owl.php?filename=eol.owl to /private/var/folders/gs/5hqh1d793dq8hly3pp8wcxg00000gn/T/tmptuj1yalk/creation_fichier_owl.php
ero	http://purl.obolibrary.org/obo/ero.owl	owl	Failed with requests to download http://purl.obolibrary.org/obo/ero.owl to /private/var/folders/gs/5hqh1d793dq8hly3pp8wcxg00000gn/T/tmp0h_s_brj/ero.owl
fbsp	http://purl.obolibrary.org/obo/fbsp.owl	owl	"Command `java -jar /Users/cthoyt/.data/robot/1.9.10/robot.jar convert -i /var/folders/gs/5hqh1d793dq8hly3pp8wcxg00000gn/T/tmpgmz2u_ui/fbsp.owl -o /var/folders/gs/5hqh1d793dq8hly3pp8wcxg00000gn/T/tmpgmz2u_ui/tmp.ttl --check=false --format ttl` returned non-zero exit status 1.

stderr:

  WARNING: A terminally deprecated method in sun.misc.Unsafe has been called WARNING: sun.misc.Unsafe::objectFieldOffset has been called by com.github.benmanes.caffeine.base.UnsafeAccess (file:/Users/cthoyt/.data/robot/1.9.10/robot.jar) WARNING: Please consider reporting this to the maintainers of class com.github.benmanes.caffeine.base.UnsafeAccess WARNING: sun.misc.Unsafe::objectFieldOffset will be removed in a future release

stdout:

  INVALID ONTOLOGY FILE ERROR Could not load a valid ontology from file: fbsp.owl For details see: http://robot.obolibrary.org/errors#invalid-ontology-file-error Use the -vvv option to show the stack trace. Use the --help option to see usage information."
flu	http://purl.obolibrary.org/obo/flu.owl	owl	"Command `java -jar /Users/cthoyt/.data/robot/1.9.10/robot.jar convert -i /var/folders/gs/5hqh1d793dq8hly3pp8wcxg00000gn/T/tmp09nf3_eg/flu.owl -o /var/folders/gs/5hqh1d793dq8hly3pp8wcxg00000gn/T/tmp09nf3_eg/tmp.ttl --check=false --format ttl` returned non-zero exit status 1.

stderr:

  WARNING: A terminally deprecated method in sun.misc.Unsafe has been called WARNING: sun.misc.Unsafe::objectFieldOffset has been called by com.github.benmanes.caffeine.base.UnsafeAccess (file:/Users/cthoyt/.data/robot/1.9.10/robot.jar) WARNING: Please consider reporting this to the maintainers of class com.github.benmanes.caffeine.base.UnsafeAccess WARNING: sun.misc.Unsafe::objectFieldOffset will be removed in a future release

stdout:

  org.semanticweb.owlapi.model.UnloadableImportException: Could not load imported ontology: <http://purl.obolibrary.org/obo/iao/dev/import-OBO.owl> Cause: https://raw.githubusercontent.com/information-artifact-ontology/IAO/master/src/ontology/import-OBO.owl Use the -vvv option to show the stack trace. Use the --help option to see usage information."
frbrer	http://iflastandards.info/ns/fr/frbr/frbrer.jsonld	json-ld	HTTP Error 404: Not Found
gainesville.core	http://ontologies.makolab.com/gc06/gc.owl	owl	Failed with requests to download http://ontologies.makolab.com/gc06/gc.owl to /private/var/folders/gs/5hqh1d793dq8hly3pp8wcxg00000gn/T/tmpd4dks571/gc.owl
geonames.ontology	https://www.geonames.org/ontology/ontology_v3.3.rdf	owl	"Command `java -jar /Users/cthoyt/.data/robot/1.9.10/robot.jar convert -i /var/folders/gs/5hqh1d793dq8hly3pp8wcxg00000gn/T/tmpi9v_8g24/ontology_v3.3.rdf -o /var/folders/gs/5hqh1d793dq8hly3pp8wcxg00000gn/T/tmpi9v_8g24/tmp.ttl --check=false --format ttl` returned non-zero exit status 1.

stderr:

  WARNING: A terminally deprecated method in sun.misc.Unsafe has been called WARNING: sun.misc.Unsafe::objectFieldOffset has been called by com.github.benmanes.caffeine.base.UnsafeAccess (file:/Users/cthoyt/.data/robot/1.9.10/robot.jar) WARNING: Please consider reporting this to the maintainers of class com.github.benmanes.caffeine.base.UnsafeAccess WARNING: sun.misc.Unsafe::objectFieldOffset will be removed in a future release

stdout:

  org.semanticweb.owlapi.model.UnloadableImportException: Could not load imported ontology: <http://geovocab.org/spatial> Cause: https://geovocab.org/spatial Use the -vvv option to show the stack trace. Use the --help option to see usage information."
geosparql	https://opengeospatial.github.io/ogc-geosparql/geosparql11/geo.ttl	owl	"Command `java -jar /Users/cthoyt/.data/robot/1.9.10/robot.jar convert -i /var/folders/gs/5hqh1d793dq8hly3pp8wcxg00000gn/T/tmplrf05_ti/geo.ttl -o /var/folders/gs/5hqh1d793dq8hly3pp8wcxg00000gn/T/tmplrf05_ti/tmp.ttl --check=false --format ttl` returned non-zero exit status 1.

stderr:

  WARNING: A terminally deprecated method in sun.misc.Unsafe has been called WARNING: sun.misc.Unsafe::objectFieldOffset has been called by com.github.benmanes.caffeine.base.UnsafeAccess (file:/Users/cthoyt/.data/robot/1.9.10/robot.jar) WARNING: Please consider reporting this to the maintainers of class com.github.benmanes.caffeine.base.UnsafeAccess WARNING: sun.misc.Unsafe::objectFieldOffset will be removed in a future release

stdout:

  INVALID ONTOLOGY FILE ERROR Could not load a valid ontology from file: geo.ttl For details see: http://robot.obolibrary.org/errors#invalid-ontology-file-error Use the -vvv option to show the stack trace. Use the --help option to see usage information."
gexo	https://www.bio.ntnu.no/ontology/GeXO/gexo.owl	owl	"Command `java -jar /Users/cthoyt/.data/robot/1.9.10/robot.jar convert -i /var/folders/gs/5hqh1d793dq8hly3pp8wcxg00000gn/T/tmpd50fuuz5/gexo.owl -o /var/folders/gs/5hqh1d793dq8hly3pp8wcxg00000gn/T/tmpd50fuuz5/tmp.ttl --check=false --format ttl` returned non-zero exit status 1.

stderr:

  WARNING: A terminally deprecated method in sun.misc.Unsafe has been called WARNING: sun.misc.Unsafe::objectFieldOffset has been called by com.github.benmanes.caffeine.base.UnsafeAccess (file:/Users/cthoyt/.data/robot/1.9.10/robot.jar) WARNING: Please consider reporting this to the maintainers of class com.github.benmanes.caffeine.base.UnsafeAccess WARNING: sun.misc.Unsafe::objectFieldOffset will be removed in a future release

stdout:

  INVALID ONTOLOGY FILE ERROR Could not load a valid ontology from file: gexo.owl For details see: http://robot.obolibrary.org/errors#invalid-ontology-file-error Use the -vvv option to show the stack trace. Use the --help option to see usage information."
gorel	ftp://ftp.geneontology.org/pub/go/ontology/extensions/gorel.owl	owl	No connection adapters were found for 'ftp://ftp.geneontology.org/pub/go/ontology/extensions/gorel.owl'
hgnc	https://w3id.org/biopragmatics/resources/hgnc/hgnc.owl.gz	owl	"Command `java -jar /Users/cthoyt/.data/robot/1.9.10/robot.jar convert -i /var/folders/gs/5hqh1d793dq8hly3pp8wcxg00000gn/T/tmpmgx4qowa/hgnc.owl.gz -o /var/folders/gs/5hqh1d793dq8hly3pp8wcxg00000gn/T/tmpmgx4qowa/tmp.ttl --check=false --format ttl` returned non-zero exit status 1.

stderr:

  WARNING: A terminally deprecated method in sun.misc.Unsafe has been called WARNING: sun.misc.Unsafe::objectFieldOffset has been called by com.github.benmanes.caffeine.base.UnsafeAccess (file:/Users/cthoyt/.data/robot/1.9.10/robot.jar) WARNING: Please consider reporting this to the maintainers of class com.github.benmanes.caffeine.base.UnsafeAccess WARNING: sun.misc.Unsafe::objectFieldOffset will be removed in a future release

stdout:

  FILE DOES NOT EXIST ERROR File does not exist: /var/folders/gs/5hqh1d793dq8hly3pp8wcxg00000gn/T/tmpmgx4qowa/catalog-v001.xml For details see: http://robot.obolibrary.org/errors#file-does-not-exist-error Use the -vvv option to show the stack trace. Use the --help option to see usage information."
hog	ftp://ftp.bgee.org/general/ontologies/HOG.obo	owl	No connection adapters were found for 'ftp://ftp.bgee.org/general/ontologies/HOG.obo'
hoip	https://github.com/yuki-yamagata/hoip/blob/c70ae6d4868ca951d075cec409e863fa4abe19b2/hoip_0308.owl	owl	"Command `java -jar /Users/cthoyt/.data/robot/1.9.10/robot.jar convert -i /var/folders/gs/5hqh1d793dq8hly3pp8wcxg00000gn/T/tmpm7_tzye9/hoip_0308.owl -o /var/folders/gs/5hqh1d793dq8hly3pp8wcxg00000gn/T/tmpm7_tzye9/tmp.ttl --check=false --format ttl` returned non-zero exit status 1.

stderr:

  WARNING: A terminally deprecated method in sun.misc.Unsafe has been called WARNING: sun.misc.Unsafe::objectFieldOffset has been called by com.github.benmanes.caffeine.base.UnsafeAccess (file:/Users/cthoyt/.data/robot/1.9.10/robot.jar) WARNING: Please consider reporting this to the maintainers of class com.github.benmanes.caffeine.base.UnsafeAccess WARNING: sun.misc.Unsafe::objectFieldOffset will be removed in a future release

stdout:

  INVALID ONTOLOGY FILE ERROR Could not load a valid ontology from file: hoip_0308.owl For details see: http://robot.obolibrary.org/errors#invalid-ontology-file-error Use the -vvv option to show the stack trace. Use the --help option to see usage information."
ical	https://www.w3.org/2002/12/cal/ical	shex	No plugin registered for (shex, <class 'rdflib.parser.Parser'>)
icepo	https://download.nextprot.org/pub/current_release/controlled_vocabularies/icepo.obo	owl	"Command `java -jar /Users/cthoyt/.data/robot/1.9.10/robot.jar convert -i /var/folders/gs/5hqh1d793dq8hly3pp8wcxg00000gn/T/tmpku_ignl0/icepo.obo -o /var/folders/gs/5hqh1d793dq8hly3pp8wcxg00000gn/T/tmpku_ignl0/tmp.ttl --check=false --format ttl` returned non-zero exit status 1.

stderr:

  WARNING: A terminally deprecated method in sun.misc.Unsafe has been called WARNING: sun.misc.Unsafe::objectFieldOffset has been called by com.github.benmanes.caffeine.base.UnsafeAccess (file:/Users/cthoyt/.data/robot/1.9.10/robot.jar) WARNING: Please consider reporting this to the maintainers of class com.github.benmanes.caffeine.base.UnsafeAccess WARNING: sun.misc.Unsafe::objectFieldOffset will be removed in a future release

stdout:

  INVALID ONTOLOGY FILE ERROR Could not load a valid ontology from file: icepo.obo For details see: http://robot.obolibrary.org/errors#invalid-ontology-file-error Use the -vvv option to show the stack trace. Use the --help option to see usage information."
idoden	http://aber-owl.net/media/ontologies/IDODEN/1/idoden.owl	owl	"Command `java -jar /Users/cthoyt/.data/robot/1.9.10/robot.jar convert -i /var/folders/gs/5hqh1d793dq8hly3pp8wcxg00000gn/T/tmpslz_mf8q/idoden.owl -o /var/folders/gs/5hqh1d793dq8hly3pp8wcxg00000gn/T/tmpslz_mf8q/tmp.ttl --check=false --format ttl` returned non-zero exit status 1.

stderr:

  WARNING: A terminally deprecated method in sun.misc.Unsafe has been called WARNING: sun.misc.Unsafe::objectFieldOffset has been called by com.github.benmanes.caffeine.base.UnsafeAccess (file:/Users/cthoyt/.data/robot/1.9.10/robot.jar) WARNING: Please consider reporting this to the maintainers of class com.github.benmanes.caffeine.base.UnsafeAccess WARNING: sun.misc.Unsafe::objectFieldOffset will be removed in a future release

stdout:

  org.semanticweb.owlapi.model.UnloadableImportException: Could not load imported ontology: <http://purl.bioontology.org/ontology/IDODEN> Cause: Server returned HTTP response code: 403 for URL: http://purl.bioontology.org/ontology/IDODEN Use the -vvv option to show the stack trace. Use the --help option to see usage information."
itis	https://w3id.org/biopragmatics/resources/itis/itis.owl.gz	owl	"Command `java -jar /Users/cthoyt/.data/robot/1.9.10/robot.jar convert -i /var/folders/gs/5hqh1d793dq8hly3pp8wcxg00000gn/T/tmpsn5vfytl/itis.owl.gz -o /var/folders/gs/5hqh1d793dq8hly3pp8wcxg00000gn/T/tmpsn5vfytl/tmp.ttl --check=false --format ttl` returned non-zero exit status 1.

stderr:

  WARNING: A terminally deprecated method in sun.misc.Unsafe has been called WARNING: sun.misc.Unsafe::objectFieldOffset has been called by com.github.benmanes.caffeine.base.UnsafeAccess (file:/Users/cthoyt/.data/robot/1.9.10/robot.jar) WARNING: Please consider reporting this to the maintainers of class com.github.benmanes.caffeine.base.UnsafeAccess WARNING: sun.misc.Unsafe::objectFieldOffset will be removed in a future release

stdout:

  FILE DOES NOT EXIST ERROR File does not exist: /var/folders/gs/5hqh1d793dq8hly3pp8wcxg00000gn/T/tmpsn5vfytl/catalog-v001.xml For details see: http://robot.obolibrary.org/errors#file-does-not-exist-error Use the -vvv option to show the stack trace. Use the --help option to see usage information."
loc.relator	https://id.loc.gov/download/vocabulary/relators.skosrdf.ttl.gz	xml	/private/var/folders/gs/5hqh1d793dq8hly3pp8wcxg00000gn/T/tmp1hw1gjbz/relators.skosrdf.ttl.gz:1:0: not well-formed (invalid token)
loc.resourcetype	http://id.loc.gov/vocabulary/resourceTypes.skos.rdf		Could not guess RDF format for <rdflib.parser.InputSource object at 0x13c7bd0d0> from file extension so tried Turtle but failed.You can explicitly specify format using the format argument.
medgen	https://github.com/monarch-initiative/medgen/releases/latest/download/medgen.ttl.gz	owl	"Command `java -jar /Users/cthoyt/.data/robot/1.9.10/robot.jar convert -i /var/folders/gs/5hqh1d793dq8hly3pp8wcxg00000gn/T/tmpq2gswz3y/medgen.ttl.gz -o /var/folders/gs/5hqh1d793dq8hly3pp8wcxg00000gn/T/tmpq2gswz3y/tmp.ttl --check=false --format ttl` returned non-zero exit status 1.

stderr:

  WARNING: A terminally deprecated method in sun.misc.Unsafe has been called WARNING: sun.misc.Unsafe::objectFieldOffset has been called by com.github.benmanes.caffeine.base.UnsafeAccess (file:/Users/cthoyt/.data/robot/1.9.10/robot.jar) WARNING: Please consider reporting this to the maintainers of class com.github.benmanes.caffeine.base.UnsafeAccess WARNING: sun.misc.Unsafe::objectFieldOffset will be removed in a future release

stdout:

  FILE DOES NOT EXIST ERROR File does not exist: /var/folders/gs/5hqh1d793dq8hly3pp8wcxg00000gn/T/tmpq2gswz3y/catalog-v001.xml For details see: http://robot.obolibrary.org/errors#file-does-not-exist-error Use the -vvv option to show the stack trace. Use the --help option to see usage information."
mesh	https://w3id.org/biopragmatics/resources/mesh/mesh.owl.gz	owl	"Command `java -jar /Users/cthoyt/.data/robot/1.9.10/robot.jar convert -i /var/folders/gs/5hqh1d793dq8hly3pp8wcxg00000gn/T/tmp1bgjzwhd/mesh.owl.gz -o /var/folders/gs/5hqh1d793dq8hly3pp8wcxg00000gn/T/tmp1bgjzwhd/tmp.ttl --check=false --format ttl` returned non-zero exit status 1.

stderr:

  WARNING: A terminally deprecated method in sun.misc.Unsafe has been called WARNING: sun.misc.Unsafe::objectFieldOffset has been called by com.github.benmanes.caffeine.base.UnsafeAccess (file:/Users/cthoyt/.data/robot/1.9.10/robot.jar) WARNING: Please consider reporting this to the maintainers of class com.github.benmanes.caffeine.base.UnsafeAccess WARNING: sun.misc.Unsafe::objectFieldOffset will be removed in a future release

stdout:

  FILE DOES NOT EXIST ERROR File does not exist: /var/folders/gs/5hqh1d793dq8hly3pp8wcxg00000gn/T/tmp1bgjzwhd/catalog-v001.xml For details see: http://robot.obolibrary.org/errors#file-does-not-exist-error Use the -vvv option to show the stack trace. Use the --help option to see usage information."
mfo	http://purl.obolibrary.org/obo/mfo.owl	owl	"Command `java -jar /Users/cthoyt/.data/robot/1.9.10/robot.jar convert -i /var/folders/gs/5hqh1d793dq8hly3pp8wcxg00000gn/T/tmpf7dyztra/mfo.owl -o /var/folders/gs/5hqh1d793dq8hly3pp8wcxg00000gn/T/tmpf7dyztra/tmp.ttl --check=false --format ttl` returned non-zero exit status 1.

stderr:

  WARNING: A terminally deprecated method in sun.misc.Unsafe has been called WARNING: sun.misc.Unsafe::objectFieldOffset has been called by com.github.benmanes.caffeine.base.UnsafeAccess (file:/Users/cthoyt/.data/robot/1.9.10/robot.jar) WARNING: Please consider reporting this to the maintainers of class com.github.benmanes.caffeine.base.UnsafeAccess WARNING: sun.misc.Unsafe::objectFieldOffset will be removed in a future release

stdout:

  INVALID ONTOLOGY FILE ERROR Could not load a valid ontology from file: mfo.owl For details see: http://robot.obolibrary.org/errors#invalid-ontology-file-error Use the -vvv option to show the stack trace. Use the --help option to see usage information."
mfomd	http://purl.obolibrary.org/obo/mfomd.owl	owl	"Command `java -jar /Users/cthoyt/.data/robot/1.9.10/robot.jar convert -i /var/folders/gs/5hqh1d793dq8hly3pp8wcxg00000gn/T/tmpx0ycidx2/mfomd.owl -o /var/folders/gs/5hqh1d793dq8hly3pp8wcxg00000gn/T/tmpx0ycidx2/tmp.ttl --check=false --format ttl` returned non-zero exit status 1.

stderr:

  WARNING: A terminally deprecated method in sun.misc.Unsafe has been called WARNING: sun.misc.Unsafe::objectFieldOffset has been called by com.github.benmanes.caffeine.base.UnsafeAccess (file:/Users/cthoyt/.data/robot/1.9.10/robot.jar) WARNING: Please consider reporting this to the maintainers of class com.github.benmanes.caffeine.base.UnsafeAccess WARNING: sun.misc.Unsafe::objectFieldOffset will be removed in a future release

stdout:

  org.semanticweb.owlapi.model.UnloadableImportException: Could not load imported ontology: <http://purl.obolibrary.org/obo/MF/external/doid-slim.owl> Cause: Problem parsing http://purl.obolibrary.org/obo/MF/external/doid-slim.owl Could not parse ontology. Either a suitable parser could not be found, or parsing failed. See parser logs below for explanation. The following parsers were tried: 1) org.semanticweb.owlapi.rdf.rdfxml.parser.RDFXMLParser@15d114ce 2) [...]"
mgi	https://w3id.org/biopragmatics/resources/mgi/mgi.owl.gz	owl	"Command `java -jar /Users/cthoyt/.data/robot/1.9.10/robot.jar convert -i /var/folders/gs/5hqh1d793dq8hly3pp8wcxg00000gn/T/tmpaz7mndc1/mgi.owl.gz -o /var/folders/gs/5hqh1d793dq8hly3pp8wcxg00000gn/T/tmpaz7mndc1/tmp.ttl --check=false --format ttl` returned non-zero exit status 1.

stderr:

  WARNING: A terminally deprecated method in sun.misc.Unsafe has been called WARNING: sun.misc.Unsafe::objectFieldOffset has been called by com.github.benmanes.caffeine.base.UnsafeAccess (file:/Users/cthoyt/.data/robot/1.9.10/robot.jar) WARNING: Please consider reporting this to the maintainers of class com.github.benmanes.caffeine.base.UnsafeAccess WARNING: sun.misc.Unsafe::objectFieldOffset will be removed in a future release

stdout:

  FILE DOES NOT EXIST ERROR File does not exist: /var/folders/gs/5hqh1d793dq8hly3pp8wcxg00000gn/T/tmpaz7mndc1/catalog-v001.xml For details see: http://robot.obolibrary.org/errors#file-does-not-exist-error Use the -vvv option to show the stack trace. Use the --help option to see usage information."
micro	http://purl.obolibrary.org/obo/micro.owl	owl	"Command `java -jar /Users/cthoyt/.data/robot/1.9.10/robot.jar convert -i /var/folders/gs/5hqh1d793dq8hly3pp8wcxg00000gn/T/tmpquz9eju2/micro.owl -o /var/folders/gs/5hqh1d793dq8hly3pp8wcxg00000gn/T/tmpquz9eju2/tmp.ttl --check=false --format ttl` returned non-zero exit status 1.

stderr:

  WARNING: A terminally deprecated method in sun.misc.Unsafe has been called WARNING: sun.misc.Unsafe::objectFieldOffset has been called by com.github.benmanes.caffeine.base.UnsafeAccess (file:/Users/cthoyt/.data/robot/1.9.10/robot.jar) WARNING: Please consider reporting this to the maintainers of class com.github.benmanes.caffeine.base.UnsafeAccess WARNING: sun.misc.Unsafe::objectFieldOffset will be removed in a future release

stdout:

  org.semanticweb.owlapi.model.UnloadableImportException: Could not load imported ontology: <https://raw.githubusercontent.com/carrineblank/MicrO/master/MicrOandImportModules/ChEBI_imports.owl> Cause: Problem parsing https://raw.githubusercontent.com/carrineblank/MicrO/master/MicrOandImportModules/ChEBI_imports.owl Could not parse ontology. Either a suitable parser could not be found, or parsing failed. See parser logs below for explanation. The following parsers were tried: 1) [...]"
mo	http://purl.obolibrary.org/obo/mo.owl	owl	"Command `java -jar /Users/cthoyt/.data/robot/1.9.10/robot.jar convert -i /var/folders/gs/5hqh1d793dq8hly3pp8wcxg00000gn/T/tmp5wz3efr4/mo.owl -o /var/folders/gs/5hqh1d793dq8hly3pp8wcxg00000gn/T/tmp5wz3efr4/tmp.ttl --check=false --format ttl` returned non-zero exit status 1.

stderr:

  WARNING: A terminally deprecated method in sun.misc.Unsafe has been called WARNING: sun.misc.Unsafe::objectFieldOffset has been called by com.github.benmanes.caffeine.base.UnsafeAccess (file:/Users/cthoyt/.data/robot/1.9.10/robot.jar) WARNING: Please consider reporting this to the maintainers of class com.github.benmanes.caffeine.base.UnsafeAccess WARNING: sun.misc.Unsafe::objectFieldOffset will be removed in a future release

stdout:

  INVALID ONTOLOGY FILE ERROR Could not load a valid ontology from file: mo.owl For details see: http://robot.obolibrary.org/errors#invalid-ontology-file-error Use the -vvv option to show the stack trace. Use the --help option to see usage information."
msigdb	https://w3id.org/biopragmatics/resources/msigdb/msigdb.owl.gz	owl	"Command `java -jar /Users/cthoyt/.data/robot/1.9.10/robot.jar convert -i /var/folders/gs/5hqh1d793dq8hly3pp8wcxg00000gn/T/tmp9gn8geqi/msigdb.owl.gz -o /var/folders/gs/5hqh1d793dq8hly3pp8wcxg00000gn/T/tmp9gn8geqi/tmp.ttl --check=false --format ttl` returned non-zero exit status 1.

stderr:

  WARNING: A terminally deprecated method in sun.misc.Unsafe has been called WARNING: sun.misc.Unsafe::objectFieldOffset has been called by com.github.benmanes.caffeine.base.UnsafeAccess (file:/Users/cthoyt/.data/robot/1.9.10/robot.jar) WARNING: Please consider reporting this to the maintainers of class com.github.benmanes.caffeine.base.UnsafeAccess WARNING: sun.misc.Unsafe::objectFieldOffset will be removed in a future release

stdout:

  FILE DOES NOT EXIST ERROR File does not exist: /var/folders/gs/5hqh1d793dq8hly3pp8wcxg00000gn/T/tmp9gn8geqi/catalog-v001.xml For details see: http://robot.obolibrary.org/errors#file-does-not-exist-error Use the -vvv option to show the stack trace. Use the --help option to see usage information."
ncbitaxon	http://purl.obolibrary.org/obo/ncbitaxon.owl	owl	"Command `java -jar /Users/cthoyt/.data/robot/1.9.10/robot.jar convert -i /var/folders/gs/5hqh1d793dq8hly3pp8wcxg00000gn/T/tmprj6fx1be/ncbitaxon.owl -o /var/folders/gs/5hqh1d793dq8hly3pp8wcxg00000gn/T/tmprj6fx1be/tmp.ttl --check=false --format ttl` returned non-zero exit status 1.

stderr:

  WARNING: A terminally deprecated method in sun.misc.Unsafe has been called WARNING: sun.misc.Unsafe::objectFieldOffset has been called by com.github.benmanes.caffeine.base.UnsafeAccess (file:/Users/cthoyt/.data/robot/1.9.10/robot.jar) WARNING: Please consider reporting this to the maintainers of class com.github.benmanes.caffeine.base.UnsafeAccess WARNING: sun.misc.Unsafe::objectFieldOffset will be removed in a future release Exception in thread ""main"" java.lang.OutOfMemoryError: Java heap space

stdout:

  <no stdout>"
ncit	http://purl.obolibrary.org/obo/ncit.owl	owl	"Command `java -jar /Users/cthoyt/.data/robot/1.9.10/robot.jar convert -i /var/folders/gs/5hqh1d793dq8hly3pp8wcxg00000gn/T/tmp6i8t67kd/ncit.owl -o /var/folders/gs/5hqh1d793dq8hly3pp8wcxg00000gn/T/tmp6i8t67kd/tmp.ttl --check=false --format ttl` returned non-zero exit status 1.

stderr:

  WARNING: A terminally deprecated method in sun.misc.Unsafe has been called WARNING: sun.misc.Unsafe::objectFieldOffset has been called by com.github.benmanes.caffeine.base.UnsafeAccess (file:/Users/cthoyt/.data/robot/1.9.10/robot.jar) WARNING: Please consider reporting this to the maintainers of class com.github.benmanes.caffeine.base.UnsafeAccess WARNING: sun.misc.Unsafe::objectFieldOffset will be removed in a future release

stdout:

  INVALID ONTOLOGY FILE ERROR Could not load a valid ontology from file: ncit.owl For details see: http://robot.obolibrary.org/errors#invalid-ontology-file-error Use the -vvv option to show the stack trace. Use the --help option to see usage information."
nemo2	http://aber-owl.net/media/ontologies/NEMO/1/nemo.owl	owl	"Command `java -jar /Users/cthoyt/.data/robot/1.9.10/robot.jar convert -i /var/folders/gs/5hqh1d793dq8hly3pp8wcxg00000gn/T/tmp858f58kk/nemo.owl -o /var/folders/gs/5hqh1d793dq8hly3pp8wcxg00000gn/T/tmp858f58kk/tmp.ttl --check=false --format ttl` returned non-zero exit status 1.

stderr:

  WARNING: A terminally deprecated method in sun.misc.Unsafe has been called WARNING: sun.misc.Unsafe::objectFieldOffset has been called by com.github.benmanes.caffeine.base.UnsafeAccess (file:/Users/cthoyt/.data/robot/1.9.10/robot.jar) WARNING: Please consider reporting this to the maintainers of class com.github.benmanes.caffeine.base.UnsafeAccess WARNING: sun.misc.Unsafe::objectFieldOffset will be removed in a future release

stdout:

  org.semanticweb.owlapi.model.UnloadableImportException: Could not load imported ontology: <http://purl.bioontology.org/NEMO/ontology/NEMO_annotation_properties.owl> Cause: Server returned HTTP response code: 403 for URL: http://purl.bioontology.org/NEMO/ontology/NEMO_annotation_properties.owl Use the -vvv option to show the stack trace. Use the --help option to see usage information."
nfdi4dso	https://ise-fizkarlsruhe.github.io/NFDI4DS-Ontology/ontology.ttl	owl	"Command `java -jar /Users/cthoyt/.data/robot/1.9.10/robot.jar convert -i /var/folders/gs/5hqh1d793dq8hly3pp8wcxg00000gn/T/tmpcao3kofi/ontology.ttl -o /var/folders/gs/5hqh1d793dq8hly3pp8wcxg00000gn/T/tmpcao3kofi/tmp.ttl --check=false --format ttl` returned non-zero exit status 1.

stderr:

  WARNING: A terminally deprecated method in sun.misc.Unsafe has been called WARNING: sun.misc.Unsafe::objectFieldOffset has been called by com.github.benmanes.caffeine.base.UnsafeAccess (file:/Users/cthoyt/.data/robot/1.9.10/robot.jar) WARNING: Please consider reporting this to the maintainers of class com.github.benmanes.caffeine.base.UnsafeAccess WARNING: sun.misc.Unsafe::objectFieldOffset will be removed in a future release

stdout:

  org.semanticweb.owlapi.model.UnloadableImportException: Could not load imported ontology: <https://nfdi.fiz-karlsruhe.de/ontology/2.0.0> Cause: (certificate_unknown) PKIX path building failed: sun.security.provider.certpath.SunCertPathBuilderException: unable to find valid certification path to requested target Use the -vvv option to show the stack trace. Use the --help option to see usage information."
nif.cell	http://aber-owl.net/media/ontologies/NIFCELL/1/nifcell.owl	owl	"Command `java -jar /Users/cthoyt/.data/robot/1.9.10/robot.jar convert -i /var/folders/gs/5hqh1d793dq8hly3pp8wcxg00000gn/T/tmp4ypnrnun/nifcell.owl -o /var/folders/gs/5hqh1d793dq8hly3pp8wcxg00000gn/T/tmp4ypnrnun/tmp.ttl --check=false --format ttl` returned non-zero exit status 1.

stderr:

  WARNING: A terminally deprecated method in sun.misc.Unsafe has been called WARNING: sun.misc.Unsafe::objectFieldOffset has been called by com.github.benmanes.caffeine.base.UnsafeAccess (file:/Users/cthoyt/.data/robot/1.9.10/robot.jar) WARNING: Please consider reporting this to the maintainers of class com.github.benmanes.caffeine.base.UnsafeAccess WARNING: sun.misc.Unsafe::objectFieldOffset will be removed in a future release

stdout:

  org.semanticweb.owlapi.model.UnloadableImportException: Could not load imported ontology: <http://ontology.neuinfo.org/NIF/Backend/nif_backend.owl> Cause: http://ontology.neuinfo.org/NIF/Backend/nif_backend.owl Use the -vvv option to show the stack trace. Use the --help option to see usage information."
nihreporter.project	https://w3id.org/biopragmatics/resources/nihreporter.project/nihreporter.project.owl.gz	owl	"Command `java -jar /Users/cthoyt/.data/robot/1.9.10/robot.jar convert -i /var/folders/gs/5hqh1d793dq8hly3pp8wcxg00000gn/T/tmpgnlmhlpe/nihreporter.project.owl.gz -o /var/folders/gs/5hqh1d793dq8hly3pp8wcxg00000gn/T/tmpgnlmhlpe/tmp.ttl --check=false --format ttl` returned non-zero exit status 1.

stderr:

  WARNING: A terminally deprecated method in sun.misc.Unsafe has been called WARNING: sun.misc.Unsafe::objectFieldOffset has been called by com.github.benmanes.caffeine.base.UnsafeAccess (file:/Users/cthoyt/.data/robot/1.9.10/robot.jar) WARNING: Please consider reporting this to the maintainers of class com.github.benmanes.caffeine.base.UnsafeAccess WARNING: sun.misc.Unsafe::objectFieldOffset will be removed in a future release

stdout:

  FILE DOES NOT EXIST ERROR File does not exist: /var/folders/gs/5hqh1d793dq8hly3pp8wcxg00000gn/T/tmpgnlmhlpe/catalog-v001.xml For details see: http://robot.obolibrary.org/errors#file-does-not-exist-error Use the -vvv option to show the stack trace. Use the --help option to see usage information."
npo	http://aber-owl.net/media/ontologies/NPO/1/npo.owl	owl	"Command `java -jar /Users/cthoyt/.data/robot/1.9.10/robot.jar convert -i /var/folders/gs/5hqh1d793dq8hly3pp8wcxg00000gn/T/tmpcsr4aat_/npo.owl -o /var/folders/gs/5hqh1d793dq8hly3pp8wcxg00000gn/T/tmpcsr4aat_/tmp.ttl --check=false --format ttl` returned non-zero exit status 1.

stderr:

  WARNING: A terminally deprecated method in sun.misc.Unsafe has been called WARNING: sun.misc.Unsafe::objectFieldOffset has been called by com.github.benmanes.caffeine.base.UnsafeAccess (file:/Users/cthoyt/.data/robot/1.9.10/robot.jar) WARNING: Please consider reporting this to the maintainers of class com.github.benmanes.caffeine.base.UnsafeAccess WARNING: sun.misc.Unsafe::objectFieldOffset will be removed in a future release

stdout:

  INVALID ONTOLOGY FILE ERROR Could not load a valid ontology from file: npo.owl For details see: http://robot.obolibrary.org/errors#invalid-ontology-file-error Use the -vvv option to show the stack trace. Use the --help option to see usage information."
oboe	https://raw.githubusercontent.com/NCEAS/oboe/refs/heads/master/oboe.owl	owl	"Command `java -jar /Users/cthoyt/.data/robot/1.9.10/robot.jar convert -i /var/folders/gs/5hqh1d793dq8hly3pp8wcxg00000gn/T/tmpo6g0_io1/oboe.owl -o /var/folders/gs/5hqh1d793dq8hly3pp8wcxg00000gn/T/tmpo6g0_io1/tmp.ttl --check=false --format ttl` returned non-zero exit status 1.

stderr:

  WARNING: A terminally deprecated method in sun.misc.Unsafe has been called WARNING: sun.misc.Unsafe::objectFieldOffset has been called by com.github.benmanes.caffeine.base.UnsafeAccess (file:/Users/cthoyt/.data/robot/1.9.10/robot.jar) WARNING: Please consider reporting this to the maintainers of class com.github.benmanes.caffeine.base.UnsafeAccess WARNING: sun.misc.Unsafe::objectFieldOffset will be removed in a future release

stdout:

  org.semanticweb.owlapi.model.UnloadableImportException: Could not load imported ontology: <http://ecoinformatics.org/oboe/oboe.1.2/oboe-standards.owl> Cause: Problem parsing http://ecoinformatics.org/oboe/oboe.1.2/oboe-standards.owl Could not parse ontology. Either a suitable parser could not be found, or parsing failed. See parser logs below for explanation. The following parsers were tried: 1) org.semanticweb.owlapi.rdf.rdfxml.parser.RDFXMLParser@5f780a86 2) [...]"
ogc.sf	https://opengeospatial.github.io/ogc-geosparql/geosparql11/sf_geometries.ttl	owl	"Command `java -jar /Users/cthoyt/.data/robot/1.9.10/robot.jar convert -i /var/folders/gs/5hqh1d793dq8hly3pp8wcxg00000gn/T/tmpp33te09l/sf_geometries.ttl -o /var/folders/gs/5hqh1d793dq8hly3pp8wcxg00000gn/T/tmpp33te09l/tmp.ttl --check=false --format ttl` returned non-zero exit status 1.

stderr:

  WARNING: A terminally deprecated method in sun.misc.Unsafe has been called WARNING: sun.misc.Unsafe::objectFieldOffset has been called by com.github.benmanes.caffeine.base.UnsafeAccess (file:/Users/cthoyt/.data/robot/1.9.10/robot.jar) WARNING: Please consider reporting this to the maintainers of class com.github.benmanes.caffeine.base.UnsafeAccess WARNING: sun.misc.Unsafe::objectFieldOffset will be removed in a future release

stdout:

  INVALID ONTOLOGY FILE ERROR Could not load a valid ontology from file: sf_geometries.ttl For details see: http://robot.obolibrary.org/errors#invalid-ontology-file-error Use the -vvv option to show the stack trace. Use the --help option to see usage information."
ogg	http://purl.obolibrary.org/obo/ogg.owl	owl	"Command `java -jar /Users/cthoyt/.data/robot/1.9.10/robot.jar convert -i /var/folders/gs/5hqh1d793dq8hly3pp8wcxg00000gn/T/tmpfp2usnas/ogg.owl -o /var/folders/gs/5hqh1d793dq8hly3pp8wcxg00000gn/T/tmpfp2usnas/tmp.ttl --check=false --format ttl` returned non-zero exit status 1.

stderr:

  WARNING: A terminally deprecated method in sun.misc.Unsafe has been called WARNING: sun.misc.Unsafe::objectFieldOffset has been called by com.github.benmanes.caffeine.base.UnsafeAccess (file:/Users/cthoyt/.data/robot/1.9.10/robot.jar) WARNING: Please consider reporting this to the maintainers of class com.github.benmanes.caffeine.base.UnsafeAccess WARNING: sun.misc.Unsafe::objectFieldOffset will be removed in a future release

stdout:

  INVALID ONTOLOGY FILE ERROR Could not load a valid ontology from file: ogg.owl For details see: http://robot.obolibrary.org/errors#invalid-ontology-file-error Use the -vvv option to show the stack trace. Use the --help option to see usage information."
ogi	http://purl.obolibrary.org/obo/ogi.owl	owl	"Command `java -jar /Users/cthoyt/.data/robot/1.9.10/robot.jar convert -i /var/folders/gs/5hqh1d793dq8hly3pp8wcxg00000gn/T/tmppqn0dqlo/ogi.owl -o /var/folders/gs/5hqh1d793dq8hly3pp8wcxg00000gn/T/tmppqn0dqlo/tmp.ttl --check=false --format ttl` returned non-zero exit status 1.

stderr:

  WARNING: A terminally deprecated method in sun.misc.Unsafe has been called WARNING: sun.misc.Unsafe::objectFieldOffset has been called by com.github.benmanes.caffeine.base.UnsafeAccess (file:/Users/cthoyt/.data/robot/1.9.10/robot.jar) WARNING: Please consider reporting this to the maintainers of class com.github.benmanes.caffeine.base.UnsafeAccess WARNING: sun.misc.Unsafe::objectFieldOffset will be removed in a future release

stdout:

  INVALID ONTOLOGY FILE ERROR Could not load a valid ontology from file: ogi.owl For details see: http://robot.obolibrary.org/errors#invalid-ontology-file-error Use the -vvv option to show the stack trace. Use the --help option to see usage information."
om	https://raw.githubusercontent.com/HajoRijgersberg/OM/master/om-2.0.rdf	owl	"Command `java -jar /Users/cthoyt/.data/robot/1.9.10/robot.jar convert -i /var/folders/gs/5hqh1d793dq8hly3pp8wcxg00000gn/T/tmpiwo74xwd/om-2.0.rdf -o /var/folders/gs/5hqh1d793dq8hly3pp8wcxg00000gn/T/tmpiwo74xwd/tmp.ttl --check=false --format ttl` returned non-zero exit status 1.

stderr:

  WARNING: A terminally deprecated method in sun.misc.Unsafe has been called WARNING: sun.misc.Unsafe::objectFieldOffset has been called by com.github.benmanes.caffeine.base.UnsafeAccess (file:/Users/cthoyt/.data/robot/1.9.10/robot.jar) WARNING: Please consider reporting this to the maintainers of class com.github.benmanes.caffeine.base.UnsafeAccess WARNING: sun.misc.Unsafe::objectFieldOffset will be removed in a future release

stdout:

  INVALID ONTOLOGY FILE ERROR Could not load a valid ontology from file: om-2.0.rdf For details see: http://robot.obolibrary.org/errors#invalid-ontology-file-error Use the -vvv option to show the stack trace. Use the --help option to see usage information."
omiabis	http://purl.obolibrary.org/obo/omiabis.owl	owl	"at line 1666 of <>:
Bad syntax (expected '.' or '}' or ']' at end of statement) at ^ in:
""...b'ance-level, relation. The BFO reading of the binary relation'^b"" 'inheres in at all times@en' is: forall(t) exists_at(x,t) -""..."""
omit	http://purl.obolibrary.org/obo/omit.owl	owl	"Command `java -jar /Users/cthoyt/.data/robot/1.9.10/robot.jar convert -i /var/folders/gs/5hqh1d793dq8hly3pp8wcxg00000gn/T/tmp83rjh3su/omit.owl -o /var/folders/gs/5hqh1d793dq8hly3pp8wcxg00000gn/T/tmp83rjh3su/tmp.ttl --check=false --format ttl` returned non-zero exit status 1.

stderr:

  WARNING: A terminally deprecated method in sun.misc.Unsafe has been called WARNING: sun.misc.Unsafe::objectFieldOffset has been called by com.github.benmanes.caffeine.base.UnsafeAccess (file:/Users/cthoyt/.data/robot/1.9.10/robot.jar) WARNING: Please consider reporting this to the maintainers of class com.github.benmanes.caffeine.base.UnsafeAccess WARNING: sun.misc.Unsafe::objectFieldOffset will be removed in a future release

stdout:

  org.semanticweb.owlapi.model.UnloadableImportException: Could not load imported ontology: <http://purl.obolibrary.org/obo/ncro/2015-12-10/ncro.owl> Cause: Problem parsing http://purl.obolibrary.org/obo/ncro/2015-12-10/ncro.owl Could not parse ontology. Either a suitable parser could not be found, or parsing failed. See parser logs below for explanation. The following parsers were tried: 1) org.semanticweb.owlapi.rdf.rdfxml.parser.RDFXMLParser@71d55b7e 2) [...]"
ontodm	https://raw.githubusercontent.com/panovp/ontodm-core/master/OntoDM.owl	owl	"Command `java -jar /Users/cthoyt/.data/robot/1.9.10/robot.jar convert -i /var/folders/gs/5hqh1d793dq8hly3pp8wcxg00000gn/T/tmpe60n7uut/OntoDM.owl -o /var/folders/gs/5hqh1d793dq8hly3pp8wcxg00000gn/T/tmpe60n7uut/tmp.ttl --check=false --format ttl` returned non-zero exit status 1.

stderr:

  WARNING: A terminally deprecated method in sun.misc.Unsafe has been called WARNING: sun.misc.Unsafe::objectFieldOffset has been called by com.github.benmanes.caffeine.base.UnsafeAccess (file:/Users/cthoyt/.data/robot/1.9.10/robot.jar) WARNING: Please consider reporting this to the maintainers of class com.github.benmanes.caffeine.base.UnsafeAccess WARNING: sun.misc.Unsafe::objectFieldOffset will be removed in a future release

stdout:

  org.semanticweb.owlapi.model.UnloadableImportException: Could not load imported ontology: <https://purl.org/ontodt/dmtypes> Cause: Server returned HTTP response code: 503 for URL: https://purl.archive.org/ontodt/dmtypes Use the -vvv option to show the stack trace. Use the --help option to see usage information."
ovae	http://purl.obolibrary.org/obo/ovae.owl	owl	"Command `java -jar /Users/cthoyt/.data/robot/1.9.10/robot.jar convert -i /var/folders/gs/5hqh1d793dq8hly3pp8wcxg00000gn/T/tmp97ccgfxv/ovae.owl -o /var/folders/gs/5hqh1d793dq8hly3pp8wcxg00000gn/T/tmp97ccgfxv/tmp.ttl --check=false --format ttl` returned non-zero exit status 1.

stderr:

  WARNING: A terminally deprecated method in sun.misc.Unsafe has been called WARNING: sun.misc.Unsafe::objectFieldOffset has been called by com.github.benmanes.caffeine.base.UnsafeAccess (file:/Users/cthoyt/.data/robot/1.9.10/robot.jar) WARNING: Please consider reporting this to the maintainers of class com.github.benmanes.caffeine.base.UnsafeAccess WARNING: sun.misc.Unsafe::objectFieldOffset will be removed in a future release

stdout:

  INVALID ONTOLOGY FILE ERROR Could not load a valid ontology from file: ovae.owl For details see: http://robot.obolibrary.org/errors#invalid-ontology-file-error Use the -vvv option to show the stack trace. Use the --help option to see usage information."
pathbank	https://w3id.org/biopragmatics/resources/pathbank/pathbank.owl.gz	owl	"Command `java -jar /Users/cthoyt/.data/robot/1.9.10/robot.jar convert -i /var/folders/gs/5hqh1d793dq8hly3pp8wcxg00000gn/T/tmpte2ge2pp/pathbank.owl.gz -o /var/folders/gs/5hqh1d793dq8hly3pp8wcxg00000gn/T/tmpte2ge2pp/tmp.ttl --check=false --format ttl` returned non-zero exit status 1.

stderr:

  WARNING: A terminally deprecated method in sun.misc.Unsafe has been called WARNING: sun.misc.Unsafe::objectFieldOffset has been called by com.github.benmanes.caffeine.base.UnsafeAccess (file:/Users/cthoyt/.data/robot/1.9.10/robot.jar) WARNING: Please consider reporting this to the maintainers of class com.github.benmanes.caffeine.base.UnsafeAccess WARNING: sun.misc.Unsafe::objectFieldOffset will be removed in a future release

stdout:

  FILE DOES NOT EXIST ERROR File does not exist: /var/folders/gs/5hqh1d793dq8hly3pp8wcxg00000gn/T/tmpte2ge2pp/catalog-v001.xml For details see: http://robot.obolibrary.org/errors#file-does-not-exist-error Use the -vvv option to show the stack trace. Use the --help option to see usage information."
pcl	http://purl.obolibrary.org/obo/pcl.owl	owl	"Command `java -jar /Users/cthoyt/.data/robot/1.9.10/robot.jar convert -i /var/folders/gs/5hqh1d793dq8hly3pp8wcxg00000gn/T/tmpm1gz9cal/pcl.owl -o /var/folders/gs/5hqh1d793dq8hly3pp8wcxg00000gn/T/tmpm1gz9cal/tmp.ttl --check=false --format ttl` returned non-zero exit status 1.

stderr:

  WARNING: A terminally deprecated method in sun.misc.Unsafe has been called WARNING: sun.misc.Unsafe::objectFieldOffset has been called by com.github.benmanes.caffeine.base.UnsafeAccess (file:/Users/cthoyt/.data/robot/1.9.10/robot.jar) WARNING: Please consider reporting this to the maintainers of class com.github.benmanes.caffeine.base.UnsafeAccess WARNING: sun.misc.Unsafe::objectFieldOffset will be removed in a future release

stdout:

  INVALID ONTOLOGY FILE ERROR Could not load a valid ontology from file: pcl.owl For details see: http://robot.obolibrary.org/errors#invalid-ontology-file-error Use the -vvv option to show the stack trace. Use the --help option to see usage information."
peff	https://github.com/HUPO-PSI/PEFF/raw/master/CV/psi-peff-OBSOLETE-DO_NOT_USE.obo	owl	"Command `java -jar /Users/cthoyt/.data/robot/1.9.10/robot.jar convert -i /var/folders/gs/5hqh1d793dq8hly3pp8wcxg00000gn/T/tmpdzd08_8_/psi-peff-OBSOLETE-DO_NOT_USE.obo -o /var/folders/gs/5hqh1d793dq8hly3pp8wcxg00000gn/T/tmpdzd08_8_/tmp.ttl --check=false --format ttl` returned non-zero exit status 1.

stderr:

  WARNING: A terminally deprecated method in sun.misc.Unsafe has been called WARNING: sun.misc.Unsafe::objectFieldOffset has been called by com.github.benmanes.caffeine.base.UnsafeAccess (file:/Users/cthoyt/.data/robot/1.9.10/robot.jar) WARNING: Please consider reporting this to the maintainers of class com.github.benmanes.caffeine.base.UnsafeAccess WARNING: sun.misc.Unsafe::objectFieldOffset will be removed in a future release

stdout:

  INVALID ONTOLOGY FILE ERROR Could not load a valid ontology from file: psi-peff-OBSOLETE-DO_NOT_USE.obo For details see: http://robot.obolibrary.org/errors#invalid-ontology-file-error Use the -vvv option to show the stack trace. Use the --help option to see usage information."
plos	http://aber-owl.net/media/ontologies/PLOSTHES/1/plosthes.owl	owl	"Command `java -jar /Users/cthoyt/.data/robot/1.9.10/robot.jar convert -i /var/folders/gs/5hqh1d793dq8hly3pp8wcxg00000gn/T/tmpxf0dz5m5/plosthes.owl -o /var/folders/gs/5hqh1d793dq8hly3pp8wcxg00000gn/T/tmpxf0dz5m5/tmp.ttl --check=false --format ttl` returned non-zero exit status 1.

stderr:

  WARNING: A terminally deprecated method in sun.misc.Unsafe has been called WARNING: sun.misc.Unsafe::objectFieldOffset has been called by com.github.benmanes.caffeine.base.UnsafeAccess (file:/Users/cthoyt/.data/robot/1.9.10/robot.jar) WARNING: Please consider reporting this to the maintainers of class com.github.benmanes.caffeine.base.UnsafeAccess WARNING: sun.misc.Unsafe::objectFieldOffset will be removed in a future release

stdout:

  INVALID ONTOLOGY FILE ERROR Could not load a valid ontology from file: plosthes.owl For details see: http://robot.obolibrary.org/errors#invalid-ontology-file-error Use the -vvv option to show the stack trace. Use the --help option to see usage information."
rdfs	https://triplydb.com/w3c/rdfs/download.trig.gz	owl	"Command `java -jar /Users/cthoyt/.data/robot/1.9.10/robot.jar convert -i /var/folders/gs/5hqh1d793dq8hly3pp8wcxg00000gn/T/tmp5eg5pirv/download.trig.gz -o /var/folders/gs/5hqh1d793dq8hly3pp8wcxg00000gn/T/tmp5eg5pirv/tmp.ttl --check=false --format ttl` returned non-zero exit status 1.

stderr:

  WARNING: A terminally deprecated method in sun.misc.Unsafe has been called WARNING: sun.misc.Unsafe::objectFieldOffset has been called by com.github.benmanes.caffeine.base.UnsafeAccess (file:/Users/cthoyt/.data/robot/1.9.10/robot.jar) WARNING: Please consider reporting this to the maintainers of class com.github.benmanes.caffeine.base.UnsafeAccess WARNING: sun.misc.Unsafe::objectFieldOffset will be removed in a future release

stdout:

  FILE DOES NOT EXIST ERROR File does not exist: /var/folders/gs/5hqh1d793dq8hly3pp8wcxg00000gn/T/tmp5eg5pirv/catalog-v001.xml For details see: http://robot.obolibrary.org/errors#file-does-not-exist-error Use the -vvv option to show the stack trace. Use the --help option to see usage information."
reactome	https://w3id.org/biopragmatics/resources/reactome/reactome.owl.gz	owl	"Command `java -jar /Users/cthoyt/.data/robot/1.9.10/robot.jar convert -i /var/folders/gs/5hqh1d793dq8hly3pp8wcxg00000gn/T/tmp9fqmuvcy/reactome.owl.gz -o /var/folders/gs/5hqh1d793dq8hly3pp8wcxg00000gn/T/tmp9fqmuvcy/tmp.ttl --check=false --format ttl` returned non-zero exit status 1.

stderr:

  WARNING: A terminally deprecated method in sun.misc.Unsafe has been called WARNING: sun.misc.Unsafe::objectFieldOffset has been called by com.github.benmanes.caffeine.base.UnsafeAccess (file:/Users/cthoyt/.data/robot/1.9.10/robot.jar) WARNING: Please consider reporting this to the maintainers of class com.github.benmanes.caffeine.base.UnsafeAccess WARNING: sun.misc.Unsafe::objectFieldOffset will be removed in a future release

stdout:

  FILE DOES NOT EXIST ERROR File does not exist: /var/folders/gs/5hqh1d793dq8hly3pp8wcxg00000gn/T/tmp9fqmuvcy/catalog-v001.xml For details see: http://robot.obolibrary.org/errors#file-does-not-exist-error Use the -vvv option to show the stack trace. Use the --help option to see usage information."
rec	https://web.archive.org/web/20250116013621/https://smiy.sourceforge.net/rec/rdf/recommendationontology.owl	owl	"Command `java -jar /Users/cthoyt/.data/robot/1.9.10/robot.jar convert -i /var/folders/gs/5hqh1d793dq8hly3pp8wcxg00000gn/T/tmp8e7pqpk3/recommendationontology.owl -o /var/folders/gs/5hqh1d793dq8hly3pp8wcxg00000gn/T/tmp8e7pqpk3/tmp.ttl --check=false --format ttl` returned non-zero exit status 1.

stderr:

  WARNING: A terminally deprecated method in sun.misc.Unsafe has been called WARNING: sun.misc.Unsafe::objectFieldOffset has been called by com.github.benmanes.caffeine.base.UnsafeAccess (file:/Users/cthoyt/.data/robot/1.9.10/robot.jar) WARNING: Please consider reporting this to the maintainers of class com.github.benmanes.caffeine.base.UnsafeAccess WARNING: sun.misc.Unsafe::objectFieldOffset will be removed in a future release

stdout:

  org.semanticweb.owlapi.model.UnloadableImportException: Could not load imported ontology: <http://purl.org/ontology/ao/core> Cause: https://smiy.sourceforge.io/ao/associationontology Use the -vvv option to show the stack trace. Use the --help option to see usage information."
reto	https://www.bio.ntnu.no/ontology/ReTO/reto.owl	owl	"Command `java -jar /Users/cthoyt/.data/robot/1.9.10/robot.jar convert -i /var/folders/gs/5hqh1d793dq8hly3pp8wcxg00000gn/T/tmp021impqj/reto.owl -o /var/folders/gs/5hqh1d793dq8hly3pp8wcxg00000gn/T/tmp021impqj/tmp.ttl --check=false --format ttl` returned non-zero exit status 1.

stderr:

  WARNING: A terminally deprecated method in sun.misc.Unsafe has been called WARNING: sun.misc.Unsafe::objectFieldOffset has been called by com.github.benmanes.caffeine.base.UnsafeAccess (file:/Users/cthoyt/.data/robot/1.9.10/robot.jar) WARNING: Please consider reporting this to the maintainers of class com.github.benmanes.caffeine.base.UnsafeAccess WARNING: sun.misc.Unsafe::objectFieldOffset will be removed in a future release

stdout:

  INVALID ONTOLOGY FILE ERROR Could not load a valid ontology from file: reto.owl For details see: http://robot.obolibrary.org/errors#invalid-ontology-file-error Use the -vvv option to show the stack trace. Use the --help option to see usage information."
rexo	https://www.bio.ntnu.no/ontology/ReXO/rexo.owl	owl	"Command `java -jar /Users/cthoyt/.data/robot/1.9.10/robot.jar convert -i /var/folders/gs/5hqh1d793dq8hly3pp8wcxg00000gn/T/tmp3ttu479z/rexo.owl -o /var/folders/gs/5hqh1d793dq8hly3pp8wcxg00000gn/T/tmp3ttu479z/tmp.ttl --check=false --format ttl` returned non-zero exit status 1.

stderr:

  WARNING: A terminally deprecated method in sun.misc.Unsafe has been called WARNING: sun.misc.Unsafe::objectFieldOffset has been called by com.github.benmanes.caffeine.base.UnsafeAccess (file:/Users/cthoyt/.data/robot/1.9.10/robot.jar) WARNING: Please consider reporting this to the maintainers of class com.github.benmanes.caffeine.base.UnsafeAccess WARNING: sun.misc.Unsafe::objectFieldOffset will be removed in a future release

stdout:

  INVALID ONTOLOGY FILE ERROR Could not load a valid ontology from file: rexo.owl For details see: http://robot.obolibrary.org/errors#invalid-ontology-file-error Use the -vvv option to show the stack trace. Use the --help option to see usage information."
rgd	https://w3id.org/biopragmatics/resources/rgd/rgd.owl.gz	owl	"Command `java -jar /Users/cthoyt/.data/robot/1.9.10/robot.jar convert -i /var/folders/gs/5hqh1d793dq8hly3pp8wcxg00000gn/T/tmpfe46bikf/rgd.owl.gz -o /var/folders/gs/5hqh1d793dq8hly3pp8wcxg00000gn/T/tmpfe46bikf/tmp.ttl --check=false --format ttl` returned non-zero exit status 1.

stderr:

  WARNING: A terminally deprecated method in sun.misc.Unsafe has been called WARNING: sun.misc.Unsafe::objectFieldOffset has been called by com.github.benmanes.caffeine.base.UnsafeAccess (file:/Users/cthoyt/.data/robot/1.9.10/robot.jar) WARNING: Please consider reporting this to the maintainers of class com.github.benmanes.caffeine.base.UnsafeAccess WARNING: sun.misc.Unsafe::objectFieldOffset will be removed in a future release

stdout:

  FILE DOES NOT EXIST ERROR File does not exist: /var/folders/gs/5hqh1d793dq8hly3pp8wcxg00000gn/T/tmpfe46bikf/catalog-v001.xml For details see: http://robot.obolibrary.org/errors#file-does-not-exist-error Use the -vvv option to show the stack trace. Use the --help option to see usage information."
rhea	https://w3id.org/biopragmatics/resources/rhea/rhea.owl.gz	owl	"Command `java -jar /Users/cthoyt/.data/robot/1.9.10/robot.jar convert -i /var/folders/gs/5hqh1d793dq8hly3pp8wcxg00000gn/T/tmpnso9xu4k/rhea.owl.gz -o /var/folders/gs/5hqh1d793dq8hly3pp8wcxg00000gn/T/tmpnso9xu4k/tmp.ttl --check=false --format ttl` returned non-zero exit status 1.

stderr:

  WARNING: A terminally deprecated method in sun.misc.Unsafe has been called WARNING: sun.misc.Unsafe::objectFieldOffset has been called by com.github.benmanes.caffeine.base.UnsafeAccess (file:/Users/cthoyt/.data/robot/1.9.10/robot.jar) WARNING: Please consider reporting this to the maintainers of class com.github.benmanes.caffeine.base.UnsafeAccess WARNING: sun.misc.Unsafe::objectFieldOffset will be removed in a future release

stdout:

  FILE DOES NOT EXIST ERROR File does not exist: /var/folders/gs/5hqh1d793dq8hly3pp8wcxg00000gn/T/tmpnso9xu4k/catalog-v001.xml For details see: http://robot.obolibrary.org/errors#file-does-not-exist-error Use the -vvv option to show the stack trace. Use the --help option to see usage information."
rnao	http://purl.obolibrary.org/obo/rnao.owl	owl	"Command `java -jar /Users/cthoyt/.data/robot/1.9.10/robot.jar convert -i /var/folders/gs/5hqh1d793dq8hly3pp8wcxg00000gn/T/tmpal85558x/rnao.owl -o /var/folders/gs/5hqh1d793dq8hly3pp8wcxg00000gn/T/tmpal85558x/tmp.ttl --check=false --format ttl` returned non-zero exit status 1.

stderr:

  WARNING: A terminally deprecated method in sun.misc.Unsafe has been called WARNING: sun.misc.Unsafe::objectFieldOffset has been called by com.github.benmanes.caffeine.base.UnsafeAccess (file:/Users/cthoyt/.data/robot/1.9.10/robot.jar) WARNING: Please consider reporting this to the maintainers of class com.github.benmanes.caffeine.base.UnsafeAccess WARNING: sun.misc.Unsafe::objectFieldOffset will be removed in a future release

stdout:

  org.semanticweb.owlapi.model.UnloadableImportException: Could not load imported ontology: <http://www.obofoundry.org/ro/ro.owl> Cause: http://obofoundry.org/ro/ro.owl Use the -vvv option to show the stack trace. Use the --help option to see usage information."
roleo	http://aber-owl.net/media/ontologies/ROLEO/1/roleo.owl	owl	"Command `java -jar /Users/cthoyt/.data/robot/1.9.10/robot.jar convert -i /var/folders/gs/5hqh1d793dq8hly3pp8wcxg00000gn/T/tmp47619vds/roleo.owl -o /var/folders/gs/5hqh1d793dq8hly3pp8wcxg00000gn/T/tmp47619vds/tmp.ttl --check=false --format ttl` returned non-zero exit status 1.

stderr:

  WARNING: A terminally deprecated method in sun.misc.Unsafe has been called WARNING: sun.misc.Unsafe::objectFieldOffset has been called by com.github.benmanes.caffeine.base.UnsafeAccess (file:/Users/cthoyt/.data/robot/1.9.10/robot.jar) WARNING: Please consider reporting this to the maintainers of class com.github.benmanes.caffeine.base.UnsafeAccess WARNING: sun.misc.Unsafe::objectFieldOffset will be removed in a future release

stdout:

  INVALID ONTOLOGY FILE ERROR Could not load a valid ontology from file: roleo.owl For details see: http://robot.obolibrary.org/errors#invalid-ontology-file-error Use the -vvv option to show the stack trace. Use the --help option to see usage information."
ror	https://w3id.org/biopragmatics/resources/ror/ror.owl.gz	owl	"Command `java -jar /Users/cthoyt/.data/robot/1.9.10/robot.jar convert -i /var/folders/gs/5hqh1d793dq8hly3pp8wcxg00000gn/T/tmp862fwzgu/ror.owl.gz -o /var/folders/gs/5hqh1d793dq8hly3pp8wcxg00000gn/T/tmp862fwzgu/tmp.ttl --check=false --format ttl` returned non-zero exit status 1.

stderr:

  WARNING: A terminally deprecated method in sun.misc.Unsafe has been called WARNING: sun.misc.Unsafe::objectFieldOffset has been called by com.github.benmanes.caffeine.base.UnsafeAccess (file:/Users/cthoyt/.data/robot/1.9.10/robot.jar) WARNING: Please consider reporting this to the maintainers of class com.github.benmanes.caffeine.base.UnsafeAccess WARNING: sun.misc.Unsafe::objectFieldOffset will be removed in a future release

stdout:

  FILE DOES NOT EXIST ERROR File does not exist: /var/folders/gs/5hqh1d793dq8hly3pp8wcxg00000gn/T/tmp862fwzgu/catalog-v001.xml For details see: http://robot.obolibrary.org/errors#file-does-not-exist-error Use the -vvv option to show the stack trace. Use the --help option to see usage information."
scsn.order	https://ontology.tno.nl/dforder.ttl	owl	"Command `java -jar /Users/cthoyt/.data/robot/1.9.10/robot.jar convert -i /var/folders/gs/5hqh1d793dq8hly3pp8wcxg00000gn/T/tmpdfli_crb/dforder.ttl -o /var/folders/gs/5hqh1d793dq8hly3pp8wcxg00000gn/T/tmpdfli_crb/tmp.ttl --check=false --format ttl` returned non-zero exit status 1.

stderr:

  WARNING: A terminally deprecated method in sun.misc.Unsafe has been called WARNING: sun.misc.Unsafe::objectFieldOffset has been called by com.github.benmanes.caffeine.base.UnsafeAccess (file:/Users/cthoyt/.data/robot/1.9.10/robot.jar) WARNING: Please consider reporting this to the maintainers of class com.github.benmanes.caffeine.base.UnsafeAccess WARNING: sun.misc.Unsafe::objectFieldOffset will be removed in a future release

stdout:

  org.semanticweb.owlapi.model.UnloadableImportException: Could not load imported ontology: <http://ontology.tno.nl/dfcore> Cause: Problem parsing http://ontology.tno.nl/dfcore Could not parse ontology. Either a suitable parser could not be found, or parsing failed. See parser logs below for explanation. The following parsers were tried: 1) org.semanticweb.owlapi.rdf.rdfxml.parser.RDFXMLParser@7a231dfd 2) org.semanticweb.owlapi.owlxml.parser.OWLXMLParser@1fde4f40 3) [...]"
sddo	https://github.com/NASA-IMPACT/sddo/raw/refs/heads/master/sddo.owl	owl	"Command `java -jar /Users/cthoyt/.data/robot/1.9.10/robot.jar convert -i /var/folders/gs/5hqh1d793dq8hly3pp8wcxg00000gn/T/tmpomhf1u4d/sddo.owl -o /var/folders/gs/5hqh1d793dq8hly3pp8wcxg00000gn/T/tmpomhf1u4d/tmp.ttl --check=false --format ttl` returned non-zero exit status 1.

stderr:

  WARNING: A terminally deprecated method in sun.misc.Unsafe has been called WARNING: sun.misc.Unsafe::objectFieldOffset has been called by com.github.benmanes.caffeine.base.UnsafeAccess (file:/Users/cthoyt/.data/robot/1.9.10/robot.jar) WARNING: Please consider reporting this to the maintainers of class com.github.benmanes.caffeine.base.UnsafeAccess WARNING: sun.misc.Unsafe::objectFieldOffset will be removed in a future release

stdout:

  INVALID ONTOLOGY FILE ERROR Could not load a valid ontology from file: sddo.owl For details see: http://robot.obolibrary.org/errors#invalid-ontology-file-error Use the -vvv option to show the stack trace. Use the --help option to see usage information."
seo	https://github.com/saidfathalla/SEOontology/raw/refs/heads/master/SEO.owl	owl	"Command `java -jar /Users/cthoyt/.data/robot/1.9.10/robot.jar convert -i /var/folders/gs/5hqh1d793dq8hly3pp8wcxg00000gn/T/tmp0byni9_5/SEO.owl -o /var/folders/gs/5hqh1d793dq8hly3pp8wcxg00000gn/T/tmp0byni9_5/tmp.ttl --check=false --format ttl` returned non-zero exit status 1.

stderr:

  WARNING: A terminally deprecated method in sun.misc.Unsafe has been called WARNING: sun.misc.Unsafe::objectFieldOffset has been called by com.github.benmanes.caffeine.base.UnsafeAccess (file:/Users/cthoyt/.data/robot/1.9.10/robot.jar) WARNING: Please consider reporting this to the maintainers of class com.github.benmanes.caffeine.base.UnsafeAccess WARNING: sun.misc.Unsafe::objectFieldOffset will be removed in a future release

stdout:

  org.semanticweb.owlapi.model.UnloadableImportException: Could not load imported ontology: <http://www.essepuntato.it/2012/04/tvc> Cause: Problem parsing http://www.essepuntato.it/2012/04/tvc Could not parse ontology. Either a suitable parser could not be found, or parsing failed. See parser logs below for explanation. The following parsers were tried: 1) org.semanticweb.owlapi.rdf.rdfxml.parser.RDFXMLParser@21ab988f 2) org.semanticweb.owlapi.owlxml.parser.OWLXMLParser@515ebef3 3) [...]"
seon	https://dev.nemo.inf.ufes.br/seon/SEON.owl	owl	Failed with requests to download https://dev.nemo.inf.ufes.br/seon/SEON.owl to /private/var/folders/gs/5hqh1d793dq8hly3pp8wcxg00000gn/T/tmpshjcczdu/SEON.owl
sep	http://purl.obolibrary.org/obo/sep.owl	owl	"Command `java -jar /Users/cthoyt/.data/robot/1.9.10/robot.jar convert -i /var/folders/gs/5hqh1d793dq8hly3pp8wcxg00000gn/T/tmpml1mi_wn/sep.owl -o /var/folders/gs/5hqh1d793dq8hly3pp8wcxg00000gn/T/tmpml1mi_wn/tmp.ttl --check=false --format ttl` returned non-zero exit status 1.

stderr:

  WARNING: A terminally deprecated method in sun.misc.Unsafe has been called WARNING: sun.misc.Unsafe::objectFieldOffset has been called by com.github.benmanes.caffeine.base.UnsafeAccess (file:/Users/cthoyt/.data/robot/1.9.10/robot.jar) WARNING: Please consider reporting this to the maintainers of class com.github.benmanes.caffeine.base.UnsafeAccess WARNING: sun.misc.Unsafe::objectFieldOffset will be removed in a future release

stdout:

  INVALID ONTOLOGY FILE ERROR Could not load a valid ontology from file: sep.owl For details see: http://robot.obolibrary.org/errors#invalid-ontology-file-error Use the -vvv option to show the stack trace. Use the --help option to see usage information."
sioc.swan	http://rdfs.org/sioc/swan#	owl	"Command `java -jar /Users/cthoyt/.data/robot/1.9.10/robot.jar convert -i /var/folders/gs/5hqh1d793dq8hly3pp8wcxg00000gn/T/tmp1ks6qw6s/swan -o /var/folders/gs/5hqh1d793dq8hly3pp8wcxg00000gn/T/tmp1ks6qw6s/tmp.ttl --check=false --format ttl` returned non-zero exit status 1.

stderr:

  WARNING: A terminally deprecated method in sun.misc.Unsafe has been called WARNING: sun.misc.Unsafe::objectFieldOffset has been called by com.github.benmanes.caffeine.base.UnsafeAccess (file:/Users/cthoyt/.data/robot/1.9.10/robot.jar) WARNING: Please consider reporting this to the maintainers of class com.github.benmanes.caffeine.base.UnsafeAccess WARNING: sun.misc.Unsafe::objectFieldOffset will be removed in a future release

stdout:

  org.semanticweb.owlapi.model.UnloadableImportException: Could not load imported ontology: <http://swan.mindinformatics.org/ontologies/1.2/swan.owl> Cause: swan.mindinformatics.org Use the -vvv option to show the stack trace. Use the --help option to see usage information."
slm	https://w3id.org/biopragmatics/resources/slm/slm.owl.gz	owl	"Command `java -jar /Users/cthoyt/.data/robot/1.9.10/robot.jar convert -i /var/folders/gs/5hqh1d793dq8hly3pp8wcxg00000gn/T/tmpvcrvzgbq/slm.owl.gz -o /var/folders/gs/5hqh1d793dq8hly3pp8wcxg00000gn/T/tmpvcrvzgbq/tmp.ttl --check=false --format ttl` returned non-zero exit status 1.

stderr:

  WARNING: A terminally deprecated method in sun.misc.Unsafe has been called WARNING: sun.misc.Unsafe::objectFieldOffset has been called by com.github.benmanes.caffeine.base.UnsafeAccess (file:/Users/cthoyt/.data/robot/1.9.10/robot.jar) WARNING: Please consider reporting this to the maintainers of class com.github.benmanes.caffeine.base.UnsafeAccess WARNING: sun.misc.Unsafe::objectFieldOffset will be removed in a future release

stdout:

  FILE DOES NOT EXIST ERROR File does not exist: /var/folders/gs/5hqh1d793dq8hly3pp8wcxg00000gn/T/tmpvcrvzgbq/catalog-v001.xml For details see: http://robot.obolibrary.org/errors#file-does-not-exist-error Use the -vvv option to show the stack trace. Use the --help option to see usage information."
sphn	https://git.dcc.sib.swiss/sphn-semantic-framework/sphn-ontology/-/raw/master/rdf_schema/sphn_rdf_schema.owl	owl	"Command `java -jar /Users/cthoyt/.data/robot/1.9.10/robot.jar convert -i /var/folders/gs/5hqh1d793dq8hly3pp8wcxg00000gn/T/tmp8i_ipxqm/sphn_rdf_schema.owl -o /var/folders/gs/5hqh1d793dq8hly3pp8wcxg00000gn/T/tmp8i_ipxqm/tmp.ttl --check=false --format ttl` returned non-zero exit status 1.

stderr:

  WARNING: A terminally deprecated method in sun.misc.Unsafe has been called WARNING: sun.misc.Unsafe::objectFieldOffset has been called by com.github.benmanes.caffeine.base.UnsafeAccess (file:/Users/cthoyt/.data/robot/1.9.10/robot.jar) WARNING: Please consider reporting this to the maintainers of class com.github.benmanes.caffeine.base.UnsafeAccess WARNING: sun.misc.Unsafe::objectFieldOffset will be removed in a future release

stdout:

  org.semanticweb.owlapi.model.UnloadableImportException: Could not load imported ontology: <http://dicom.nema.org/resources/ontology/DCM/2025e_20251115> Cause: https://dicom.nema.org/resources/ontology/DCM/2025e_20251115 Use the -vvv option to show the stack trace. Use the --help option to see usage information."
spin	https://spinrdf.org/spin	owl	"Command `java -jar /Users/cthoyt/.data/robot/1.9.10/robot.jar convert -i /var/folders/gs/5hqh1d793dq8hly3pp8wcxg00000gn/T/tmp8ahqx63t/spin -o /var/folders/gs/5hqh1d793dq8hly3pp8wcxg00000gn/T/tmp8ahqx63t/tmp.ttl --check=false --format ttl` returned non-zero exit status 1.

stderr:

  WARNING: A terminally deprecated method in sun.misc.Unsafe has been called WARNING: sun.misc.Unsafe::objectFieldOffset has been called by com.github.benmanes.caffeine.base.UnsafeAccess (file:/Users/cthoyt/.data/robot/1.9.10/robot.jar) WARNING: Please consider reporting this to the maintainers of class com.github.benmanes.caffeine.base.UnsafeAccess WARNING: sun.misc.Unsafe::objectFieldOffset will be removed in a future release

stdout:

  INVALID ONTOLOGY FILE ERROR Could not load a valid ontology from file: spin For details see: http://robot.obolibrary.org/errors#invalid-ontology-file-error Use the -vvv option to show the stack trace. Use the --help option to see usage information."
swan	https://rawcdn.githack.com/pav-ontology/swan-ontology/2.0.1/swan.owl	owl	"Command `java -jar /Users/cthoyt/.data/robot/1.9.10/robot.jar convert -i /var/folders/gs/5hqh1d793dq8hly3pp8wcxg00000gn/T/tmp0urlkj8m/swan.owl -o /var/folders/gs/5hqh1d793dq8hly3pp8wcxg00000gn/T/tmp0urlkj8m/tmp.ttl --check=false --format ttl` returned non-zero exit status 1.

stderr:

  WARNING: A terminally deprecated method in sun.misc.Unsafe has been called WARNING: sun.misc.Unsafe::objectFieldOffset has been called by com.github.benmanes.caffeine.base.UnsafeAccess (file:/Users/cthoyt/.data/robot/1.9.10/robot.jar) WARNING: Please consider reporting this to the maintainers of class com.github.benmanes.caffeine.base.UnsafeAccess WARNING: sun.misc.Unsafe::objectFieldOffset will be removed in a future release

stdout:

  org.semanticweb.owlapi.model.UnloadableImportException: Could not load imported ontology: <http://purl.org/swan/2.0/agents/> Cause: http://swan-ontology.googlecode.com/svn/trunk/agents.owl Use the -vvv option to show the stack trace. Use the --help option to see usage information."
sweet.maae	https://github.com/ESIPFed/sweet/raw/refs/heads/master/src/matrAerosol.ttl	owl	"Command `java -jar /Users/cthoyt/.data/robot/1.9.10/robot.jar convert -i /var/folders/gs/5hqh1d793dq8hly3pp8wcxg00000gn/T/tmptsl8yhyg/matrAerosol.ttl -o /var/folders/gs/5hqh1d793dq8hly3pp8wcxg00000gn/T/tmptsl8yhyg/tmp.ttl --check=false --format ttl` returned non-zero exit status 1.

stderr:

  WARNING: A terminally deprecated method in sun.misc.Unsafe has been called WARNING: sun.misc.Unsafe::objectFieldOffset has been called by com.github.benmanes.caffeine.base.UnsafeAccess (file:/Users/cthoyt/.data/robot/1.9.10/robot.jar) WARNING: Please consider reporting this to the maintainers of class com.github.benmanes.caffeine.base.UnsafeAccess WARNING: sun.misc.Unsafe::objectFieldOffset will be removed in a future release

stdout:

  2026-10-04 02:55:59,428 ERROR uk.ac.manchester.cs.owl.owlapi.OWLOntologyManagerImpl - OWLOntologyManagerImpl.checkForOntologyIDChange() existing:Ontology(OntologyID(OntologyIRI(<http://sweetontology.net/matrAerosol>) VersionIRI(<null>))) [Axioms: 69 Logical Axioms: 27] First 20 axioms: {SubClassOf(<http://sweetontology.net/matrAerosol/Grain> <http://sweetontology.net/statePhysical/SubstanceForm>) SubClassOf(<http://sweetontology.net/matrAerosol/Pollen> [...]"
sweet.maw	https://github.com/ESIPFed/sweet/raw/refs/heads/master/src/matrWater.ttl	owl	"Command `java -jar /Users/cthoyt/.data/robot/1.9.10/robot.jar convert -i /var/folders/gs/5hqh1d793dq8hly3pp8wcxg00000gn/T/tmplk5__quo/matrWater.ttl -o /var/folders/gs/5hqh1d793dq8hly3pp8wcxg00000gn/T/tmplk5__quo/tmp.ttl --check=false --format ttl` returned non-zero exit status 1.

stderr:

  WARNING: A terminally deprecated method in sun.misc.Unsafe has been called WARNING: sun.misc.Unsafe::objectFieldOffset has been called by com.github.benmanes.caffeine.base.UnsafeAccess (file:/Users/cthoyt/.data/robot/1.9.10/robot.jar) WARNING: Please consider reporting this to the maintainers of class com.github.benmanes.caffeine.base.UnsafeAccess WARNING: sun.misc.Unsafe::objectFieldOffset will be removed in a future release

stdout:

  2026-10-04 03:15:30,528 ERROR uk.ac.manchester.cs.owl.owlapi.OWLOntologyManagerImpl - OWLOntologyManagerImpl.checkForOntologyIDChange() existing:Ontology(OntologyID(OntologyIRI(<http://sweetontology.net/matrWater>) VersionIRI(<null>))) [Axioms: 146 Logical Axioms: 58] First 20 axioms: {ClassAssertion(<http://sweetontology.net/propSpaceDistance/SizeRange_micron> _:genid2147484154) ClassAssertion(<http://sweetontology.net/propSpaceDistance/SizeRange_micron> _:genid2147484161) [...]"
sweet.reac	https://github.com/ESIPFed/sweet/raw/refs/heads/master/src/realmCryo.ttl	owl	"Command `java -jar /Users/cthoyt/.data/robot/1.9.10/robot.jar convert -i /var/folders/gs/5hqh1d793dq8hly3pp8wcxg00000gn/T/tmpboginc3r/realmCryo.ttl -o /var/folders/gs/5hqh1d793dq8hly3pp8wcxg00000gn/T/tmpboginc3r/tmp.ttl --check=false --format ttl` returned non-zero exit status 1.

stderr:

  WARNING: A terminally deprecated method in sun.misc.Unsafe has been called WARNING: sun.misc.Unsafe::objectFieldOffset has been called by com.github.benmanes.caffeine.base.UnsafeAccess (file:/Users/cthoyt/.data/robot/1.9.10/robot.jar) WARNING: Please consider reporting this to the maintainers of class com.github.benmanes.caffeine.base.UnsafeAccess WARNING: sun.misc.Unsafe::objectFieldOffset will be removed in a future release

stdout:

  2026-10-04 04:34:17,633 ERROR uk.ac.manchester.cs.owl.owlapi.OWLOntologyManagerImpl - OWLOntologyManagerImpl.checkForOntologyIDChange() existing:Ontology(OntologyID(OntologyIRI(<http://sweetontology.net/realmCryo>) VersionIRI(<null>))) [Axioms: 319 Logical Axioms: 39] First 20 axioms: {EquivalentClasses(<http://sweetontology.net/realmCryo/GlacierTerminus> <http://sweetontology.net/realmCryo/Snout>) EquivalentClasses(<http://sweetontology.net/realmCryo/Floe> [...]"
sweet.reacz	https://github.com/ESIPFed/sweet/raw/refs/heads/master/src/realmClimateZone.ttl	owl	"Command `java -jar /Users/cthoyt/.data/robot/1.9.10/robot.jar convert -i /var/folders/gs/5hqh1d793dq8hly3pp8wcxg00000gn/T/tmp3pc2_72m/realmClimateZone.ttl -o /var/folders/gs/5hqh1d793dq8hly3pp8wcxg00000gn/T/tmp3pc2_72m/tmp.ttl --check=false --format ttl` returned non-zero exit status 1.

stderr:

  WARNING: A terminally deprecated method in sun.misc.Unsafe has been called WARNING: sun.misc.Unsafe::objectFieldOffset has been called by com.github.benmanes.caffeine.base.UnsafeAccess (file:/Users/cthoyt/.data/robot/1.9.10/robot.jar) WARNING: Please consider reporting this to the maintainers of class com.github.benmanes.caffeine.base.UnsafeAccess WARNING: sun.misc.Unsafe::objectFieldOffset will be removed in a future release

stdout:

  2026-10-04 04:35:10,240 ERROR uk.ac.manchester.cs.owl.owlapi.OWLOntologyManagerImpl - OWLOntologyManagerImpl.checkForOntologyIDChange() existing:Ontology(OntologyID(OntologyIRI(<http://sweetontology.net/realmClimateZone>) VersionIRI(<null>))) [Axioms: 265 Logical Axioms: 132] First 20 axioms: {ClassAssertion(<http://sweetontology.net/propTime/MonthRange> _:genid2147484320) ClassAssertion(<http://sweetontology.net/realmClimateZone/A> <http://sweetontology.net/realmClimateZone/Aw>) [...]"
sweet.reag	https://github.com/ESIPFed/sweet/raw/refs/heads/master/src/realmGeol.ttl	owl	"Command `java -jar /Users/cthoyt/.data/robot/1.9.10/robot.jar convert -i /var/folders/gs/5hqh1d793dq8hly3pp8wcxg00000gn/T/tmpe_x8914j/realmGeol.ttl -o /var/folders/gs/5hqh1d793dq8hly3pp8wcxg00000gn/T/tmpe_x8914j/tmp.ttl --check=false --format ttl` returned non-zero exit status 1.

stderr:

  WARNING: A terminally deprecated method in sun.misc.Unsafe has been called WARNING: sun.misc.Unsafe::objectFieldOffset has been called by com.github.benmanes.caffeine.base.UnsafeAccess (file:/Users/cthoyt/.data/robot/1.9.10/robot.jar) WARNING: Please consider reporting this to the maintainers of class com.github.benmanes.caffeine.base.UnsafeAccess WARNING: sun.misc.Unsafe::objectFieldOffset will be removed in a future release

stdout:

  2026-10-04 04:36:55,827 ERROR uk.ac.manchester.cs.owl.owlapi.OWLOntologyManagerImpl - OWLOntologyManagerImpl.checkForOntologyIDChange() existing:Ontology(OntologyID(OntologyIRI(<http://sweetontology.net/realmGeol>) VersionIRI(<null>))) [Axioms: 152 Logical Axioms: 53] First 20 axioms: {SubClassOf(<http://sweetontology.net/realmGeol/GeologicFeature> ObjectAllValuesFrom(<http://sweetontology.net/rela/hasRealm> <http://sweetontology.net/realm/Geosphere>)) [...]"
sweet.reahb	https://github.com/ESIPFed/sweet/raw/refs/heads/master/src/realmHydroBody.ttl	owl	"Command `java -jar /Users/cthoyt/.data/robot/1.9.10/robot.jar convert -i /var/folders/gs/5hqh1d793dq8hly3pp8wcxg00000gn/T/tmpmenk2gx6/realmHydroBody.ttl -o /var/folders/gs/5hqh1d793dq8hly3pp8wcxg00000gn/T/tmpmenk2gx6/tmp.ttl --check=false --format ttl` returned non-zero exit status 1.

stderr:

  WARNING: A terminally deprecated method in sun.misc.Unsafe has been called WARNING: sun.misc.Unsafe::objectFieldOffset has been called by com.github.benmanes.caffeine.base.UnsafeAccess (file:/Users/cthoyt/.data/robot/1.9.10/robot.jar) WARNING: Please consider reporting this to the maintainers of class com.github.benmanes.caffeine.base.UnsafeAccess WARNING: sun.misc.Unsafe::objectFieldOffset will be removed in a future release

stdout:

  2026-10-04 04:43:05,241 ERROR uk.ac.manchester.cs.owl.owlapi.OWLOntologyManagerImpl - OWLOntologyManagerImpl.checkForOntologyIDChange() existing:Ontology(OntologyID(OntologyIRI(<http://sweetontology.net/realmHydroBody>) VersionIRI(<null>))) [Axioms: 153 Logical Axioms: 51] First 20 axioms: {SubClassOf(<http://sweetontology.net/realmHydroBody/SeaSurface> <http://sweetontology.net/realm/PlanetarySurface>) SubClassOf(<http://sweetontology.net/realmHydroBody/Lake> [...]"
sweet.rear	https://github.com/ESIPFed/sweet/raw/refs/heads/master/src/realmRegion.ttl	owl	"Command `java -jar /Users/cthoyt/.data/robot/1.9.10/robot.jar convert -i /var/folders/gs/5hqh1d793dq8hly3pp8wcxg00000gn/T/tmp9r4f_k49/realmRegion.ttl -o /var/folders/gs/5hqh1d793dq8hly3pp8wcxg00000gn/T/tmp9r4f_k49/tmp.ttl --check=false --format ttl` returned non-zero exit status 1.

stderr:

  WARNING: A terminally deprecated method in sun.misc.Unsafe has been called WARNING: sun.misc.Unsafe::objectFieldOffset has been called by com.github.benmanes.caffeine.base.UnsafeAccess (file:/Users/cthoyt/.data/robot/1.9.10/robot.jar) WARNING: Please consider reporting this to the maintainers of class com.github.benmanes.caffeine.base.UnsafeAccess WARNING: sun.misc.Unsafe::objectFieldOffset will be removed in a future release

stdout:

  2026-10-04 04:54:35,380 ERROR uk.ac.manchester.cs.owl.owlapi.OWLOntologyManagerImpl - OWLOntologyManagerImpl.checkForOntologyIDChange() existing:Ontology(OntologyID(OntologyIRI(<http://sweetontology.net/realmRegion>) VersionIRI(<null>))) [Axioms: 101 Logical Axioms: 50] First 20 axioms: {Declaration(NamedIndividual(<http://sweetontology.net/reprSciUnits/degrees>)) Declaration(NamedIndividual(<http://sweetontology.net/realmRegion/Extratropics>)) [...]"
tfo	http://opendata.inrae.fr/PO2/Ontology/transformON.rdf		Could not guess RDF format for <rdflib.parser.InputSource object at 0x112573e50> from file extension so tried Turtle but failed.You can explicitly specify format using the format argument.
tib.ifc	https://standards.buildingsmart.org/IFC/DEV/IFC4/ADD2_TC1/OWL/ontology.ttl	owl	"Command `java -jar /Users/cthoyt/.data/robot/1.9.10/robot.jar convert -i /var/folders/gs/5hqh1d793dq8hly3pp8wcxg00000gn/T/tmpd39yutab/ontology.ttl -o /var/folders/gs/5hqh1d793dq8hly3pp8wcxg00000gn/T/tmpd39yutab/tmp.ttl --check=false --format ttl` returned non-zero exit status 1.

stderr:

  WARNING: A terminally deprecated method in sun.misc.Unsafe has been called WARNING: sun.misc.Unsafe::objectFieldOffset has been called by com.github.benmanes.caffeine.base.UnsafeAccess (file:/Users/cthoyt/.data/robot/1.9.10/robot.jar) WARNING: Please consider reporting this to the maintainers of class com.github.benmanes.caffeine.base.UnsafeAccess WARNING: sun.misc.Unsafe::objectFieldOffset will be removed in a future release

stdout:

  INVALID ONTOLOGY FILE ERROR Could not load a valid ontology from file: ontology.ttl For details see: http://robot.obolibrary.org/errors#invalid-ontology-file-error Use the -vvv option to show the stack trace. Use the --help option to see usage information."
tno.interconnect.datapoint	https://gitlab.inesctec.pt/interconnect-public/ontology/-/raw/master/ontology/Interconnect/ic-data.ttl	owl	"Command `java -jar /Users/cthoyt/.data/robot/1.9.10/robot.jar convert -i /var/folders/gs/5hqh1d793dq8hly3pp8wcxg00000gn/T/tmp9xlq2yay/ic-data.ttl -o /var/folders/gs/5hqh1d793dq8hly3pp8wcxg00000gn/T/tmp9xlq2yay/tmp.ttl --check=false --format ttl` returned non-zero exit status 1.

stderr:

  WARNING: A terminally deprecated method in sun.misc.Unsafe has been called WARNING: sun.misc.Unsafe::objectFieldOffset has been called by com.github.benmanes.caffeine.base.UnsafeAccess (file:/Users/cthoyt/.data/robot/1.9.10/robot.jar) WARNING: Please consider reporting this to the maintainers of class com.github.benmanes.caffeine.base.UnsafeAccess WARNING: sun.misc.Unsafe::objectFieldOffset will be removed in a future release

stdout:

  org.semanticweb.owlapi.model.UnloadableImportException: Could not load imported ontology: <http://ontology.tno.nl/interconnect/incentivetable> Cause: https://ontology.tno.nl/interconnect/incentivetable Use the -vvv option to show the stack trace. Use the --help option to see usage information."
tno.interconnect.flexibility	https://gitlab.inesctec.pt/interconnect-public/ontology/-/raw/master/ontology/Interconnect/ic-flex.ttl	owl	"Command `java -jar /Users/cthoyt/.data/robot/1.9.10/robot.jar convert -i /var/folders/gs/5hqh1d793dq8hly3pp8wcxg00000gn/T/tmpqrc8h0x5/ic-flex.ttl -o /var/folders/gs/5hqh1d793dq8hly3pp8wcxg00000gn/T/tmpqrc8h0x5/tmp.ttl --check=false --format ttl` returned non-zero exit status 1.

stderr:

  WARNING: A terminally deprecated method in sun.misc.Unsafe has been called WARNING: sun.misc.Unsafe::objectFieldOffset has been called by com.github.benmanes.caffeine.base.UnsafeAccess (file:/Users/cthoyt/.data/robot/1.9.10/robot.jar) WARNING: Please consider reporting this to the maintainers of class com.github.benmanes.caffeine.base.UnsafeAccess WARNING: sun.misc.Unsafe::objectFieldOffset will be removed in a future release

stdout:

  org.semanticweb.owlapi.model.UnloadableImportException: Could not load imported ontology: <http://ontology.tno.nl/interconnect/incentivetable> Cause: https://ontology.tno.nl/interconnect/incentivetable Use the -vvv option to show the stack trace. Use the --help option to see usage information."
tno.interconnect.s2	https://gitlab.inesctec.pt/interconnect-public/ontology/-/raw/master/ontology/Interconnect/ic-s2.ttl	owl	"Command `java -jar /Users/cthoyt/.data/robot/1.9.10/robot.jar convert -i /var/folders/gs/5hqh1d793dq8hly3pp8wcxg00000gn/T/tmph060aw2_/ic-s2.ttl -o /var/folders/gs/5hqh1d793dq8hly3pp8wcxg00000gn/T/tmph060aw2_/tmp.ttl --check=false --format ttl` returned non-zero exit status 1.

stderr:

  WARNING: A terminally deprecated method in sun.misc.Unsafe has been called WARNING: sun.misc.Unsafe::objectFieldOffset has been called by com.github.benmanes.caffeine.base.UnsafeAccess (file:/Users/cthoyt/.data/robot/1.9.10/robot.jar) WARNING: Please consider reporting this to the maintainers of class com.github.benmanes.caffeine.base.UnsafeAccess WARNING: sun.misc.Unsafe::objectFieldOffset will be removed in a future release

stdout:

  org.semanticweb.owlapi.model.UnloadableImportException: Could not load imported ontology: <http://ontology.tno.nl/interconnect/incentivetable> Cause: https://ontology.tno.nl/interconnect/incentivetable Use the -vvv option to show the stack trace. Use the --help option to see usage information."
tno.kbe	http://ontology.tno.nl/KnowledgeBaseExplanation.owl	owl	"Command `java -jar /Users/cthoyt/.data/robot/1.9.10/robot.jar convert -i /var/folders/gs/5hqh1d793dq8hly3pp8wcxg00000gn/T/tmps9339je1/KnowledgeBaseExplanation.owl -o /var/folders/gs/5hqh1d793dq8hly3pp8wcxg00000gn/T/tmps9339je1/tmp.ttl --check=false --format ttl` returned non-zero exit status 1.

stderr:

  WARNING: A terminally deprecated method in sun.misc.Unsafe has been called WARNING: sun.misc.Unsafe::objectFieldOffset has been called by com.github.benmanes.caffeine.base.UnsafeAccess (file:/Users/cthoyt/.data/robot/1.9.10/robot.jar) WARNING: Please consider reporting this to the maintainers of class com.github.benmanes.caffeine.base.UnsafeAccess WARNING: sun.misc.Unsafe::objectFieldOffset will be removed in a future release

stdout:

  org.semanticweb.owlapi.model.UnloadableImportException: Could not load imported ontology: <http://daselab.cs.wright.edu/data/ODP-Tree.owl> Cause: daselab.cs.wright.edu Use the -vvv option to show the stack trace. Use the --help option to see usage information."
tno.ploutos	http://ontology.tno.nl/ploutos/ploutos.ttl	owl	"Command `java -jar /Users/cthoyt/.data/robot/1.9.10/robot.jar convert -i /var/folders/gs/5hqh1d793dq8hly3pp8wcxg00000gn/T/tmp7w3wt4au/ploutos.ttl -o /var/folders/gs/5hqh1d793dq8hly3pp8wcxg00000gn/T/tmp7w3wt4au/tmp.ttl --check=false --format ttl` returned non-zero exit status 1.

stderr:

  WARNING: A terminally deprecated method in sun.misc.Unsafe has been called WARNING: sun.misc.Unsafe::objectFieldOffset has been called by com.github.benmanes.caffeine.base.UnsafeAccess (file:/Users/cthoyt/.data/robot/1.9.10/robot.jar) WARNING: Please consider reporting this to the maintainers of class com.github.benmanes.caffeine.base.UnsafeAccess WARNING: sun.misc.Unsafe::objectFieldOffset will be removed in a future release

stdout:

  org.semanticweb.owlapi.model.UnloadableImportException: Could not load imported ontology: <http://www.ontology-of-units-of-measure.org/resource/om-2/> Cause: (certificate_unknown) No subject alternative DNS name matching www.ontology-of-units-of-measure.org found. Use the -vvv option to show the stack trace. Use the --help option to see usage information."
uniprot	https://w3id.org/biopragmatics/resources/uniprot/uniprot.owl.gz	owl	"Command `java -jar /Users/cthoyt/.data/robot/1.9.10/robot.jar convert -i /var/folders/gs/5hqh1d793dq8hly3pp8wcxg00000gn/T/tmp5b34tnv4/uniprot.owl.gz -o /var/folders/gs/5hqh1d793dq8hly3pp8wcxg00000gn/T/tmp5b34tnv4/tmp.ttl --check=false --format ttl` returned non-zero exit status 1.

stderr:

  WARNING: A terminally deprecated method in sun.misc.Unsafe has been called WARNING: sun.misc.Unsafe::objectFieldOffset has been called by com.github.benmanes.caffeine.base.UnsafeAccess (file:/Users/cthoyt/.data/robot/1.9.10/robot.jar) WARNING: Please consider reporting this to the maintainers of class com.github.benmanes.caffeine.base.UnsafeAccess WARNING: sun.misc.Unsafe::objectFieldOffset will be removed in a future release

stdout:

  FILE DOES NOT EXIST ERROR File does not exist: /var/folders/gs/5hqh1d793dq8hly3pp8wcxg00000gn/T/tmp5b34tnv4/catalog-v001.xml For details see: http://robot.obolibrary.org/errors#file-does-not-exist-error Use the -vvv option to show the stack trace. Use the --help option to see usage information."
uniprot.keyword	https://rest.uniprot.org/keywords/stream?compressed=false&fields=id%2Cname%2Ccategory%2Cgene_ontologies&format=tsv&query=%28%2A%29	owl	"Command `java -jar /Users/cthoyt/.data/robot/1.9.10/robot.jar convert -i /var/folders/gs/5hqh1d793dq8hly3pp8wcxg00000gn/T/tmpcm0gf57a/stream -o /var/folders/gs/5hqh1d793dq8hly3pp8wcxg00000gn/T/tmpcm0gf57a/tmp.ttl --check=false --format ttl` returned non-zero exit status 1.

stderr:

  WARNING: A terminally deprecated method in sun.misc.Unsafe has been called WARNING: sun.misc.Unsafe::objectFieldOffset has been called by com.github.benmanes.caffeine.base.UnsafeAccess (file:/Users/cthoyt/.data/robot/1.9.10/robot.jar) WARNING: Please consider reporting this to the maintainers of class com.github.benmanes.caffeine.base.UnsafeAccess WARNING: sun.misc.Unsafe::objectFieldOffset will be removed in a future release

stdout:

  INVALID ONTOLOGY FILE ERROR Could not load a valid ontology from file: stream For details see: http://robot.obolibrary.org/errors#invalid-ontology-file-error Use the -vvv option to show the stack trace. Use the --help option to see usage information."
vhog	http://purl.obolibrary.org/obo/vhog.owl	owl	"Command `java -jar /Users/cthoyt/.data/robot/1.9.10/robot.jar convert -i /var/folders/gs/5hqh1d793dq8hly3pp8wcxg00000gn/T/tmpkugejibz/vhog.owl -o /var/folders/gs/5hqh1d793dq8hly3pp8wcxg00000gn/T/tmpkugejibz/tmp.ttl --check=false --format ttl` returned non-zero exit status 1.

stderr:

  WARNING: A terminally deprecated method in sun.misc.Unsafe has been called WARNING: sun.misc.Unsafe::objectFieldOffset has been called by com.github.benmanes.caffeine.base.UnsafeAccess (file:/Users/cthoyt/.data/robot/1.9.10/robot.jar) WARNING: Please consider reporting this to the maintainers of class com.github.benmanes.caffeine.base.UnsafeAccess WARNING: sun.misc.Unsafe::objectFieldOffset will be removed in a future release

stdout:

  INVALID ONTOLOGY FILE ERROR Could not load a valid ontology from file: vhog.owl For details see: http://robot.obolibrary.org/errors#invalid-ontology-file-error Use the -vvv option to show the stack trace. Use the --help option to see usage information."
vso	http://aber-owl.net/media/ontologies/VSO/1/vso.owl	owl	"Command `java -jar /Users/cthoyt/.data/robot/1.9.10/robot.jar convert -i /var/folders/gs/5hqh1d793dq8hly3pp8wcxg00000gn/T/tmpihpmwj6v/vso.owl -o /var/folders/gs/5hqh1d793dq8hly3pp8wcxg00000gn/T/tmpihpmwj6v/tmp.ttl --check=false --format ttl` returned non-zero exit status 1.

stderr:

  WARNING: A terminally deprecated method in sun.misc.Unsafe has been called WARNING: sun.misc.Unsafe::objectFieldOffset has been called by com.github.benmanes.caffeine.base.UnsafeAccess (file:/Users/cthoyt/.data/robot/1.9.10/robot.jar) WARNING: Please consider reporting this to the maintainers of class com.github.benmanes.caffeine.base.UnsafeAccess WARNING: sun.misc.Unsafe::objectFieldOffset will be removed in a future release

stdout:

  org.semanticweb.owlapi.model.UnloadableImportException: Could not load imported ontology: <http://vital-sign-ontology.googlecode.com/svn/releases/2012-4-25/vso-external-derived.owl> Cause: http://vital-sign-ontology.googlecode.com/svn/releases/2012-4-25/vso-external-derived.owl Use the -vvv option to show the stack trace. Use the --help option to see usage information."
zfin	https://w3id.org/biopragmatics/resources/zfin/zfin.owl.gz	owl	"Command `java -jar /Users/cthoyt/.data/robot/1.9.10/robot.jar convert -i /var/folders/gs/5hqh1d793dq8hly3pp8wcxg00000gn/T/tmpet_6jhfs/zfin.owl.gz -o /var/folders/gs/5hqh1d793dq8hly3pp8wcxg00000gn/T/tmpet_6jhfs/tmp.ttl --check=false --format ttl` returned non-zero exit status 1.

stderr:

  WARNING: A terminally deprecated method in sun.misc.Unsafe has been called WARNING: sun.misc.Unsafe::objectFieldOffset has been called by com.github.benmanes.caffeine.base.UnsafeAccess (file:/Users/cthoyt/.data/robot/1.9.10/robot.jar) WARNING: Please consider reporting this to the maintainers of class com.github.benmanes.caffeine.base.UnsafeAccess WARNING: sun.misc.Unsafe::objectFieldOffset will be removed in a future release

stdout:

  FILE DOES NOT EXIST ERROR File does not exist: /var/folders/gs/5hqh1d793dq8hly3pp8wcxg00000gn/T/tmpet_6jhfs/catalog-v001.xml For details see: http://robot.obolibrary.org/errors#file-does-not-exist-error Use the -vvv option to show the stack trace. Use the --help option to see usage information."
