prefix	uses_prefix
ac.subtype	dc
ac.subtype	rdf
ac.subtype	grid
ac.subtype	dcterms
ac.subtype	foaf
ac.subtype	dwc
ac.subtype	rdfs
ac.variant	dc
ac.variant	grid
ac.variant	dcterms
ac.variant	dwc
ac.variant	rdfs
ac.variant	foaf
ac.variant	rdf
adcad	rdf
adcad	owl
adcad	dcterms
adcad	orcid
adcad	skos
adcad	plos
adcad	wikidata
adcad	xsd
adcad	rdfs
addicto	schema
addicto	eco
addicto	envo
addicto	github
addicto	po
addicto	mfoem
addicto	semapv
addicto	mf
addicto	cob
addicto	pato
addicto	sepio
addicto	ncbitaxon
addicto	foaf
addicto	bfo
addicto	obo
addicto	iao
addicto	sssom
addicto	wikipedia.en
addicto	chmo
addicto	pav
addicto	doid
addicto	ero
addicto	rdf
addicto	rdfs
addicto	ro
addicto	sdgio
addicto	obcs
addicto	owl
addicto	orcid
addicto	ogms
addicto	obi
addicto	skos
addicto	gaz
addicto	wikidata
addicto	omo
addicto	bcio
addicto	dc
addicto	omrse
addicto	ehdaa2
addicto	chebi
addicto	dcterms
addicto	doi
addicto	oboinowl
addicto	uberon
ado	schema
ado	eco
ado	github
ado	pubmed
ado	mf
ado	ncbitaxon
ado	bfo
ado	iao
ado	scdo
ado	exo
ado	dron
ado	google.book
ado	snomedct
ado	dbo
ado	skos
ado	bto
ado	neurolex
ado	hp
ado	uberon.issue
ado	omit
ado	genepio
ado	neuronames
ado	orpha
ado	idomal
ado	mp
ado	uberon
ado	sio
ado	mi
ado	mondo
ado	mpath
ado	oae
ado	obo
ado	clo
ado	foodon
ado	umls
ado	ero
ado	fypo
ado	rdf
ado	mesh
ado	pw
ado	cmo
ado	symp
ado	txpo
ado	cto
ado	rex
ado	oba
ado	gecko
ado	go
ado	ncit
ado	so
ado	pato
ado	mfomd
ado	foaf
ado	ogg
ado	nbo
ado	doid
ado	mmo
ado	rdfs
ado	pr
ado	ro
ado	obcs
ado	orcid
ado	obi
ado	ogms
ado	omiabis
ado	maxo
ado	dc
ado	plana
ado	cl
ado	mop
ado	protege
ado	ons
ado	ico
ado	geno
ado	opmi
ado	xco
ado	wikipedia.en
ado	fma
ado	gsso
ado	stato
ado	vo
ado	omim
ado	owl
ado	sbo
ado	wikidata
ado	emapa
ado	ino
ado	chebi
ado	dcterms
ado	efo
ado	oboinowl
ado	mod
aeo	obo
aeo	uberon
aeo	iao
aeo	ehdaa2
aeo	cl
aeo	owl
aeo	zfa
aeo	oboinowl
aeo	caro
aeo	rdfs
aeo	rdf
aeo	fbbt
aeon	iao.issue
aeon	envo
aeon	github
aeon	ico
aeon	conference
aeon	ncbitaxon
aeon	foaf
aeon	bfo
aeon	obo
aeon	confident.series
aeon	seo
aeon	iao
aeon	apollosv
aeon	swrl
aeon	wikipedia.en
aeon	xsd
aeon	obib
aeon	rdfs
aeon	rdf
aeon	ro
aeon	oostt
aeon	owl
aeon	orcid
aeon	obi
aeon	skos
aeon	wikidata
aeon	prov
aeon	omo
aeon	confident.event
aeon	dc
aeon	doap
aeon	txpo
aeon	dcterms
aeon	protege
aeon	ror
aeon	doi
aeon	oboinowl
aeon	cro
afo	sio
afo	envo
afo	vcard
afo	qudt
afo	go
afo	goldbook
afo	ncit
afo	pato
afo	ncbitaxon
afo	foaf
afo	bfo
afo	obo
afo	iao
afo	ms
afo	wikipedia.en
afo	qb
afo	chmo
afo	pav
afo	xsd
afo	rdf
afo	rdfs
afo	ro
afo	sbo
afo	owl
afo	obi
afo	skos
afo	cheminf
afo	vivo
afo	prov
afo	void
afo	dc
afo	edam
afo	cl
afo	chebi
afo	omit
afo	edam.data
afo	time
afo	dcterms
afo	sh
afo	mamo
afo	org
afo	efo
afo	caro
afo	edam.format
afpo	pubmed
afpo	ncit
afpo	isrctn
afpo	cob
afpo	bfo
afpo	dbpedia.resource
afpo	obo
afpo	iao
afpo	wikipedia.en
afpo	glottolog
afpo	xsd
afpo	rdf
afpo	rdfs
afpo	ro
afpo	owl
afpo	orcid
afpo	hancestro
afpo	obi
afpo	gaz
afpo	skos
afpo	omo
afpo	dc
afpo	iso.639-3
afpo	dcterms
afpo	protege
afpo	pmc
afpo	doi
afpo	oboinowl
agro	iao.issue
agro	envo
agro	go
agro	github
agro	po
agro	isrctn
agro	pato
agro	ncbitaxon
agro	foaf
agro	bfo
agro	obo
agro	iao
agro	foodon
agro	apollosv
agro	swrl
agro	xco
agro	wikipedia.en
agro	uo
agro	peco
agro	caro
agro	xsd
agro	rdf
agro	rdfs
agro	ro
agro	swrla
agro	owl
agro	orcid
agro	obi
agro	ogms
agro	gaz
agro	wikidata
agro	wiktionary
agro	dc
agro	pco
agro	chebi
agro	dcterms
agro	protege
agro	to
agro	doi
agro	oboinowl
agro	uberon
ahol	dc
ahol	iao
ahol	rdf
ahol	snomedct
ahol	owl
ahol	dcterms
ahol	pav
ahol	prism
ahol	skos
ahol	oboinowl
ahol	xsd
ahol	rdfs
ahol	dcat
aio	iao
aio	ieee.document
aio	doi
aio	github
aio	owl
aio	wikipedia.en
aio	dcterms
aio	merriamwebster
aio	arxiv
aio	oboinowl
aio	rdfs
aio	rdf
aio	bfo
aism	envo
aism	go
aism	github
aism	bspo
aism	wwf.ecoregion
aism	so
aism	pato
aism	ncbitaxon
aism	cob
aism	foaf
aism	bfo
aism	obo
aism	iao
aism	swrl
aism	nbo
aism	rdf
aism	rdfs
aism	pr
aism	ro
aism	owl
aism	orcid
aism	obi
aism	skos
aism	gorel
aism	wikidata
aism	flybase
aism	omo
aism	dc
aism	cl
aism	chebi
aism	dcterms
aism	oboinowl
aism	caro
aism	uberon
amphx	obo
amphx	ro
amphx	dc
amphx	iao
amphx	cl
amphx	rdf
amphx	go
amphx	owl
amphx	dcterms
amphx	oboinowl
amphx	bfo
amphx	rdfs
amphx	uberon
amv	schema
amv	dc
amv	rdf
amv	owl
amv	dcterms
amv	bibo
amv	skos
amv	xsd
amv	wikidata
amv	prov
amv	foaf
amv	rdfs
amv	dcat
apo	obo
apo	dc
apo	iao
apo	rdf
apo	owl
apo	dcterms
apo	ypo
apo	oboinowl
apo	rdfs
apollosv	eco
apollosv	iao.issue
apollosv	envo
apollosv	go
apollosv	github
apollosv	pubmed
apollosv	mf
apollosv	isrctn
apollosv	cob
apollosv	pato
apollosv	ncbitaxon
apollosv	oae
apollosv	foaf
apollosv	bfo
apollosv	obo
apollosv	iao
apollosv	swrl
apollosv	nbo
apollosv	wikipedia.en
apollosv	dron
apollosv	doid
apollosv	uo
apollosv	ero
apollosv	xsd
apollosv	obib
apollosv	rdf
apollosv	rdfs
apollosv	ro
apollosv	stato
apollosv	vo
apollosv	owl
apollosv	orcid
apollosv	obi
apollosv	ogms
apollosv	fbcv
apollosv	omiabis
apollosv	omo
apollosv	bcio
apollosv	dc
apollosv	omrse
apollosv	pco
apollosv	chebi
apollosv	doap
apollosv	dcterms
apollosv	protege
apollosv	ido
apollosv	trans
apollosv	efo
apollosv	geogeo
apollosv	oboinowl
apollosv	uberon
apto	ro
apto	gbif
apto	schema
apto	rdf
apto	bco
apto	owl
apto	dcterms
apto	skos
apto	xsd
apto	rdfs
apto	bfo
aro	obo
aro	ro
aro	uberon
aro	iao
aro	rdf
aro	hp
aro	symp
aro	owl
aro	doid
aro	ncit
aro	oboinowl
aro	rdfs
aro	bfo
atc	bioportal
atc	sty
atc	rdf
atc	owl
atc	dcterms
atc	skos
atc	rdfs
atomistic	rdf
atomistic	owl
atomistic	dcterms
atomistic	skos
atomistic	xsd
atomistic	rdfs
bao	go
bao	ncit
bao	pato
bao	ncbitaxon
bao	foaf
bao	obo
bao	iao
bao	clo
bao	wikipedia.en
bao	doid
bao	uo
bao	umls
bao	fma
bao	ero
bao	xsd
bao	rdf
bao	rdfs
bao	ro
bao	snomedct
bao	owl
bao	obi
bao	dc
bao	chebi
bao	efo
bao	oboinowl
bao	uberon
battinfo	rdfs
battinfo	rdf
battinfo	owl
battinfo	dcterms
bcio	schema
bcio	pdro
bcio	envo
bcio	go
bcio	github
bcio	mfoem
bcio	semapv
bcio	mf
bcio	cob
bcio	pato
bcio	sepio
bcio	ncbitaxon
bcio	bfo
bcio	obo
bcio	opmi
bcio	iao
bcio	sssom
bcio	wikipedia.en
bcio	xsd
bcio	rdf
bcio	rdfs
bcio	ro
bcio	sdgio
bcio	addicto
bcio	owl
bcio	orcid
bcio	ogms
bcio	gaz
bcio	obi
bcio	skos
bcio	wikidata
bcio	wiktionary
bcio	omo
bcio	dc
bcio	omrse
bcio	dcterms
bcio	oboinowl
bcio	uberon
bco	eco
bco	envo
bco	go
bco	github
bco	pubmed
bco	isrctn
bco	so
bco	ncbitaxon
bco	dwc
bco	foaf
bco	bfo
bco	obo
bco	iao
bco	swrl
bco	wikipedia.en
bco	xsd
bco	rdf
bco	rdfs
bco	pr
bco	ro
bco	dcmitype
bco	swrla
bco	owl
bco	orcid
bco	obi
bco	dc
bco	cl
bco	pco
bco	chebi
bco	dcterms
bco	protege
bco	dcam
bco	doi
bco	oboinowl
bco	caro
bco	uberon
bervo	obo
bervo	iao
bervo	rdf
bervo	chebi
bervo	envo
bervo	go
bervo	owl
bervo	po
bervo	dcterms
bervo	ncbitaxon
bervo	mixs
bervo	chmo
bervo	cob
bervo	pato
bervo	oboinowl
bervo	agro
bervo	rdfs
bfo	obo
bfo	dc
bfo	iao
bfo	rdf
bfo	github
bfo	owl
bfo	dcterms
bfo	xsd
bfo	foaf
bfo	rdfs
bfo	xml
bibframe	rdf
bibframe	owl
bibframe	dcterms
bibframe	cc
bibframe	skos
bibframe	loc.ontology
bibframe	foaf
bibframe	rdfs
bibo	rdf
bibo	owl
bibo	dcterms
bibo	vs
bibo	skos
bibo	foaf
bibo	rdfs
bigg.compartment	rdf
bigg.compartment	doap
bigg.compartment	go
bigg.compartment	owl
bigg.compartment	orcid
bigg.compartment	dcterms
bigg.compartment	skos
bigg.compartment	oboinowl
bigg.compartment	foaf
bigg.compartment	rdfs
bigg.metabolite	inchikey
bigg.metabolite	reactome
bigg.metabolite	go
bigg.metabolite	kegg
bigg.metabolite	cob
bigg.metabolite	foaf
bigg.metabolite	bigg.model
bigg.metabolite	iao
bigg.metabolite	hmdb
bigg.metabolite	biocyc
bigg.metabolite	rdf
bigg.metabolite	rdfs
bigg.metabolite	bigg.compartment
bigg.metabolite	ro
bigg.metabolite	lipidmaps
bigg.metabolite	owl
bigg.metabolite	orcid
bigg.metabolite	skos
bigg.metabolite	seed.compound
bigg.metabolite	metanetx.chemical
bigg.metabolite	chebi
bigg.metabolite	doap
bigg.metabolite	dcterms
bigg.metabolite	oboinowl
bigg.model	ro
bigg.model	rdf
bigg.model	doap
bigg.model	owl
bigg.model	orcid
bigg.model	dcterms
bigg.model	ncbitaxon
bigg.model	oboinowl
bigg.model	foaf
bigg.model	rdfs
bigg.reaction	metanetx.reaction
bigg.reaction	reactome
bigg.reaction	kegg
bigg.reaction	foaf
bigg.reaction	bigg.model
bigg.reaction	iao
bigg.reaction	seed.reaction
bigg.reaction	biocyc
bigg.reaction	ec
bigg.reaction	rdf
bigg.reaction	rdfs
bigg.reaction	ro
bigg.reaction	owl
bigg.reaction	orcid
bigg.reaction	doap
bigg.reaction	dcterms
bigg.reaction	rhea
bigg.reaction	oboinowl
biodivthes	skos.thes
biodivthes	envo
biodivthes	go
biodivthes	gemet.concept
biodivthes	pato
biodivthes	ncbitaxon
biodivthes	foodon
biodivthes	agroportal
biodivthes	xsd
biodivthes	rdfs
biodivthes	rdf
biodivthes	owl
biodivthes	obi
biodivthes	skos
biodivthes	agrovoc
biodivthes	envthes
biodivthes	pco
biodivthes	chebi
biodivthes	dcterms
biodivthes	cc
biolink	schema
biolink	eco
biolink	envo
biolink	github
biolink	qudt
biolink	cio
biolink	meddra
biolink	faldo
biolink	ncbitaxon
biolink	ma
biolink	bfo
biolink	iao
biolink	exo
biolink	upheno
biolink	snomedct
biolink	apo
biolink	hancestro
biolink	skos
biolink	gorel
biolink	bto
biolink	prov
biolink	drugcentral
biolink	hp
biolink	omit
biolink	zp
biolink	to
biolink	genepio
biolink	orpha
biolink	caro
biolink	uberon
biolink	mp
biolink	sty
biolink	sio
biolink	mi
biolink	mondo
biolink	mpath
biolink	obo
biolink	ecto
biolink	clo
biolink	foodon
biolink	uo
biolink	umls
biolink	xao
biolink	fypo
biolink	rdf
biolink	pw
biolink	mesh
biolink	fbcv
biolink	zfa
biolink	xpo
biolink	edam.data
biolink	nddf
biolink	drugbank
biolink	go
biolink	bspo
biolink	po
biolink	fabio
biolink	ncit
biolink	so
biolink	loinc
biolink	pato
biolink	foaf
biolink	hmdb
biolink	nbo
biolink	biorxiv
biolink	pav
biolink	doid
biolink	rxnorm
biolink	rdfs
biolink	pr
biolink	fbbt
biolink	ro
biolink	ddanat
biolink	ogms
biolink	obi
biolink	linkml
biolink	maxo
biolink	cl
biolink	pco
biolink	wbphenotype
biolink	geno
biolink	hsapdv
biolink	sepio
biolink	xco
biolink	datacommons
biolink	fma
biolink	xsd
biolink	dcat
biolink	dcmitype
biolink	stato
biolink	hcpcs
biolink	omim
biolink	owl
biolink	wikidata
biolink	emapa
biolink	ino
biolink	chebi
biolink	dcterms
biolink	oban
biolink	ido
biolink	wbbt
biolink	efo
biolink	oboinowl
biolink	mod
biomodels.kisao	rdf
biomodels.kisao	owl
biomodels.kisao	dcterms
biomodels.kisao	skos
biomodels.kisao	protege
biomodels.kisao	xsd
biomodels.kisao	rdfs
biomodels.teddy	rdf
biomodels.teddy	owl
biomodels.teddy	skos
biomodels.teddy	idot
biomodels.teddy	combine.specifications
biomodels.teddy	protege
biomodels.teddy	rdfs
bioportal.geospecies	dc
bioportal.geospecies	rdf
bioportal.geospecies	dbpedia.property
bioportal.geospecies	doap
bioportal.geospecies	bibo
bioportal.geospecies	owl
bioportal.geospecies	taxonconcept
bioportal.geospecies	dcterms
bioportal.geospecies	skos
bioportal.geospecies	geonames.ontology
bioportal.geospecies	foaf
bioportal.geospecies	rdfs
bioschemas	schema
bioschemas	rdf
bioschemas	owl
bioschemas	dcterms
bioschemas	rdfs
biotop	dc
biotop	rdf
biotop	owl
biotop	rdfs
birnlex	rdfs
birnlex	owl
birnlex	rdf
bko	rdf
bko	go
bko	sbo
bko	owl
bko	rdfs
bmont	schema
bmont	sio
bmont	go
bmont	mi
bmont	github
bmont	ico
bmont	pubmed
bmont	mondo
bmont	mpath
bmont	ncit
bmont	meddra
bmont	so
bmont	pato
bmont	ncbitaxon
bmont	oae
bmont	foaf
bmont	bfo
bmont	obo
bmont	opmi
bmont	iao
bmont	ogg
bmont	scdo
bmont	chmo
bmont	pav
bmont	doid
bmont	mmo
bmont	umls
bmont	gsso
bmont	caro
bmont	fma
bmont	rdfs
bmont	rdf
bmont	pr
bmont	mp
bmont	ro
bmont	afo
bmont	stato
bmont	obcs
bmont	snomedct
bmont	sbo
bmont	owl
bmont	orcid
bmont	obi
bmont	ogms
bmont	skos
bmont	cmo
bmont	mesh
bmont	omim
bmont	ado
bmont	ons
bmont	omo
bmont	maxo
bmont	dc
bmont	ehdaa2
bmont	cl
bmont	hp
bmont	chebi
bmont	symp
bmont	omit
bmont	dcterms
bmont	protege
bmont	cto
bmont	ido
bmont	orpha
bmont	efo
bmont	oboinowl
bmont	icd10cm
bmont	uberon
bnf	dc
bnf	rdfs
bnf	rdf
bonsai	schema
bonsai	om
bonsai	rdf
bonsai	owl
bonsai	dcterms
bonsai	time
bonsai	skos
bonsai	cc
bonsai	vann
bonsai	xsd
bonsai	foaf
bonsai	rdfs
bot	schema
bot	rdf
bot	vcard
bot	github
bot	orcid
bot	owl
bot	dcterms
bot	vs
bot	voaf
bot	vann
bot	doi
bot	rdfs
bs	obo
bs	iao
bs	rdf
bs	owl
bs	so
bs	oboinowl
bs	rdfs
bspo	eco
bspo	go
bspo	github
bspo	pubmed
bspo	pato
bspo	bfo
bspo	obo
bspo	iao
bspo	swrl
bspo	wikipedia.en
bspo	rdfs
bspo	rdf
bspo	ro
bspo	swrla
bspo	owl
bspo	orcid
bspo	fbcv
bspo	skos
bspo	omo
bspo	dc
bspo	uberon.issue
bspo	dcterms
bspo	oboinowl
bspo	caro
bto	obo
bto	ro
bto	dc
bto	iao
bto	rdf
bto	owl
bto	dcterms
bto	oboinowl
bto	rdfs
bto	bfo
cao	sio
cao	vcard
cao	envo
cao	mi
cao	pato
cao	foaf
cao	bfo
cao	obo
cao	iao
cao	ms
cao	chmo
cao	fma
cao	uo
cao	ero
cao	rdf
cao	rdfs
cao	stato
cao	fix
cao	obcs
cao	owl
cao	obi
cao	gaz
cao	cheminf
cao	vivo
cao	dc
cao	ino
cao	chebi
cao	snap
cao	rex
cao	efo
cao	oboinowl
caro	eco
caro	go
caro	github
caro	pubmed
caro	so
caro	pato
caro	ncbitaxon
caro	bfo
caro	obo
caro	iao
caro	swrl
caro	wikipedia.en
caro	rdfs
caro	rdf
caro	pr
caro	fbbt
caro	ro
caro	swrla
caro	owl
caro	orcid
caro	skos
caro	dc
caro	cl
caro	chebi
caro	cito
caro	dcterms
caro	oboinowl
cc	cc.legacy
cc	rdf
cc	owl
cc	dcterms
cc	xhv
cc	rdfs
cc.legacy	dc
cc.legacy	rdf
cc.legacy	dcterms
cc.legacy	rdfs
ccf	obo
ccf	ro
ccf	dc
ccf	schema
ccf	cl
ccf	prov
ccf	rdf
ccf	github
ccf	owl
ccf	dcterms
ccf	xsd
ccf	fma
ccf	so
ccf	oboinowl
ccf	rdfs
ccf	uberon
ccle	rdf
ccle	doap
ccle	owl
ccle	dcterms
ccle	orcid
ccle	depmap
ccle	oboinowl
ccle	foaf
ccle	rdfs
ccon	dbpedia.resource
ccon	dc
ccon	rdf
ccon	envo
ccon	owl
ccon	dcterms
ccon	wikipedia.en
ccon	skos
ccon	vann
ccon	oboinowl
ccon	rdfs
cdao	obo
cdao	dc
cdao	rdf
cdao	owl
cdao	dcterms
cdao	xsd
cdao	rdfs
cdco	obo
cdco	schema
cdco	dc
cdco	iao
cdco	rdf
cdco	owl
cdco	dcterms
cdco	orcid
cdco	skos
cdco	pida
cdco	xsd
cdco	rdfs
cdno	eco
cdno	envo
cdno	github
cdno	pubmed
cdno	wwf.ecoregion
cdno	isrctn
cdno	pato
cdno	bfo
cdno	obo
cdno	iao
cdno	chemrof
cdno	swrl
cdno	wikipedia.en
cdno	rdf
cdno	rdfs
cdno	ro
cdno	swrla
cdno	owl
cdno	orcid
cdno	skos
cdno	merriamwebster
cdno	wikidata
cdno	dc
cdno	chebi
cdno	dcterms
cdno	pmc
cdno	doi
cdno	oboinowl
cdt	obo
cdt	dc
cdt	iao
cdt	rdf
cdt	owl
cdt	rdfs
cellosaurus	obo
cellosaurus	rdf
cellosaurus	owl
cellosaurus	oboinowl
cellosaurus	rdfs
cemo	github
cemo	ncit
cemo	pato
cemo	ncbitaxon
cemo	oae
cemo	foaf
cemo	bfo
cemo	obo
cemo	covoc
cemo	iao
cemo	apollosv
cemo	uo
cemo	gsso
cemo	rdf
cemo	rdfs
cemo	ro
cemo	sdgio
cemo	stato
cemo	gfo
cemo	obcs
cemo	vo
cemo	owl
cemo	orcid
cemo	obi
cemo	ogms
cemo	dc
cemo	vido
cemo	dcterms
cemo	ido
cemo	orpha
cemo	efo
cemo	trans
cerise.cim	rdf
cerise.cim	owl
cerise.cim	dcterms
cerise.cim	xsd
cerise.cim	rdfs
cgnc	ncbigene
cgnc	ro
cgnc	ensembl
cgnc	rdf
cgnc	doap
cgnc	ncbitaxon
cgnc	owl
cgnc	dcterms
cgnc	orcid
cgnc	skos
cgnc	oboinowl
cgnc	foaf
cgnc	rdfs
cheminf	go
cheminf	pato
cheminf	bfo
cheminf	obo
cheminf	iao
cheminf	bibo
cheminf	uo
cheminf	xsd
cheminf	rdf
cheminf	rdfs
cheminf	pr
cheminf	ro
cheminf	afo
cheminf	owl
cheminf	orcid
cheminf	obi
cheminf	gaz
cheminf	dc
cheminf	chebi
cheminf	dcterms
cheminf	oboinowl
chemrof	schema
chemrof	gainesville.core
chemrof	sio
chemrof	github
chemrof	mi
chemrof	goldbook
chemrof	ncit
chemrof	isrctn
chemrof	cob
chemrof	daml.pt
chemrof	bfo
chemrof	obo
chemrof	wikipedia.en
chemrof	rxno
chemrof	pav
chemrof	xsd
chemrof	rdf
chemrof	rdfs
chemrof	ontorxn
chemrof	ro
chemrof	fix
chemrof	owl
chemrof	skos
chemrof	linkml
chemrof	cheminf
chemrof	wikidata
chemrof	edam
chemrof	biotop
chemrof	chebi
chemrof	mop
chemrof	dcterms
chemrof	doi
chiro	obo
chiro	rdf
chiro	hp
chiro	chebi
chiro	go
chiro	owl
chiro	ncbitaxon
chiro	bfo
chiro	rdfs
chiro	pr
chiro	mp
chmo	iao.issue
chmo	go
chmo	github
chmo	goldbook
chmo	isrctn
chmo	cob
chmo	pato
chmo	ncbitaxon
chmo	foaf
chmo	bfo
chmo	obo
chmo	iao
chmo	ms
chmo	chemrof
chmo	uo
chmo	xsd
chmo	rdf
chmo	rdfs
chmo	pr
chmo	ro
chmo	obcs
chmo	owl
chmo	orcid
chmo	obi
chmo	prov
chmo	omo
chmo	dc
chmo	cl
chmo	chebi
chmo	dcterms
chmo	protege
chmo	ror
chmo	doi
chmo	oboinowl
chmo	uberon
chr	envo
chr	go
chr	geno
chr	pato
chr	ncbitaxon
chr	bfo
chr	obo
chr	iao
chr	apollosv
chr	swrl
chr	uo
chr	biolink
chr	rdf
chr	rdfs
chr	ro
chr	owl
chr	obi
chr	skos
chr	wikidata
chr	omo
chr	dc
chr	insdc
chr	dcterms
chr	oboinowl
chr	ncbiprotein
chr	uberon
cidoc.crm	rdfs
cidoc.crm	rdf
cidoc.crm	owl
cim	rdf
cim	owl
cim	xsd
cim	rdfs
cio	obo
cio	iao
cio	owl
cio	oboinowl
cio	rdfs
cio	rdf
citedcat	vcard
citedcat	iana.mediatype
citedcat	foaf
citedcat	bibo
citedcat	xsd
citedcat	rdfs
citedcat	rdf
citedcat	dcat
citedcat	eu.publication
citedcat	locn
citedcat	geosparql
citedcat	owl
citedcat	orcid
citedcat	skos
citedcat	vann
citedcat	adms
citedcat	prov
citedcat	wdrs
citedcat	vs
citedcat	dcterms
citedcat	voaf
citedcat	org
citedcat	dcatap
clao	obo
clao	ro
clao	dc
clao	iao
clao	hao
clao	owl
clao	dcterms
clao	pato
clao	aism
clao	oboinowl
clao	rdfs
clao	rdf
clao	bfo
clo	iao.issue
clo	envo
clo	go
clo	github
clo	pubmed
clo	po
clo	mondo
clo	isrctn
clo	cob
clo	pato
clo	ncbitaxon
clo	foaf
clo	bfo
clo	obo
clo	iao
clo	swrl
clo	wikipedia.en
clo	doid
clo	fma
clo	xsd
clo	rdf
clo	rdfs
clo	pr
clo	ro
clo	hom
clo	ddanat
clo	owl
clo	orcid
clo	obi
clo	skos
clo	wikidata
clo	omo
clo	dc
clo	ehdaa2
clo	cl
clo	pco
clo	chebi
clo	mop
clo	dcterms
clo	protege
clo	oboinowl
clo	uberon
clyh	obo
clyh	ro
clyh	uberon
clyh	iao
clyh	dc
clyh	cl
clyh	rdf
clyh	go
clyh	owl
clyh	dcterms
clyh	oboinowl
clyh	rdfs
clyh	bfo
cmo	obo
cmo	iao
cmo	rdf
cmo	owl
cmo	oboinowl
cmo	rdfs
cmpo	obo
cmpo	ro
cmpo	dc
cmpo	iao
cmpo	cl
cmpo	rdf
cmpo	dbpedia.property
cmpo	chebi
cmpo	go
cmpo	envo
cmpo	owl
cmpo	skos
cmpo	pato
cmpo	oboinowl
cmpo	caro
cmpo	rdfs
cmpo	bfo
co_320	rdf
co_320	owl
co_320	dcterms
co_320	skos
co_320	rdfs
co_321	rdf
co_321	owl
co_321	dcterms
co_321	skos
co_321	rdfs
co_322	rdf
co_322	owl
co_322	dcterms
co_322	skos
co_322	rdfs
co_323	rdf
co_323	owl
co_323	dcterms
co_323	skos
co_323	rdfs
co_324	owl
co_324	dcterms
co_324	skos
co_324	rdfs
co_324	rdf
co_325	rdf
co_325	owl
co_325	dcterms
co_325	skos
co_325	rdfs
co_326	rdf
co_326	owl
co_326	dcterms
co_326	skos
co_326	rdfs
co_327	rdf
co_327	owl
co_327	dcterms
co_327	skos
co_327	rdfs
co_330	owl
co_330	dcterms
co_330	skos
co_330	rdfs
co_330	rdf
co_331	rdf
co_331	owl
co_331	dcterms
co_331	skos
co_331	rdfs
co_333	rdf
co_333	owl
co_333	dcterms
co_333	skos
co_333	rdfs
co_334	rdf
co_334	owl
co_334	dcterms
co_334	skos
co_334	rdfs
co_335	owl
co_335	dcterms
co_335	skos
co_335	rdfs
co_335	rdf
co_336	owl
co_336	dcterms
co_336	skos
co_336	rdfs
co_336	rdf
co_337	rdf
co_337	owl
co_337	dcterms
co_337	skos
co_337	rdfs
co_338	rdf
co_338	owl
co_338	dcterms
co_338	skos
co_338	rdfs
co_339	rdf
co_339	owl
co_339	dcterms
co_339	skos
co_339	rdfs
co_340	rdf
co_340	owl
co_340	dcterms
co_340	skos
co_340	rdfs
co_341	rdf
co_341	owl
co_341	dcterms
co_341	skos
co_341	rdfs
co_343	rdf
co_343	owl
co_343	dcterms
co_343	skos
co_343	rdfs
co_345	rdf
co_345	owl
co_345	dcterms
co_345	skos
co_345	rdfs
co_346	rdf
co_346	owl
co_346	dcterms
co_346	skos
co_346	rdfs
co_347	rdf
co_347	owl
co_347	dcterms
co_347	skos
co_347	rdfs
co_348	rdf
co_348	owl
co_348	dcterms
co_348	skos
co_348	rdfs
co_350	rdf
co_350	owl
co_350	dcterms
co_350	skos
co_350	rdfs
co_356	rdf
co_356	owl
co_356	dcterms
co_356	skos
co_356	rdfs
co_358	rdf
co_358	owl
co_358	dcterms
co_358	skos
co_358	rdfs
co_359	rdf
co_359	owl
co_359	dcterms
co_359	skos
co_359	rdfs
co_360	owl
co_360	dcterms
co_360	skos
co_360	rdfs
co_360	rdf
co_365	rdf
co_365	owl
co_365	dcterms
co_365	skos
co_365	rdfs
co_366	rdf
co_366	owl
co_366	dcterms
co_366	skos
co_366	rdfs
co_367	rdf
co_367	owl
co_367	dcterms
co_367	skos
co_367	rdfs
co_370	owl
co_370	dcterms
co_370	skos
co_370	rdfs
co_370	rdf
cob	envo
cob	go
cob	po
cob	pato
cob	ncbitaxon
cob	bfo
cob	obo
cob	iao
cob	rdf
cob	rdfs
cob	pr
cob	ro
cob	owl
cob	orcid
cob	obi
cob	cl
cob	pco
cob	chebi
cob	mop
cob	dcterms
cob	uberon
coho	iao.issue
coho	envo
coho	github
coho	go
coho	wwf.ecoregion
coho	ncit
coho	isrctn
coho	pato
coho	foaf
coho	bfo
coho	dbpedia.resource
coho	obo
coho	iao
coho	swrl
coho	xsd
coho	rdfs
coho	rdf
coho	ro
coho	owl
coho	orcid
coho	wikidata
coho	omo
coho	dc
coho	doap
coho	dcterms
coho	protege
coho	oboinowl
colao	github
colao	bspo
colao	pato
colao	foaf
colao	bfo
colao	obo
colao	iao
colao	wikipedia.en
colao	umls
colao	rdf
colao	rdfs
colao	pr
colao	ro
colao	snomedct
colao	owl
colao	orcid
colao	dc
colao	cl
colao	uberon.issue
colao	dcterms
colao	go.issue
colao	aism
colao	oboinowl
colao	caro
colao	uberon
commoncoreontology	dc
commoncoreontology	geosparql
commoncoreontology	owl
commoncoreontology	dcterms
commoncoreontology	skos
commoncoreontology	xsd
commoncoreontology	rdfs
commoncoreontology	rdf
commoncoreontology	bfo
condo	rdf
condo	owl
condo	dcterms
condo	skos
condo	voaf
condo	vann
condo	nepomuk.pimo
condo	xsd
condo	foaf
condo	rdfs
condo	nepomuk.nco
condo	gr
conference	dc
conference	rdf
conference	owl
conference	dcterms
conference	skos
conference	xsd
conference	rdfs
cora	dc
cora	rdf
cora	owl
cora	rdfs
coral.como	obo
coral.como	iao
coral.como	rdf
coral.como	chebi
coral.como	owl
coral.como	uo
coral.como	oboinowl
coral.como	rdfs
covid19	rdfs
covid19	owl
covid19	rdf
covoc	go
covoc	github
covoc	bspo
covoc	pubmed
covoc	mondo
covoc	meddra
covoc	ncit
covoc	pato
covoc	ncbitaxon
covoc	foaf
covoc	bfo
covoc	obo
covoc	dbpedia.resource
covoc	iao
covoc	clo
covoc	wikipedia.en
covoc	chmo
covoc	doid
covoc	umls
covoc	rdfs
covoc	rdf
covoc	pr
covoc	ro
covoc	cido
covoc	snomedct
covoc	omim
covoc	owl
covoc	mesh
covoc	obi
covoc	hancestro
covoc	skos
covoc	orcid
covoc	merriamwebster
covoc	maxo
covoc	dc
covoc	cl
covoc	hp
covoc	chebi
covoc	omit
covoc	dcterms
covoc	go.issue
covoc	ido
covoc	orpha
covoc	efo
covoc	oboinowl
covoc	icd10cm
covoc	uberon
coypu	schema
coypu	cidoc.crm
coypu	coypu.tiva
coypu	dbpedia.resource
coypu	wikipedia.en
coypu	coypu.gta
coypu	geonames.ontology
coypu	xsd
coypu	rdf
coypu	rdfs
coypu	owl
coypu	coypu.emdat
coypu	dbo
coypu	skos
coypu	vann
coypu	wikidata
coypu	wgs84
coypu	coypu.ta
coypu	dbpedia.property
coypu	dcterms
coypu	cc
coypu.emdat	rdf
coypu.emdat	coypu
coypu.emdat	owl
coypu.emdat	dcterms
coypu.emdat	cc
coypu.emdat	rdfs
coypu.gta	rdf
coypu.gta	owl
coypu.gta	dcterms
coypu.gta	cc
coypu.gta	vann
coypu.gta	xsd
coypu.gta	rdfs
coypu.ta	rdf
coypu.ta	owl
coypu.ta	dcterms
coypu.ta	cc
coypu.ta	vann
coypu.ta	xsd
coypu.ta	rdfs
coypu.tiva	rdf
coypu.tiva	owl
coypu.tiva	dcterms
coypu.tiva	edm.fibo
coypu.tiva	rdfs
cpt	cvx
cpt	rdf
cpt	owl
cpt	dcterms
cpt	oboinowl
cpt	foaf
cpt	rdfs
credit	obo
credit	iao
credit	rdf
credit	doap
credit	owl
credit	dcterms
credit	orcid
credit	cro
credit	ncbitaxon
credit	oboinowl
credit	foaf
credit	rdfs
cro	obo
cro	dc
cro	iao
cro	rdf
cro	orcid
cro	owl
cro	oboinowl
cro	rdfs
cro	bfo
cryoem	dc
cryoem	iao
cryoem	rdf
cryoem	owl
cryoem	dcterms
cryoem	oboinowl
cryoem	rdfs
csp	bioportal
csp	sty
csp	rdf
csp	owl
csp	skos
csp	rdfs
ctcae	rdfs
ctcae	rdf
ctcae	owl
cteno	sio
cteno	go
cteno	bspo
cteno	pato
cteno	ncbitaxon
cteno	bfo
cteno	obo
cteno	iao
cteno	rdf
cteno	rdfs
cteno	pr
cteno	ro
cteno	owl
cteno	cl
cteno	chebi
cteno	oboinowl
cteno	caro
cteno	uberon
cto	pdro
cto	github
cto	ncit
cto	pato
cto	ncbitaxon
cto	oae
cto	foaf
cto	bfo
cto	obo
cto	opmi
cto	iao
cto	ms
cto	dron
cto	ero
cto	xsd
cto	rdfs
cto	rdf
cto	ro
cto	vo
cto	owl
cto	ogms
cto	obi
cto	omiabis
cto	dc
cto	omrse
cto	chebi
cto	dcterms
cto	protege
cto	oboinowl
cvdo	obo
cvdo	dc
cvdo	iao
cvdo	rdf
cvdo	owl
cvdo	dcterms
cvdo	ogms
cvdo	fma
cvdo	doid
cvdo	foaf
cvdo	oboinowl
cvdo	bfo
cvdo	rdfs
cvx	obo
cvx	iao
cvx	rdf
cvx	owl
cvx	dcterms
cvx	foaf
cvx	oboinowl
cvx	omo
cvx	rdfs
daml.pt	rdf
daml.pt	owl
daml.pt	xsd
daml.pt	rdfs
datacite	schema
datacite	dc
datacite	rdf
datacite	deo
datacite	github
datacite	cito
datacite	owl
datacite	wikipedia.en
datacite	fabio
datacite	doco
datacite	skos
datacite	dcterms
datacite	co
datacite	vann
datacite	rdfs
dblp.schema	dc
dblp.schema	schema
dblp.schema	rdf
dblp.schema	geosparql
dblp.schema	bibframe
dblp.schema	owl
dblp.schema	bibo
dblp.schema	time
dblp.schema	dbo
dblp.schema	dcterms
dblp.schema	wikidata
dblp.schema	xsd
dblp.schema	foaf
dblp.schema	rdfs
dc	rdf
dc	dcterms
dc	skos
dc	rdfs
dcat	schema
dcat	vcard
dcat	iana.mediatype
dcat	foaf
dcat	bibo
dcat	pav
dcat	xsd
dcat	rdfs
dcat	rdf
dcat	dcmitype
dcat	owl
dcat	orcid
dcat	skos
dcat	vann
dcat	adms
dcat	wikidata
dcat	prov
dcat	xhv
dcat	dc
dcat	dcterms
dcat	dcam
dcat	org
dcmitype	rdf
dcmitype	owl
dcmitype	dcterms
dcmitype	dcam
dcmitype	skos
dcmitype	rdfs
dcterms	dc
dcterms	dcmitype
dcterms	iana.mediatype
dcterms	owl
dcterms	dcam
dcterms	skos
dcterms	xsd
dcterms	rdfs
dcterms	rdf
ddanat	obo
ddanat	ro
ddanat	dc
ddanat	iao
ddanat	rdf
ddanat	owl
ddanat	dcterms
ddanat	oboinowl
ddanat	rdfs
ddanat	bfo
ddpheno	obo
ddpheno	dc
ddpheno	iao
ddpheno	rdf
ddpheno	owl
ddpheno	dcterms
ddpheno	oboinowl
ddpheno	rdfs
debio	obo
debio	ro
debio	dc
debio	iao
debio	vo
debio	go
debio	owl
debio	ncbitaxon
debio	doid
debio	oboinowl
debio	rdfs
debio	rdf
depmap	cellosaurus
depmap	rdf
depmap	doap
depmap	owl
depmap	dcterms
depmap	orcid
depmap	skos
depmap	cosmic.cell
depmap	oboinowl
depmap	foaf
depmap	rdfs
dermo	obo
dermo	iao
dermo	rdf
dermo	owl
dermo	oboinowl
dermo	rdfs
destatis.subject	rdf
destatis.subject	owl
destatis.subject	skos
destatis.subject	rdfs
dfg.fo	dc
dfg.fo	schema
dfg.fo	iao
dfg.fo	hdl
dfg.fo	github
dfg.fo	owl
dfg.fo	dcterms
dfg.fo	skos
dfg.fo	rdfs
dfg.fo	rdf
dhba	obo
dhba	uberon
dhba	iao
dhba	owl
dhba	oboinowl
dhba	rdfs
dhba	rdf
dhba	bfo
dicom	rdf
dicom	owl
dicom	dcterms
dicom	co
dicom	vann
dicom	xsd
dicom	rdfs
dictybase.gene	ro
dictybase.gene	doap
dictybase.gene	dictybase
dictybase.gene	owl
dictybase.gene	dcterms
dictybase.gene	orcid
dictybase.gene	ncbitaxon
dictybase.gene	oboinowl
dictybase.gene	rdfs
dictybase.gene	foaf
dictybase.gene	rdf
dideo	eco
dideo	pdro
dideo	go
dideo	pubmed
dideo	oae
dideo	ncbitaxon
dideo	foaf
dideo	mpio
dideo	bfo
dideo	obo
dideo	iao
dideo	clo
dideo	apollosv
dideo	wikipedia.en
dideo	dron
dideo	chmo
dideo	fma
dideo	uo
dideo	umls
dideo	ero
dideo	birnlex
dideo	rdf
dideo	rdfs
dideo	pr
dideo	ro
dideo	stato
dideo	snomedct
dideo	owl
dideo	obi
dideo	ogms
dideo	dc
dideo	ehdaa2
dideo	ino
dideo	cl
dideo	chebi
dideo	mop
dideo	dcterms
dideo	ido
dideo	efo
dideo	oboinowl
dideo	uberon
digitalconstruction.energy	dc
digitalconstruction.energy	rdf
digitalconstruction.energy	owl
digitalconstruction.energy	dcterms
digitalconstruction.energy	vann
digitalconstruction.energy	xsd
digitalconstruction.energy	rdfs
digitalconstruction.lifecycle	rdf
digitalconstruction.lifecycle	owl
digitalconstruction.lifecycle	dcterms
digitalconstruction.lifecycle	vann
digitalconstruction.lifecycle	prov
digitalconstruction.lifecycle	rdfs
digitalconstruction.occupancy	dc
digitalconstruction.occupancy	rdf
digitalconstruction.occupancy	owl
digitalconstruction.occupancy	dcterms
digitalconstruction.occupancy	vann
digitalconstruction.occupancy	xsd
digitalconstruction.occupancy	rdfs
digitrubber	schema
digitrubber	eco
digitrubber	iao.issue
digitrubber	envo
digitrubber	go
digitrubber	github
digitrubber	iana.mediatype
digitrubber	pubmed
digitrubber	mi
digitrubber	ncit
digitrubber	cob
digitrubber	pato
digitrubber	ncbitaxon
digitrubber	bfo
digitrubber	obo
digitrubber	zenodo.record
digitrubber	om
digitrubber	iao
digitrubber	sosa
digitrubber	apollosv
digitrubber	swrl
digitrubber	bibo
digitrubber	wikipedia.en
digitrubber	pav
digitrubber	chmo
digitrubber	uo
digitrubber	premis
digitrubber	xsd
digitrubber	rdfs
digitrubber	rdf
digitrubber	dcat
digitrubber	ro
digitrubber	afo
digitrubber	pmdco
digitrubber	swrla
digitrubber	stato
digitrubber	geosparql
digitrubber	nmr
digitrubber	owl
digitrubber	orcid
digitrubber	obi
digitrubber	skos
digitrubber	vann
digitrubber	merriamwebster
digitrubber	adms
digitrubber	omo
digitrubber	dc
digitrubber	chebi
digitrubber	doap
digitrubber	iso.639-3
digitrubber	time
digitrubber	dcterms
digitrubber	nfdi.core
digitrubber	ror
digitrubber	tib.linsearch
digitrubber	efo
digitrubber	oboinowl
disdriv	obo
disdriv	dc
disdriv	ro
disdriv	iao
disdriv	foodon
disdriv	chebi
disdriv	envo
disdriv	omit
disdriv	owl
disdriv	exo
disdriv	dcterms
disdriv	ncbitaxon
disdriv	ncit
disdriv	oboinowl
disdriv	rdfs
disdriv	rdf
disdriv	bfo
diseaseclass	obo
diseaseclass	rdf
diseaseclass	owl
diseaseclass	oboinowl
diseaseclass	rdfs
dmba	obo
dmba	iao
dmba	rdf
dmba	owl
dmba	oboinowl
dmba	bfo
dmba	rdfs
dmba	uberon
docbias	foaf
docbias	iao
docbias	aio
docbias	gsso
docbias	xsd
docbias	rdf
docbias	rdfs
docbias	dcat
docbias	swrla
docbias	owl
docbias	odrl
docbias	skos
docbias	prov
docbias	dc
docbias	wgs84
docbias	dcterms
docbias	dqv
docbias	oboinowl
dogont	rdf
dogont	owl
dogont	dcterms
dogont	cc
dogont	vann
dogont	xsd
dogont	foaf
dogont	rdfs
dogont	gr
doid	eco
doid	geno
doid	so
doid	ncbitaxon
doid	disdriv
doid	obo
doid	iao
doid	foodon
doid	xsd
doid	rdf
doid	rdfs
doid	ro
doid	owl
doid	obi
doid	skos
doid	omo
doid	dc
doid	cl
doid	hp
doid	symp
doid	chebi
doid	dcterms
doid	ido
doid	trans
doid	oboinowl
doid	uberon
dpbo	envo
dpbo	mi
dpbo	po
dpbo	geno
dpbo	ncit
dpbo	so
dpbo	pato
dpbo	t4fs
dpbo	cob
dpbo	bfo
dpbo	obo
dpbo	iao
dpbo	ms
dpbo	foodon
dpbo	xco
dpbo	wikipedia.en
dpbo	chmo
dpbo	swo
dpbo	uo
dpbo	peco
dpbo	ero
dpbo	rdf
dpbo	rdfs
dpbo	ro
dpbo	nmr
dpbo	orcid
dpbo	owl
dpbo	obi
dpbo	bto
dpbo	pride
dpbo	dc
dpbo	edam
dpbo	chebi
dpbo	dcterms
dpbo	genepio
dpbo	efo
dpbo	geogeo
dpbo	agro
dpbo	micro
dpbo	oboinowl
dpbo	mco
dpbo	pso
dpo	envo
dpo	go
dpo	wwf.ecoregion
dpo	cob
dpo	pato
dpo	bfo
dpo	obo
dpo	iao
dpo	nbo
dpo	wikipedia.en
dpo	sweet
dpo	xsd
dpo	rdfs
dpo	rdf
dpo	fbbt
dpo	ro
dpo	owl
dpo	orcid
dpo	fbcv
dpo	obi
dpo	merriamwebster
dpo	wikidata
dpo	wiktionary
dpo	flybase
dpo	nvs
dpo	cl
dpo	pco
dpo	chebi
dpo	doi
dpo	dcterms
dpo	cc
dpo	fbdv
dpo	efo
dpo	oboinowl
dpo	caro
dpvocab	schema
dpvocab	rdf
dpvocab	iana.mediatype
dpvocab	vs
dpvocab	dcterms
dpvocab	dcam
dpvocab	skos
dpvocab	bibo
dpvocab	vann
dpvocab	org
dpvocab	owl
dpvocab	scoro
dpvocab	foaf
dpvocab	rdfs
dpvocab	dcat
drao	sio
drao	edam.topic
drao	go
drao	mi
drao	omp
drao	envo
drao	po
drao	mfoem
drao	mf
drao	ncit
drao	so
drao	pato
drao	t4fs
drao	ncbitaxon
drao	oae
drao	bfo
drao	obo
drao	iao
drao	clo
drao	ms
drao	edam.operation
drao	mod
drao	chmo
drao	dron
drao	doid
drao	swo
drao	fma
drao	uo
drao	rdf
drao	rdfs
drao	mp
drao	pr
drao	ro
drao	stato
drao	vo
drao	obcs
drao	sbo
drao	owl
drao	pw
drao	obi
drao	fbcv
drao	ogms
drao	cmo
drao	agrovoc
drao	pride
drao	edam
drao	omrse
drao	cl
drao	hp
drao	chebi
drao	omit
drao	edam.data
drao	dcterms
drao	mamo
drao	fbbi
drao	ido
drao	efo
drao	orpha
drao	oboinowl
drao	idomal
drao	uberon
dron	iao.issue
dron	go
dron	github
dron	pubmed
dron	isrctn
dron	cob
dron	pato
dron	ncbitaxon
dron	bfo
dron	obo
dron	iao
dron	apollosv
dron	swrl
dron	wikipedia.en
dron	uo
dron	xsd
dron	rdfs
dron	rdf
dron	ro
dron	owl
dron	orcid
dron	obi
dron	ogms
dron	omo
dron	dc
dron	chebi
dron	dcterms
dron	protege
dron	oboinowl
dron	uberon
drugcentral	inchikey
drugcentral	chembl.compound
drugcentral	drugbank
drugcentral	kegg
drugcentral	iuphar.ligand
drugcentral	cas
drugcentral	foaf
drugcentral	pubchem.compound
drugcentral	chemrof
drugcentral	inn
drugcentral	umls
drugcentral	rxnorm
drugcentral	rdfs
drugcentral	rdf
drugcentral	snomedct
drugcentral	pdb.ligand
drugcentral	owl
drugcentral	mesh
drugcentral	orcid
drugcentral	skos
drugcentral	debio
drugcentral	unii
drugcentral	vandf
drugcentral	chebi
drugcentral	doap
drugcentral	dcterms
drugcentral	nddf
drugcentral	oboinowl
dsw	dc
dsw	ro
dsw	rdf
dsw	owl
dsw	dcterms
dsw	xsd
dsw	foaf
dsw	prov
dsw	dwc
dsw	rdfs
duo	mondo
duo	ncit
duo	pato
duo	bfo
duo	obo
duo	iao
duo	apollosv
duo	doid
duo	uo
duo	umls
duo	rdf
duo	rdfs
duo	snomedct
duo	owl
duo	mesh
duo	obi
duo	gaz
duo	skos
duo	dc
duo	dcterms
duo	orpha
duo	oboinowl
dwc.doe	dc
dwc.doe	grid
dwc.doe	dcterms
dwc.doe	foaf
dwc.doe	rdfs
dwc.doe	dwc
dwc.doe	rdf
dwc.em	dc
dwc.em	grid
dwc.em	dcterms
dwc.em	dwc
dwc.em	rdfs
dwc.em	foaf
dwc.em	rdf
dwc.pw	dc
dwc.pw	grid
dwc.pw	dcterms
dwc.pw	dwc
dwc.pw	rdfs
dwc.pw	foaf
dwc.pw	rdf
earthcube.aut	dc
earthcube.aut	rdf
earthcube.aut	owl
earthcube.aut	dcterms
earthcube.aut	orcid
earthcube.aut	oboinowl
earthcube.aut	rdfs
earthcube.mola	dc
earthcube.mola	iao
earthcube.mola	owl
earthcube.mola	orcid
earthcube.mola	wikipedia.en
earthcube.mola	dcterms
earthcube.mola	oboinowl
earthcube.mola	rdfs
earthcube.mola	wikidata
earthcube.mola	rdf
earthcube.sfo	dc
earthcube.sfo	rdf
earthcube.sfo	owl
earthcube.sfo	orcid
earthcube.sfo	oboinowl
earthcube.sfo	rdfs
earthcube.srt	dc
earthcube.srt	iao
earthcube.srt	rdf
earthcube.srt	owl
earthcube.srt	orcid
earthcube.srt	dcterms
earthcube.srt	oboinowl
earthcube.srt	rdfs
earthcube.swl	dc
earthcube.swl	rdf
earthcube.swl	owl
earthcube.swl	orcid
earthcube.swl	cc
earthcube.swl	dcterms
earthcube.swl	oboinowl
earthcube.swl	rdfs
ec	ro
ec	iao
ec	doap
ec	go
ec	owl
ec	dcterms
ec	orcid
ec	uniprot
ec	oboinowl
ec	rdfs
ec	foaf
ec	rdf
ecao	eco
ecao	envo
ecao	go
ecao	github
ecao	bspo
ecao	pubmed
ecao	semapv
ecao	so
ecao	pato
ecao	ncbitaxon
ecao	foaf
ecao	bfo
ecao	obo
ecao	iao
ecao	sssom
ecao	swrl
ecao	nbo
ecao	wikipedia.en
ecao	fma
ecao	xsd
ecao	rdfs
ecao	rdf
ecao	pr
ecao	ro
ecao	swrla
ecao	owl
ecao	orcid
ecao	fbcv
ecao	dbo
ecao	skos
ecao	gorel
ecao	wikidata
ecao	omo
ecao	emapa
ecao	dc
ecao	ehdaa2
ecao	cl
ecao	clm
ecao	dbpedia.property
ecao	uberon.issue
ecao	chebi
ecao	dcterms
ecao	oboinowl
ecao	caro
ecao	uberon
eco	go
eco	so
eco	pato
eco	ncbitaxon
eco	cob
eco	bfo
eco	obo
eco	iao
eco	chmo
eco	uo
eco	xsd
eco	rdf
eco	rdfs
eco	pr
eco	ro
eco	owl
eco	obi
eco	dc
eco	cl
eco	chebi
eco	dcterms
eco	ido
eco	oboinowl
eco	uberon
ecocore	eol.schema
ecocore	fao
ecocore	envo
ecocore	go
ecocore	github
ecocore	bspo
ecocore	pubmed
ecocore	po
ecocore	wwf.ecoregion
ecocore	cob
ecocore	pato
ecocore	ncbitaxon
ecocore	so
ecocore	foaf
ecocore	bfo
ecocore	obo
ecocore	hao.ref
ecocore	iao
ecocore	swrl
ecocore	nbo
ecocore	nif.std
ecocore	wikipedia.en
ecocore	fma
ecocore	umls
ecocore	sweet
ecocore	adw
ecocore	emedicine
ecocore	xsd
ecocore	rdf
ecocore	rdfs
ecocore	pr
ecocore	ro
ecocore	swrla
ecocore	ncbibook
ecocore	snomedct
ecocore	owl
ecocore	orcid
ecocore	obi
ecocore	ogms
ecocore	dbo
ecocore	merriamwebster
ecocore	gorel
ecocore	wikidata
ecocore	wiktionary
ecocore	omo
ecocore	fbrf
ecocore	emapa
ecocore	dc
ecocore	nvs
ecocore	ehdaa2
ecocore	cl
ecocore	clm
ecocore	pco
ecocore	uberon.issue
ecocore	chebi
ecocore	tol
ecocore	dcterms
ecocore	neuronames
ecocore	go.issue
ecocore	ido
ecocore	trans
ecocore	doi
ecocore	oboinowl
ecocore	caro
ecocore	uberon
ecto	eurovoc
ecto	envo
ecto	go
ecto	drugbank.category
ecto	ncit
ecto	pato
ecto	ncbitaxon
ecto	xml
ecto	bfo
ecto	obo
ecto	opmi
ecto	iao
ecto	foodon
ecto	xco
ecto	nbo
ecto	exo
ecto	wikipedia.en
ecto	dron
ecto	langual
ecto	sweet
ecto	grin.taxonomy
ecto	rdfs
ecto	rdf
ecto	eolife
ecto	ro
ecto	owl
ecto	orcid
ecto	merriamwebster
ecto	wikidata
ecto	wiktionary
ecto	omo
ecto	agrovoc
ecto	maxo
ecto	dc
ecto	chebi
ecto	itis
ecto	dcterms
ecto	doi
ecto	oboinowl
ecto	nvs
ecto	ons
ecto	uberon
edam	ncbi.assembly
edam	sio
edam	edam.topic
edam	github
edam	iana.mediatype
edam	isrctn
edam	uniparc
edam	foaf
edam	bfo
edam	obo
edam	iao
edam	ms
edam	edam.operation
edam	biorxiv
edam	wikipedia.en
edam	swo
edam	arxiv
edam	rdfs
edam	rdf
edam	miriam
edam	gfo
edam	ncbibook
edam	owl
edam	orcid
edam	obi
edam	mesh
edam	skos
edam	fairsharing
edam	wikidata
edam	dc
edam	biotop
edam	doap
edam	edam.data
edam	dcterms
edam	phyloviz.typon
edam	ontobee
edam	doi
edam	oboinowl
edam	edam.format
edm	dc
edm	rdf
edm	owl
edm	dcterms
edm	skos
edm	vann
edm	voaf
edm	frbr
edm	adms
edm	xsd
edm	foaf
edm	rdfs
educor	schema
educor	dc
educor	rdf
educor	lrmi.eduse
educor	owl
educor	dcterms
educor	ccso
educor	skos
educor	lrmi.alignmenttype
educor	xsd
educor	foaf
educor	rdfs
efo	schema
efo	github
efo	pubmed
efo	meddra
efo	ncbitaxon
efo	ma
efo	bfo
efo	omim.ps
efo	iao
efo	afpo
efo	mondo.issue
efo	google.book
efo	eo
efo	snomedct
efo	hancestro
efo	skos
efo	bto
efo	hp
efo	omit
efo	to
efo	orpha
efo	rhea
efo	icd10cm
efo	mp
efo	uberon
efo	hathitrust
efo	sio
efo	bao
efo	mondo
efo	mpath
efo	obo
efo	zea
efo	ecto
efo	clo
efo	chemrof
efo	umbbd.reaction
efo	uo
efo	umls
efo	rdf
efo	wbls
efo	medgen
efo	mesh
efo	gaz
efo	zfa
efo	ncbigene
efo	ehdaa2
efo	metacyc.reaction
efo	pmc
efo	fbbi
efo	doi
efo	icd10
efo	oba
efo	oclc
efo	go
efo	bspo
efo	po
efo	semapv
efo	ncit
efo	isrctn
efo	so
efo	pato
efo	foaf
efo	dbpedia.resource
efo	sssom
efo	pav
efo	doid
efo	glottolog
efo	hgnc
efo	rdfs
efo	pr
efo	fbbt
efo	ro
efo	orcid
efo	obi
efo	ogms
efo	icd11
efo	omo
efo	dc
efo	cl
efo	iso.639-3
efo	fbdv
efo	isni
efo	kegg
efo	cob
efo	wikipedia.en
efo	fma
efo	gsso
efo	xsd
efo	omim
efo	owl
efo	wikidata
efo	chebi
efo	dcterms
efo	oban
efo	ido
efo	oboinowl
ehdaa2	obo
ehdaa2	ro
ehdaa2	iao
ehdaa2	cl
ehdaa2	rdf
ehdaa2	owl
ehdaa2	hsapdv
ehdaa2	aeo
ehdaa2	oboinowl
ehdaa2	caro
ehdaa2	rdfs
ehdaa2	bfo
ejprd	schema
ejprd	eco
ejprd	edam.topic
ejprd	mondo
ejprd	meddra
ejprd	ncit
ejprd	bfo
ejprd	obo
ejprd	iao
ejprd	doid
ejprd	umls
ejprd	rdf
ejprd	rdfs
ejprd	dcat
ejprd	snomedct
ejprd	omim
ejprd	owl
ejprd	mesh
ejprd	orcid
ejprd	omiabis
ejprd	skos
ejprd	medgen
ejprd	dc
ejprd	edam
ejprd	hp
ejprd	edam.data
ejprd	snap
ejprd	dcterms
ejprd	orpha
ejprd	efo
ejprd	oboinowl
emap	obo
emap	owl
emap	skos
emap	oboinowl
emap	rdfs
emap	rdf
emapa	ro
emapa	obo
emapa	iao
emapa	rdf
emapa	owl
emapa	dcterms
emapa	oboinowl
emapa	rdfs
emapa	bfo
emg	obo
emg	schema
emg	iao
emg	omo
emg	rdf
emg	github
emg	owl
emg	dcterms
emg	orcid
emg	skos
emg	ror
emg	pida
emg	oboinowl
emg	xsd
emg	rdfs
emi	schema
emi	iana.mediatype
emi	qudt
emi	pato
emi	foaf
emi	sosa
emi	bibo
emi	xsd
emi	rdf
emi	rdfs
emi	dcmitype
emi	orcid
emi	owl
emi	skos
emi	vann
emi	wikidata
emi	prov
emi	orth
emi	uniprot.core
emi	dc
emi	wgs84
emi	dcterms
emi	dcam
emi	org
emi	efo
emmo	github
emmo	orcid
emmo	owl
emmo	dcterms
emmo	bibo
emmo	atomistic
emmo	vann
emmo	rdfs
emmo	foaf
emmo	rdf
empty	envo
empty	go
empty	bspo
empty	ncit
empty	cob
empty	pato
empty	ncbitaxon
empty	so
empty	bfo
empty	obo
empty	iao
empty	swrl
empty	nbo
empty	uo
empty	rdf
empty	rdfs
empty	pr
empty	ro
empty	owl
empty	orcid
empty	obi
empty	gorel
empty	wikidata
empty	omo
empty	dc
empty	cl
empty	clm
empty	chebi
empty	dcterms
empty	oboinowl
empty	caro
empty	uberon
emro	go
emro	github
emro	pubmed
emro	semapv
emro	cob
emro	pato
emro	ncbitaxon
emro	bfo
emro	obo
emro	iao
emro	sssom
emro	wikipedia.en
emro	xsd
emro	rdf
emro	rdfs
emro	ro
emro	owl
emro	orcid
emro	obi
emro	skos
emro	prov
emro	omo
emro	dc
emro	dcterms
emro	protege
emro	oboinowl
emro	uberon
ensemblglossary	obo
ensemblglossary	iao
ensemblglossary	rdf
ensemblglossary	owl
ensemblglossary	oboinowl
ensemblglossary	rdfs
envo	eurovoc
envo	schema
envo	fao
envo	github
envo	go
envo	pubmed
envo	gemet.concept
envo	po
envo	wwf.ecoregion
envo	ncit
envo	cob
envo	pato
envo	ncbitaxon
envo	foaf
envo	bfo
envo	obo
envo	iao
envo	foodon
envo	wikipedia.en
envo	langual
envo	sweet
envo	xsd
envo	grin.taxonomy
envo	rdf
envo	rdfs
envo	eolife
envo	ro
envo	owl
envo	orcid
envo	obi
envo	mesh
envo	skos
envo	dbo
envo	merriamwebster
envo	wikidata
envo	wiktionary
envo	agrovoc
envo	omo
envo	dc
envo	pco
envo	chebi
envo	doap
envo	itis
envo	dcterms
envo	pmc
envo	doi
envo	oboinowl
envo	nvs
envo	uberon
envthes	eurovoc
envthes	schema
envthes	apaonto
envthes	sio
envthes	envo
envthes	go
envthes	github
envthes	gemet.concept
envthes	po
envthes	ncit
envthes	pato
envthes	ncbitaxon
envthes	ecg
envthes	nemo2
envthes	vt
envthes	obo
envthes	sosa
envthes	idomal
envthes	apollosv
envthes	foodon
envthes	ogsf
envthes	edam.operation
envthes	xco
envthes	exo
envthes	wikipedia.en
envthes	chmo
envthes	geonames.ontology
envthes	ero
envthes	worms
envthes	xsd
envthes	rdfs
envthes	rdf
envthes	csp
envthes	lter
envthes	iadopt
envthes	stato
envthes	obcs
envthes	sbo
envthes	owl
envthes	orcid
envthes	mesh
envthes	obi
envthes	skos
envthes	cmo
envthes	fbcv
envthes	apo
envthes	ecso
envthes	ccon
envthes	bto
envthes	agrovoc
envthes	iev
envthes	dicom
envthes	chebi
envthes	doi
envthes	dcterms
envthes	to
envthes	ror
envthes	rex
envthes	efo
envthes	nvs
envthes	npo
envthes	atol
eo	envo
eo	go
eo	cob
eo	pato
eo	ncbitaxon
eo	bfo
eo	obo
eo	iao
eo	foodon
eo	peco
eo	rdf
eo	rdfs
eo	ro
eo	owl
eo	pco
eo	chebi
eo	oboinowl
eo	uberon
epio	orcid
epio	go
epio	github
epio	mondo
epio	mfoem
epio	mf
epio	rs
epio	ncit
epio	meddra
epio	pato
epio	ncbitaxon
epio	oae
epio	foaf
epio	mfomd
epio	bfo
epio	obo
epio	iao
epio	clo
epio	nbo
epio	wikipedia.en
epio	doid
epio	mmo
epio	umls
epio	fma
epio	ero
epio	rdf
epio	rdfs
epio	uberon
epio	ro
epio	snomedct
epio	omim
epio	owl
epio	pw
epio	obi
epio	ogms
epio	cmo
epio	skos
epio	omiabis
epio	oba
epio	dbo
epio	mesh
epio	eupath
epio	dc
epio	hp
epio	uberon.issue
epio	symp
epio	chebi
epio	omit
epio	protege
epio	dcterms
epio	neuronames
epio	ido
epio	efo
epio	orpha
epio	oboinowl
epio	idomal
epio	mp
epo	obo
epo	ro
epo	iao
epo	rdf
epo	owl
epo	snap
epo	ido
epo	trans
epo	pato
epo	oboinowl
epo	rdfs
epso	rdf
epso	owl
epso	xsd
epso	rdfs
erm	ro
erm	rdf
erm	chebi
erm	orcid
erm	dcterms
erm	cordis.project
erm	wikidata
erm	foaf
erm	rdfs
esrfet	schema
esrfet	rdf
esrfet	owl
esrfet	dcterms
esrfet	orcid
esrfet	skos
esrfet	vann
esrfet	ror
esrfet	panet
esrfet	xsd
esrfet	foaf
esrfet	rdfs
eupath	duo
eupath	iao.issue
eupath	pdro
eupath	envo
eupath	go
eupath	github
eupath	omp
eupath	po
eupath	ncit
eupath	isrctn
eupath	so
eupath	pato
eupath	ncbitaxon
eupath	cob
eupath	oae
eupath	foaf
eupath	bfo
eupath	obo
eupath	iao
eupath	aro
eupath	ecto
eupath	foodon
eupath	apollosv
eupath	ontoneo
eupath	mod
eupath	dron
eupath	doid
eupath	uo
eupath	gsso
eupath	xsd
eupath	obib
eupath	rdf
eupath	rdfs
eupath	pr
eupath	ro
eupath	stato
eupath	cido
eupath	obcs
eupath	snomedct
eupath	vo
eupath	owl
eupath	orcid
eupath	obi
eupath	ogms
eupath	cmo
eupath	gaz
eupath	opl
eupath	bto
eupath	omo
eupath	maxo
eupath	dc
eupath	omrse
eupath	cl
eupath	phipo
eupath	hp
eupath	pco
eupath	chebi
eupath	symp
eupath	dcterms
eupath	protege
eupath	genepio
eupath	ido
eupath	efo
eupath	oboinowl
eupath	ons
eupath	uberon
euroscivoc	dc
euroscivoc	skosxl
euroscivoc	owl
euroscivoc	dcterms
euroscivoc	skos
euroscivoc	rdf
euroscivoc.schema	eurovoc
euroscivoc.schema	dc
euroscivoc.schema	dcmitype
euroscivoc.schema	skosxl
euroscivoc.schema	iana.mediatype
euroscivoc.schema	owl
euroscivoc.schema	dcterms
euroscivoc.schema	dcam
euroscivoc.schema	skos
euroscivoc.schema	org
euroscivoc.schema	xsd
euroscivoc.schema	rdfs
euroscivoc.schema	rdf
evorao	schema
evorao	sio
evorao	vcard
evorao	github
evorao	bao
evorao	mi
evorao	mondo
evorao	reproduceme
evorao	geno
evorao	ncit
evorao	hso
evorao	sepio
evorao	t4fs
evorao	ncbitaxon
evorao	foaf
evorao	dwc
evorao	taxrank
evorao	iao
evorao	clo
evorao	apollosv
evorao	ms
evorao	xco
evorao	bibo
evorao	pav
evorao	swo
evorao	doid
evorao	xsd
evorao	biolink
evorao	obib
evorao	rdf
evorao	rdfs
evorao	dcat
evorao	ro
evorao	dcmitype
evorao	ols
evorao	afo
evorao	cido
evorao	vo
evorao	snomedct
evorao	owl
evorao	orcid
evorao	obi
evorao	mesh
evorao	skos
evorao	vann
evorao	adms
evorao	wikidata
evorao	prov
evorao	bto
evorao	gr
evorao	uniprot.core
evorao	chebi
evorao	edam.data
evorao	vs
evorao	dcterms
evorao	cc
evorao	genepio
evorao	voaf
evorao	ido
evorao	efo
evorao	geogeo
evorao	iceo
exmo	schema
exmo	eco
exmo	sio
exmo	envo
exmo	github
exmo	go
exmo	pubmed
exmo	hsapdv
exmo	ncit
exmo	isrctn
exmo	pato
exmo	bfo
exmo	obo
exmo	opmi
exmo	iao
exmo	scdo
exmo	swrl
exmo	biorxiv
exmo	wikipedia.en
exmo	doid
exmo	gsso
exmo	uo
exmo	xsd
exmo	rdf
exmo	rdfs
exmo	ro
exmo	hom
exmo	occo
exmo	swrla
exmo	sbo
exmo	orcid
exmo	owl
exmo	obi
exmo	ogms
exmo	cmo
exmo	skos
exmo	dbo
exmo	wikidata
exmo	omo
exmo	maxo
exmo	dc
exmo	hp
exmo	uberon.issue
exmo	dbpedia.property
exmo	chebi
exmo	doap
exmo	dcterms
exmo	protege
exmo	orpha
exmo	doi
exmo	oboinowl
exmo	uberon
exo	obo
exo	ro
exo	dc
exo	iao
exo	rdf
exo	owl
exo	dcterms
exo	oboinowl
exo	rdfs
exo	bfo
faldo	spin
faldo	rdf
faldo	owl
faldo	wikipedia.en
faldo	dcterms
faldo	xsd
faldo	rdfs
fao	obo
fao	ro
fao	uberon
fao	iao
fao	rdf
fao	owl
fao	ncbitaxon
fao	oboinowl
fao	rdfs
fao	bfo
fbbi	obo
fbbi	ro
fbbi	iao
fbbi	rdf
fbbi	swrl
fbbi	go
fbbi	owl
fbbi	dcterms
fbbi	orcid
fbbi	wikidata
fbbi	ncbitaxon
fbbi	bfo
fbbi	pato
fbbi	oboinowl
fbbi	omo
fbbi	rdfs
fbbi	uberon
fbbt	go
fbbt	so
fbbt	pato
fbbt	ncbitaxon
fbbt	cob
fbbt	foaf
fbbt	bfo
fbbt	obo
fbbt	iao
fbbt	rdf
fbbt	rdfs
fbbt	ro
fbbt	owl
fbbt	orcid
fbbt	wikidata
fbbt	flybase
fbbt	omo
fbbt	cl
fbbt	dcterms
fbbt	oboinowl
fbbt	caro
fbcv	obo
fbcv	ro
fbcv	uberon
fbcv	iao
fbcv	rdf
fbcv	chebi
fbcv	owl
fbcv	dcterms
fbcv	orcid
fbcv	cc
fbcv	fbdv
fbcv	oboinowl
fbcv	rdfs
fbcv	bfo
fbdv	obo
fbdv	ro
fbdv	iao
fbdv	rdf
fbdv	go
fbdv	owl
fbdv	dcterms
fbdv	orcid
fbdv	oboinowl
fbdv	rdfs
fbdv	bfo
fideo	obo
fideo	ro
fideo	dc
fideo	iao
fideo	rdf
fideo	foodon
fideo	chebi
fideo	owl
fideo	dcterms
fideo	dron
fideo	obi
fideo	oboinowl
fideo	xsd
fideo	rdfs
fideo	bfo
fiesta.iot	dc
fiesta.iot	wgs84
fiesta.iot	rdf
fiesta.iot	iotlite
fiesta.iot	owl
fiesta.iot	dcterms
fiesta.iot	time
fiesta.iot	cc
fiesta.iot	vann
fiesta.iot	dogont
fiesta.iot	xsd
fiesta.iot	rdfs
findex.bau	dc
findex.bau	iao
findex.bau	doap
findex.bau	owl
findex.bau	dcterms
findex.bau	skos
findex.bau	rdfs
findex.bau	gitlab
findex.bau	rdf
findex.bau	dcat
findex.raum	dc
findex.raum	doap
findex.raum	tib.bk
findex.raum	gnd
findex.raum	owl
findex.raum	dcterms
findex.raum	skos
findex.raum	gitlab
findex.raum	rdfs
findex.raum	rdf
findex.raum	dcat
fix	obo
fix	rdf
fix	owl
fix	oboinowl
fix	rdfs
flopo	obo
flopo	ro
flopo	dc
flopo	iao
flopo	rdf
flopo	github
flopo	go
flopo	owl
flopo	po
flopo	dcterms
flopo	orcid
flopo	doi
flopo	pato
flopo	oboinowl
flopo	xsd
flopo	rdfs
flopo	bfo
flybase	ro
flybase	doap
flybase	owl
flybase	dcterms
flybase	ncbitaxon
flybase	orcid
flybase	foaf
flybase	so
flybase	oboinowl
flybase	rdfs
flybase	rdf
fma	dc
fma	rdf
fma	owl
fma	dcterms
fma	xsd
fma	rdfs
foaf	dc
foaf	schema
foaf	wgs84
foaf	rdf
foaf	owl
foaf	vs
foaf	dcterms
foaf	skos
foaf	wot
foaf	rdfs
fobi	obo
fobi	iao
fobi	rdf
fobi	foodon
fobi	chebi
fobi	owl
fobi	ncbitaxon
fobi	dcterms
fobi	oboinowl
fobi	rdfs
fobi	uberon
foodon	schema
foodon	fao
foodon	envo
foodon	go
foodon	github
foodon	pubmed
foodon	po
foodon	ncit
foodon	cob
foodon	pato
foodon	ncbitaxon
foodon	foaf
foodon	xml
foodon	bfo
foodon	obo
foodon	iao
foodon	msio
foodon	flopo
foodon	afpo
foodon	fishbase.species
foodon	xco
foodon	wikipedia.en
foodon	dron
foodon	langual
foodon	ceph
foodon	uo
foodon	xsd
foodon	grin.taxonomy
foodon	rdfs
foodon	rdf
foodon	pr
foodon	eolife
foodon	ro
foodon	gbif
foodon	owl
foodon	orcid
foodon	hancestro
foodon	gaz
foodon	obi
foodon	cdno
foodon	merriamwebster
foodon	wikidata
foodon	bto
foodon	wiktionary
foodon	dc
foodon	cl
foodon	pco
foodon	chebi
foodon	ecocore
foodon	itis
foodon	time
foodon	dcterms
foodon	genepio
foodon	pmc
foodon	fungorum
foodon	efo
foodon	oboinowl
foodon	agro
foodon	ons
foodon	uberon
fovt	eco
fovt	bco
fovt	envo
fovt	go
fovt	github
fovt	bspo
fovt	pubmed
fovt	semapv
fovt	wwf.ecoregion
fovt	so
fovt	pato
fovt	ncbitaxon
fovt	cob
fovt	foaf
fovt	dwc
fovt	bfo
fovt	obo
fovt	taxrank
fovt	iao
fovt	sssom
fovt	swrl
fovt	nbo
fovt	biorxiv
fovt	wikipedia.en
fovt	pav
fovt	fma
fovt	uo
fovt	xsd
fovt	rdfs
fovt	rdf
fovt	pr
fovt	ro
fovt	swrla
fovt	owl
fovt	orcid
fovt	obi
fovt	fbcv
fovt	skos
fovt	oba
fovt	dbo
fovt	gorel
fovt	wikidata
fovt	omo
fovt	emapa
fovt	dc
fovt	ehdaa2
fovt	cl
fovt	clm
fovt	uberon.issue
fovt	dbpedia.property
fovt	chebi
fovt	doap
fovt	dcterms
fovt	dcam
fovt	protege
fovt	oboinowl
fovt	caro
fovt	uberon
fplx	obo
fplx	iao
fplx	rdf
fplx	owl
fplx	oboinowl
fplx	rdfs
ftonto	rdf
ftonto	owl
ftonto	swrlb
ftonto	xsd
ftonto	rdfs
fypo	go
fypo	so
fypo	pato
fypo	cob
fypo	bfo
fypo	obo
fypo	iao
fypo	rdfs
fypo	rdf
fypo	pr
fypo	ro
fypo	owl
fypo	orcid
fypo	gorel
fypo	bto
fypo	omo
fypo	dc
fypo	cl
fypo	chebi
fypo	dcterms
fypo	oboinowl
fypo	mod
gaid	obo
gaid	iao
gaid	rdf
gaid	owl
gaid	oboinowl
gaid	rdfs
gaidet	iao
gaidet	sssom
gaidet	rdf
gaidet	doap
gaidet	owl
gaidet	dcterms
gaidet	orcid
gaidet	semapv
gaidet	cro
gaidet	skos
gaidet	credit
gaidet	rdfs
galen	rdfs
galen	rdf
galen	owl
gallont	eco
gallont	envo
gallont	go
gallont	lccn
gallont	pubmed
gallont	po
gallont	ncit
gallont	pato
gallont	ncbitaxon
gallont	foaf
gallont	bfo
gallont	obo
gallont	iao
gallont	flopo
gallont	swrl
gallont	wikipedia.en
gallont	xsd
gallont	rdf
gallont	rdfs
gallont	poro
gallont	ro
gallont	swrla
gallont	owl
gallont	orcid
gallont	obi
gallont	skos
gallont	omo
gallont	inaturalist.observation
gallont	dc
gallont	dcterms
gallont	doi
gallont	oboinowl
gallont	caro
gallont	uberon
gard	obo
gard	rdf
gard	doap
gard	owl
gard	dcterms
gard	orcid
gard	oboinowl
gard	foaf
gard	rdfs
gaz	obo
gaz	iao
gaz	rdf
gaz	owl
gaz	skos
gaz	oboinowl
gaz	rdfs
gdo	dc
gdo	iao
gdo	rdf
gdo	owl
gdo	dcterms
gdo	fma
gdo	xsd
gdo	foaf
gdo	rdfs
gdo	uberon
gecko	pdro
gecko	go
gecko	mondo
gecko	mf
gecko	pato
gecko	bfo
gecko	obo
gecko	iao
gecko	rdf
gecko	rdfs
gecko	ro
gecko	stato
gecko	owl
gecko	obi
gecko	ogms
gecko	eupath
gecko	cmo
gecko	dc
gecko	omrse
gecko	pco
gecko	dcterms
gecko	oboinowl
gecko	uberon
genepio	envo
genepio	github
genepio	gemet.concept
genepio	hso
genepio	ncbitaxon
genepio	t4fs
genepio	bfo
genepio	iao
genepio	afpo
genepio	exo
genepio	rbo
genepio	chmo
genepio	sweet
genepio	flu
genepio	eo
genepio	hancestro
genepio	bto
genepio	omrse
genepio	hp
genepio	omit
genepio	mp
genepio	eurovoc
genepio	uberon
genepio	sio
genepio	vcard
genepio	mi
genepio	bao
genepio	mondo
genepio	mpath
genepio	oae
genepio	vt
genepio	obo
genepio	ecto
genepio	clo
genepio	foodon
genepio	uo
genepio	ero
genepio	rdf
genepio	cvdo
genepio	mesh
genepio	gaz
genepio	symp
genepio	edam.data
genepio	pmc
genepio	trans
genepio	geogeo
genepio	oba
genepio	go
genepio	omp
genepio	po
genepio	ncit
genepio	so
genepio	pato
genepio	foaf
genepio	apollosv
genepio	nbo
genepio	doid
genepio	mmo
genepio	rdfs
genepio	pr
genepio	epo
genepio	ro
genepio	cido
genepio	orcid
genepio	obi
genepio	ogms
genepio	omiabis
genepio	linkml
genepio	dc
genepio	cl
genepio	pco
genepio	phyloviz.typon
genepio	ico
genepio	cob
genepio	aro
genepio	xco
genepio	wikipedia.en
genepio	langual
genepio	gsso
genepio	peco
genepio	xsd
genepio	ncro
genepio	obib
genepio	stato
genepio	fix
genepio	vo
genepio	owl
genepio	agrovoc
genepio	chebi
genepio	dcterms
genepio	ido
genepio	efo
genepio	oboinowl
geno	iao.issue
geno	envo
geno	go
geno	github
geno	pubmed
geno	wbphenotype
geno	hsapdv
geno	faldo
geno	isrctn
geno	so
geno	pato
geno	ncbitaxon
geno	wwf.ecoregion
geno	bfo
geno	obo
geno	iao
geno	clo
geno	apollosv
geno	swrl
geno	wikipedia.en
geno	uo
geno	xsd
geno	rdf
geno	rdfs
geno	mp
geno	ro
geno	upheno
geno	owl
geno	orcid
geno	obi
geno	ogms
geno	wikidata
geno	omo
geno	ncbigene
geno	dc
geno	cl
geno	hp
geno	pco
geno	chebi
geno	zp
geno	dcterms
geno	oban
geno	protege
geno	oboinowl
geno	uberon
geogeo	obo
geogeo	dc
geogeo	ro
geogeo	iao
geogeo	rdf
geogeo	owl
geogeo	dcterms
geogeo	obi
geogeo	xsd
geogeo	uo
geogeo	pato
geogeo	oboinowl
geogeo	rdfs
geogeo	bfo
geonames	obo
geonames	envo
geonames	owl
geonames	dcterms
geonames	orcid
geonames	oboinowl
geonames	geonames.feature
geonames	rdfs
geonames	foaf
geonames	rdf
geonames	bfo
geonames.feature	obo
geonames.feature	rdf
geonames.feature	owl
geonames.feature	dcterms
geonames.feature	orcid
geonames.feature	ncbitaxon
geonames.feature	oboinowl
geonames.feature	rdfs
geonames.feature	foaf
gesah	schema
gesah	vcard
gesah	github
gesah	foaf
gesah	bfo
gesah	iao
gesah	vitro
gesah	premis
gesah	xsd
gesah	rdf
gesah	rdfs
gesah	ro
gesah	owl
gesah	orcid
gesah	skos
gesah	vann
gesah	vivo
gesah	dc
gesah	doap
gesah	iso.639-3
gesah	dcterms
gesah	doi
getty.gvp	schema
getty.gvp	skos.thes
getty.gvp	github
getty.gvp	getty.tgn
getty.gvp	foaf
getty.gvp	bibo
getty.gvp	getty.ulan
getty.gvp	xsd
getty.gvp	rdf
getty.gvp	rdfs
getty.gvp	owl
getty.gvp	skos
getty.gvp	vann
getty.gvp	wikidata
getty.gvp	dc
getty.gvp	skosxl
getty.gvp	getty.att
getty.gvp	dcterms
getty.gvp	voaf
gfbio.ets	dc
gfbio.ets	owl
gfbio.ets	dcterms
gfbio.ets	cc
gfbio.ets	gfbio.biobank
gfbio.ets	rdfs
gfbio.ets	dwc
gfbio.ets	rdf
gfo	rdfs
gfo	owl
gfo	rdf
gmho	schema
gmho	github
gmho	mf
gmho	cob
gmho	pato
gmho	sepio
gmho	bfo
gmho	obo
gmho	iao
gmho	wikipedia.en
gmho	rdfs
gmho	rdf
gmho	ro
gmho	sdgio
gmho	stato
gmho	addicto
gmho	obcs
gmho	owl
gmho	orcid
gmho	obi
gmho	ogms
gmho	cmo
gmho	wikidata
gmho	bcio
gmho	dcterms
gmho	efo
gmho	oboinowl
gndo	dc
gndo	github
gndo	gnd
gndo	owl
gndo	dcterms
gndo	cc
gndo	skos
gndo	voaf
gndo	vann
gndo	adms
gndo	xsd
gndo	rdfs
gndo	foaf
gndo	rdf
gno	obo
gno	dc
gno	iao
gno	glytoucan
gno	rdf
gno	chebi
gno	owl
gno	dcterms
gno	oboinowl
gno	rdfs
go	viralzone
go	kegg
go	bfo
go	obo
go	iao
go	umbbd.reaction
go	rdf
go	rdfs
go	ro
go	owl
go	skos
go	dc
go	metacyc.reaction
go	dcterms
go	tcdb
go	umbbd.pathway
go	rhea
go	oboinowl
goche	obo
goche	rdf
goche	chebi
goche	go
goche	owl
goche	rdfs
gold	obo
gold	fao
gold	rdf
gold	foodon
gold	envo
gold	chebi
gold	mixs
gold	owl
gold	ncbitaxon
gold	obi
gold	po
gold	skos
gold	pato
gold	oboinowl
gold	rdfs
gold	uberon
gov.ontology	dc
gov.ontology	rdf
gov.ontology	owl
gov.ontology	dcterms
gov.ontology	xsd
gov.ontology	rdfs
gov.types	rdf
gov.types	gov.ontology
gov.types	gnd
gov.types	owl
gov.types	wikidata
gov.types	rdfs
gpml	iao
gpml	rdf
gpml	owl
gpml	dcterms
gpml	bridgedb
gpml	skos
gpml	xsd
gpml	xhv
gpml	rdfs
gramene.growthstage	obo
gramene.growthstage	ro
gramene.growthstage	iao
gramene.growthstage	rdf
gramene.growthstage	owl
gramene.growthstage	po
gramene.growthstage	oboinowl
gramene.growthstage	rdfs
gramene.growthstage	bfo
gs1	schema
gs1	dc
gs1	wgs84
gs1	rdf
gs1	vcard
gs1	owl
gs1	vs
gs1	dcterms
gs1	skos
gs1	voaf
gs1	vann
gs1	xsd
gs1	foaf
gs1	rdfs
gs1	gr
gsso	schema
gsso	viaf
gsso	oclc
gsso	hathitrust
gsso	sty
gsso	jstor
gsso	isni
gsso	sio
gsso	envo
gsso	go
gsso	pubmed
gsso	mf
gsso	ncit
gsso	isrctn
gsso	pato
gsso	ncbitaxon
gsso	oae
gsso	mfomd
gsso	foaf
gsso	bfo
gsso	obo
gsso	iao
gsso	efo
gsso	nbo
gsso	ec
gsso	fma
gsso	doid
gsso	xsd
gsso	rdfs
gsso	rdf
gsso	ro
gsso	google.book
gsso	owl
gsso	mesh
gsso	obi
gsso	gaz
gsso	ogms
gsso	wikidata
gsso	dc
gsso	ncbigene
gsso	omrse
gsso	cl
gsso	hp
gsso	insdc
gsso	chebi
gsso	iso.639-3
gsso	dcterms
gsso	ido
gsso	doi
gsso	oboinowl
gsso	issn
gsso	linguist.gold
gsso	ncbiprotein
gsso	uberon
gtdb	taxrank
gtdb	iao
gtdb	rdf
gtdb	doap
gtdb	owl
gtdb	ncbitaxon
gtdb	dcterms
gtdb	orcid
gtdb	oboinowl
gtdb	rdfs
gtdb	foaf
gufo	dc
gufo	rdf
gufo	owl
gufo	time
gufo	dcterms
gufo	vann
gufo	xsd
gufo	rdfs
gx	schema
gx	rdf
gx	vcard
gx	qudt
gx	owl
gx	dcterms
gx	odrl
gx	skos
gx	linkml
gx	xsd
gx	rdfs
gx	dcat
hancestro	pubmed
hancestro	ncit
hancestro	isrctn
hancestro	foaf
hancestro	bfo
hancestro	dbpedia.resource
hancestro	obo
hancestro	iao
hancestro	afpo
hancestro	wikipedia.en
hancestro	glottolog
hancestro	xsd
hancestro	rdf
hancestro	rdfs
hancestro	ro
hancestro	owl
hancestro	orcid
hancestro	gaz
hancestro	obi
hancestro	omo
hancestro	dc
hancestro	iso.639-3
hancestro	dcterms
hancestro	protege
hancestro	pmc
hancestro	doi
hancestro	oboinowl
hao	obo
hao	ro
hao	iao
hao	rdf
hao	owl
hao	oboinowl
hao	rdfs
hao	foaf
hao	bfo
hba	obo
hba	iao
hba	owl
hba	oboinowl
hba	rdfs
hba	bfo
hba	rdf
hba	uberon
hcao	duo
hcao	eco
hcao	iao.issue
hcao	envo
hcao	go
hcao	github
hcao	bspo
hcao	pubmed
hcao	po
hcao	mondo
hcao	hsapdv
hcao	pcl
hcao	ncit
hcao	isrctn
hcao	so
hcao	pato
hcao	ncbitaxon
hcao	foaf
hcao	bfo
hcao	obo
hcao	iao
hcao	efo
hcao	clo
hcao	apollosv
hcao	swrl
hcao	nbo
hcao	biorxiv
hcao	wikipedia.en
hcao	fma
hcao	uo
hcao	umls
hcao	doid
hcao	xsd
hcao	rdfs
hcao	rdf
hcao	pr
hcao	fbbt
hcao	ro
hcao	swrla
hcao	ddanat
hcao	snomedct
hcao	owl
hcao	orcid
hcao	obi
hcao	fbcv
hcao	skos
hcao	gaz
hcao	dbo
hcao	mesh
hcao	gorel
hcao	wikidata
hcao	omo
hcao	emapa
hcao	dc
hcao	ehdaa2
hcao	cl
hcao	uberon.issue
hcao	dbpedia.property
hcao	chebi
hcao	doap
hcao	cito
hcao	dcterms
hcao	protege
hcao	neuronames
hcao	orpha
hcao	doi
hcao	oboinowl
hcao	caro
hcao	uberon
hcpcs	bioportal
hcpcs	sty
hcpcs	rdf
hcpcs	owl
hcpcs	skos
hcpcs	rdfs
hepro	iao.issue
hepro	sepio
hepro	ncbitaxon
hepro	ioio
hepro	foaf
hepro	bfo
hepro	obo
hepro	iao
hepro	commoncoreontology
hepro	swrl
hepro	wikipedia.en
hepro	rdf
hepro	rdfs
hepro	ro
hepro	owl
hepro	orcid
hepro	ogms
hepro	obi
hepro	dc
hepro	omrse
hepro	dcterms
hepro	oboinowl
hgnc.genegroup	ro
hgnc.genegroup	rdf
hgnc.genegroup	doap
hgnc.genegroup	go
hgnc.genegroup	pubmed
hgnc.genegroup	owl
hgnc.genegroup	mito
hgnc.genegroup	ncbitaxon
hgnc.genegroup	dcterms
hgnc.genegroup	orcid
hgnc.genegroup	skos
hgnc.genegroup	foaf
hgnc.genegroup	so
hgnc.genegroup	oboinowl
hgnc.genegroup	omo
hgnc.genegroup	rdfs
hl7	bioportal
hl7	sty
hl7	owl
hl7	dcterms
hl7	skos
hl7	rdfs
hl7	rdf
hom	obo
hom	iao
hom	rdf
hom	owl
hom	oboinowl
hom	rdfs
hp	go
hp	github
hp	bspo
hp	hsapdv
hp	mpath
hp	pato
hp	bfo
hp	obo
hp	iao
hp	nbo
hp	biorxiv
hp	rdfs
hp	rdf
hp	pr
hp	ro
hp	owl
hp	orcid
hp	wikidata
hp	omo
hp	dc
hp	cl
hp	chebi
hp	dcterms
hp	doi
hp	oboinowl
hp	uberon
hpath	obo
hpath	iao
hpath	rdf
hpath	owl
hpath	oboinowl
hpath	rdfs
hpc	schema
hpc	dc
hpc	rdf
hpc	owl
hpc	dcterms
hpc	xsd
hpc	bibo
hpc	skos
hpc	vann
hpc	prov
hpc	rdfs
hsapdv	obo
hsapdv	ro
hsapdv	uberon
hsapdv	iao
hsapdv	ehdaa2
hsapdv	rdf
hsapdv	go
hsapdv	owl
hsapdv	uo
hsapdv	oboinowl
hsapdv	rdfs
hsapdv	bfo
hso	eco
hso	sio
hso	envo
hso	github
hso	bspo
hso	ncit
hso	ncbitaxon
hso	foaf
hso	bfo
hso	obo
hso	iao
hso	wikipedia.en
hso	chmo
hso	fma
hso	doid
hso	umls
hso	birnlex
hso	xsd
hso	rdfs
hso	rdf
hso	dcat
hso	ro
hso	snomedct
hso	owl
hso	orcid
hso	obi
hso	gaz
hso	dbo
hso	skos
hso	nlx.anat
hso	dc
hso	ehdaa2
hso	uberon.issue
hso	dcterms
hso	genepio
hso	neuronames
hso	ido
hso	oboinowl
hso	uberon
htn	iao.issue
htn	galen
htn	envo
htn	go
htn	github
htn	pubmed
htn	ncit
htn	pato
htn	ncbitaxon
htn	foaf
htn	bfo
htn	obo
htn	iao
htn	wikipedia.en
htn	doid
htn	uo
htn	xsd
htn	rdf
htn	rdfs
htn	pr
htn	ro
htn	upheno
htn	snomedct
htn	owl
htn	mesh
htn	obi
htn	ogms
htn	dbo
htn	gaz
htn	dc
htn	omrse
htn	hp
htn	cito
htn	dcterms
htn	ido
htn	protege
htn	oboinowl
htn	caro
iadopt	rdf
iadopt	owl
iadopt	dcterms
iadopt	foaf
iadopt	rdfs
iadopt	dcat
iao	iao.issue
iao	github
iao	isrctn
iao	cob
iao	pato
iao	foaf
iao	bfo
iao	obo
iao	apollosv
iao	swrl
iao	wikipedia.en
iao	uo
iao	xsd
iao	rdf
iao	rdfs
iao	ro
iao	owl
iao	orcid
iao	obi
iao	omo
iao	dc
iao	dcterms
iao	protege
iao	oboinowl
icd10	rdf
icd10	owl
icd10	dcterms
icd10	oboinowl
icd10	biolink
icd10	foaf
icd10	rdfs
icd10cm	bioportal
icd10cm	sty
icd10cm	rdf
icd10cm	owl
icd10cm	dcterms
icd10cm	skos
icd10cm	rdfs
icd10pcs	bioportal
icd10pcs	sty
icd10pcs	owl
icd10pcs	dcterms
icd10pcs	skos
icd10pcs	rdfs
icd10pcs	rdf
icd11	obo
icd11	rdf
icd11	doap
icd11	owl
icd11	dcterms
icd11	skos
icd11	icd11.code
icd11	oboinowl
icd11	foaf
icd11	rdfs
icd9cm	bioportal
icd9cm	sty
icd9cm	owl
icd9cm	skos
icd9cm	rdfs
icd9cm	rdf
iceo	sio
iceo	go
iceo	mi
iceo	pubmed
iceo	ncbitaxon
iceo	foaf
iceo	bfo
iceo	obo
iceo	ogg
iceo	iao
iceo	aro
iceo	wikipedia.en
iceo	xsd
iceo	rdf
iceo	rdfs
iceo	pr
iceo	ro
iceo	owl
iceo	obi
iceo	dc
iceo	chebi
iceo	dcterms
iceo	ido
iceo	oboinowl
icf	rdf
icf	owl
icf	skos
icf	xsd
icf	rdfs
ico	duo
ico	iao.issue
ico	sio
ico	envo
ico	go
ico	github
ico	mondo
ico	ncit
ico	geogeo
ico	so
ico	pato
ico	ncbitaxon
ico	oae
ico	isrctn
ico	foaf
ico	bfo
ico	obo
ico	iao
ico	commoncoreontology
ico	apollosv
ico	swrl
ico	wikipedia.en
ico	chmo
ico	doid
ico	uo
ico	umls
ico	ero
ico	xsd
ico	obib
ico	rdf
ico	rdfs
ico	pr
ico	ro
ico	oostt
ico	sdgio
ico	snomedct
ico	owl
ico	mesh
ico	obi
ico	ogms
ico	omiabis
ico	skos
ico	gaz
ico	dc
ico	omrse
ico	cl
ico	hp
ico	chebi
ico	dcterms
ico	orpha
ico	protege
ico	oboinowl
ico	uberon
iconclass	rdf
iconclass	doap
iconclass	owl
iconclass	orcid
iconclass	dcterms
iconclass	oboinowl
iconclass	foaf
iconclass	rdfs
ictv	taxrank
ictv	obo
ictv	iao
ictv	rdf
ictv	owl
ictv	dcterms
ictv	ncbitaxon
ictv	skos
ictv	foaf
ictv	oboinowl
ictv	prov
ictv	omo
ictv	rdfs
ido	go
ido	pubmed
ido	ncbitaxon
ido	foaf
ido	bfo
ido	obo
ido	iao
ido	rdf
ido	rdfs
ido	ro
ido	owl
ido	obi
ido	ogms
ido	dc
ido	cl
ido	chebi
ido	trans
ido	protege
ido	oboinowl
ido	caro
ido	uberon
idocovid19	go
idocovid19	geogeo
idocovid19	ncbitaxon
idocovid19	foaf
idocovid19	bfo
idocovid19	obo
idocovid19	iao
idocovid19	commoncoreontology
idocovid19	apollosv
idocovid19	vsmo
idocovid19	ero
idocovid19	rdf
idocovid19	rdfs
idocovid19	pr
idocovid19	ro
idocovid19	owl
idocovid19	uniprot.isoform
idocovid19	obi
idocovid19	ogms
idocovid19	dc
idocovid19	omrse
idocovid19	cl
idocovid19	chebi
idocovid19	vido
idocovid19	protege
idocovid19	ido
idocovid19	trans
idocovid19	efo
idocovid19	fbdv
idocovid19	oboinowl
idocovid19	caro
idocovid19	uberon
idomal	envo
idomal	go
idomal	pato
idomal	ncbitaxon
idomal	miro
idomal	obo
idomal	iao
idomal	rdfs
idomal	rdf
idomal	pr
idomal	vo
idomal	owl
idomal	obi
idomal	skos
idomal	bioportal
idomal	cl
idomal	symp
idomal	chebi
idomal	ido
idomal	efo
idomal	oboinowl
idomal	caro
idomal	uberon
idot	rdf
idot	void
idot	owl
idot	dcterms
idot	ror
idot	xsd
idot	foaf
idot	rdfs
idot	dcat
iirds.core	schema
iirds.core	dc
iirds.core	rdf
iirds.core	vcard
iirds.core	dcterms
iirds.core	xsd
iirds.core	rdfs
iirds.mch	iirds.core
iirds.mch	rdfs
iirds.mch	rdf
iirds.sft	iirds.core
iirds.sft	rdfs
iirds.sft	rdf
inbio	schema
inbio	oboe
inbio	envo
inbio	go
inbio	github
inbio	edam.topic
inbio	pubmed
inbio	ncit
inbio	isrctn
inbio	pato
inbio	ncbitaxon
inbio	bfo
inbio	obo
inbio	iao
inbio	uo
inbio	xsd
inbio	rdf
inbio	rdfs
inbio	ro
inbio	owl
inbio	mesh
inbio	obi
inbio	orcid
inbio	skos
inbio	ecso
inbio	ccon
inbio	dc
inbio	pco
inbio	chebi
inbio	dcterms
inbio	cc
inbio	geogeo
inbio	oboinowl
inbio	uberon
infosecsos	rdf
infosecsos	owl
infosecsos	xsd
infosecsos	rdfs
ino	go
ino	mi
ino	github
ino	ncbitaxon
ino	bfo
ino	obo
ino	iao
ino	ogg
ino	wikipedia.en
ino	rdf
ino	rdfs
ino	pr
ino	ro
ino	owl
ino	pw
ino	dc
ino	cl
ino	chebi
ino	dcterms
ino	ido
ino	oboinowl
inspire.theme	rdf
inspire.theme	vcard
inspire.theme	iana.mediatype
inspire.theme	owl
inspire.theme	dcterms
inspire.theme	skos
inspire.theme	vann
inspire.theme	foaf
inspire.theme	adms
inspire.theme	rdfs
inspire.theme	dcat
interpro	ro
interpro	rdf
interpro	doap
interpro	go
interpro	owl
interpro	dcterms
interpro	orcid
interpro	oboinowl
interpro	biolink
interpro	foaf
interpro	rdfs
iobc	sio
iobc	go
iobc	icd9cm
iobc	meddra
iobc	ncit
iobc	obo
iobc	iao
iobc	fma
iobc	rdf
iobc	pr
iobc	rdfs
iobc	jcsd
iobc	ro
iobc	snomedct
iobc	owl
iobc	mesh
iobc	skos
iobc	dc
iobc	chebi
iobc	dcterms
iobc	oboinowl
iobc	icd10cm
iobc	xkos
iofcore	obo
iofcore	owl
iofcore	dcterms
iofcore	skos
iofcore	xsd
iofcore	rdfs
iofcore	rdf
iofcore	bfo
ioio	iao.issue
ioio	sepio
ioio	ncbitaxon
ioio	foaf
ioio	bfo
ioio	obo
ioio	iao
ioio	commoncoreontology
ioio	swrl
ioio	wikipedia.en
ioio	rdf
ioio	rdfs
ioio	ro
ioio	owl
ioio	orcid
ioio	ogms
ioio	obi
ioio	dc
ioio	omrse
ioio	dcterms
ioio	oboinowl
iotlite	dc
iotlite	wgs84
iotlite	rdf
iotlite	owl
iotlite	xsd
iotlite	rdfs
iso.3166	dbpedia.resource
iso.3166	rdf
iso.3166	lexvo.ontology
iso.3166	owl
iso.3166	iso.639-3
iso.3166	loc.vocabulary
iso.3166	foaf
iso.3166	rdfs
iso15926	rdf
iso15926	owl
iso15926	skos
iso15926	xsd
iso15926	rdfs
ito	ncbi.assembly
ito	ieee.document
ito	sio
ito	edam.topic
ito	github
ito	iana.mediatype
ito	pubmed
ito	hdl
ito	isrctn
ito	uniparc
ito	foaf
ito	bfo
ito	ms
ito	osf
ito	edam.operation
ito	biorxiv
ito	wikipedia.en
ito	arxiv
ito	xsd
ito	rdf
ito	rdfs
ito	google.scholar
ito	ncbibook
ito	owl
ito	obi
ito	skos
ito	edam
ito	dc
ito	edam.data
ito	phyloviz.typon
ito	pmc
ito	doi
ito	oboinowl
ito	edam.format
kdsf.ffk	orcid
kdsf.ffk	dcterms
kdsf.ffk	skos
kdsf.ffk	vann
kdsf.ffk	rdf
kegg.genome	rdf
kegg.genome	doap
kegg.genome	kegg
kegg.genome	owl
kegg.genome	dcterms
kegg.genome	orcid
kegg.genome	oboinowl
kegg.genome	foaf
kegg.genome	rdfs
kim.educationlevel	isced2011
kim.educationlevel	isced1997
kim.educationlevel	dcterms
kim.educationlevel	openeduhub.context
kim.educationlevel	skos
kim.educationlevel	rdf
kim.hcrt	dcterms
kim.hcrt	skos
kim.hcrt	vann
kim.hcrt	rdf
kim.hochschulfaechersystematik	schema
kim.hochschulfaechersystematik	owl
kim.hochschulfaechersystematik	dcterms
kim.hochschulfaechersystematik	skos
kim.hochschulfaechersystematik	vann
kim.hochschulfaechersystematik	rdf
kim.lp	github
kim.lp	qudt
kim.lp	kim.schulfaecher
kim.lp	bfo
kim.lp	obo
kim.lp	iao
kim.lp	swrl
kim.lp	xsd
kim.lp	rdf
kim.lp	rdfs
kim.lp	gndo
kim.lp	ro
kim.lp	kim.schularten
kim.lp	owl
kim.lp	orcid
kim.lp	skos
kim.lp	prov
kim.lp	omo
kim.lp	dc
kim.lp	dcterms
kim.lp	protege
kit.mtxx	skos
kit.mtxx	rdf
kit.mtxx	dcterms
kpio	dc
kpio	rdf
kpio	owl
kpio	time
kpio	dcterms
kpio	tib.io
kpio	vann
kpio	building
kpio	xsd
kpio	rdfs
kpio	tib.mat
labo	pdro
labo	ncbitaxon
labo	foaf
labo	bfo
labo	obo
labo	opmi
labo	iao
labo	xsd
labo	rdf
labo	rdfs
labo	ro
labo	owl
labo	obi
labo	omiabis
labo	ogms
labo	dc
labo	dcterms
labo	protege
labo	oboinowl
lado	dc
lado	dcmitype
lado	rdf
lado	cidoc.crm
lado	geosparql
lado	owl
lado	xsd
lado	cc
lado	skos
lado	ogc.sf
lado	dcterms
lado	wikidata
lado	prov
lado	foaf
lado	rdfs
lbo	obo
lbo	dc
lbo	iao
lbo	owl
lbo	dcterms
lbo	orcid
lbo	oboinowl
lbo	rdfs
lbo	rdf
legacy.ao	rdf
legacy.ao	owl
legacy.ao	pav
legacy.ao	rdfs
lepao	github
lepao	bspo
lepao	obofoundry
lepao	pato
lepao	foaf
lepao	bfo
lepao	obo
lepao	iao
lepao	wikipedia.en
lepao	umls
lepao	rdf
lepao	rdfs
lepao	pr
lepao	ro
lepao	snomedct
lepao	owl
lepao	clao
lepao	orcid
lepao	dc
lepao	cl
lepao	uberon.issue
lepao	dcterms
lepao	go.issue
lepao	aism
lepao	oboinowl
lepao	caro
lepao	uberon
lexvo.ontology	dbpedia.resource
lexvo.ontology	dc
lexvo.ontology	rdf
lexvo.ontology	skosxl
lexvo.ontology	linguist.gold
lexvo.ontology	owl
lexvo.ontology	dcterms
lexvo.ontology	wikipedia.en
lexvo.ontology	skos
lexvo.ontology	xsd
lexvo.ontology	foaf
lexvo.ontology	rdfs
lifestylefactors	obo
lifestylefactors	iao
lifestylefactors	owl
lifestylefactors	oboinowl
lifestylefactors	rdfs
lifestylefactors	rdf
loc.carriers	loc.organizations
loc.carriers	skos
loc.carriers	loc.ontology
loc.carriers	loc.vocabulary
loc.carriers	rdfs
loc.carriers	rdf
loc.classschemes	loc.organizations
loc.classschemes	owl
loc.classschemes	skos
loc.classschemes	loc.ontology
loc.classschemes	loc.vocabulary
loc.classschemes	rdfs
loc.classschemes	rdf
loc.contenttypes	loc.organizations
loc.contenttypes	owl
loc.contenttypes	skos
loc.contenttypes	loc.ontology
loc.contenttypes	loc.vocabulary
loc.contenttypes	rdfs
loc.contenttypes	rdf
loc.countries	loc.organizations
loc.countries	skos
loc.countries	loc.ontology
loc.countries	loc.vocabulary
loc.countries	rdfs
loc.countries	rdf
loc.descriptionconventions	rdf
loc.descriptionconventions	loc.organizations
loc.descriptionconventions	skos
loc.descriptionconventions	loc.ontology
loc.descriptionconventions	loc.vocabulary
loc.descriptionconventions	rdfs
loc.ethnographicterms	loc.organizations
loc.ethnographicterms	skos
loc.ethnographicterms	loc.ontology
loc.ethnographicterms	loc.vocabulary
loc.ethnographicterms	rdfs
loc.ethnographicterms	rdf
loc.genreformschemes	loc.organizations
loc.genreformschemes	skos
loc.genreformschemes	loc.ontology
loc.genreformschemes	loc.vocabulary
loc.genreformschemes	rdfs
loc.genreformschemes	rdf
loc.graphicmaterials	rdf
loc.graphicmaterials	loc.organizations
loc.graphicmaterials	loc.ontology
loc.graphicmaterials	loc.vocabulary
loc.graphicmaterials	rdfs
loc.marcgt	loc.organizations
loc.marcgt	skos
loc.marcgt	loc.ontology
loc.marcgt	loc.vocabulary
loc.marcgt	rdfs
loc.marcgt	rdf
loc.mediatypes	loc.organizations
loc.mediatypes	owl
loc.mediatypes	skos
loc.mediatypes	loc.ontology
loc.mediatypes	loc.vocabulary
loc.mediatypes	rdfs
loc.mediatypes	rdf
loc.menclvl	loc.organizations
loc.menclvl	skos
loc.menclvl	loc.ontology
loc.menclvl	loc.vocabulary
loc.menclvl	rdfs
loc.menclvl	rdf
loc.mfiletype	loc.organizations
loc.mfiletype	skos
loc.mfiletype	loc.ontology
loc.mfiletype	loc.vocabulary
loc.mfiletype	rdfs
loc.mfiletype	rdf
loc.millus	rdf
loc.millus	loc.organizations
loc.millus	skos
loc.millus	loc.ontology
loc.millus	loc.vocabulary
loc.millus	rdfs
loc.mprojection	loc.organizations
loc.mprojection	skos
loc.mprojection	loc.ontology
loc.mprojection	loc.vocabulary
loc.mprojection	rdfs
loc.mprojection	rdf
loc.mvidformat	loc.organizations
loc.mvidformat	skos
loc.mvidformat	loc.ontology
loc.mvidformat	loc.vocabulary
loc.mvidformat	rdfs
loc.mvidformat	rdf
loc.organizations	skos
loc.organizations	rdfs
loc.organizations	rdf
loc.organizations	loc.vocabulary
loc.preservation	rdf
loc.preservation	skos
loc.preservation	loc.ontology
loc.preservation	loc.vocabulary
loc.preservation	rdfs
loc.subjectschemes	rdf
loc.subjectschemes	loc.organizations
loc.subjectschemes	skos
loc.subjectschemes	loc.ontology
loc.subjectschemes	loc.vocabulary
loc.subjectschemes	rdfs
loinc	bioportal
loinc	sty
loinc	rdf
loinc	owl
loinc	dcterms
loinc	skos
loinc	rdfs
lpt	obo
lpt	dc
lpt	iao
lpt	rdf
lpt	owl
lpt	dcterms
lpt	orcid
lpt	oboinowl
lpt	rdfs
lrmi	schema
lrmi	rdf
lrmi	owl
lrmi	dcterms
lrmi	skos
lrmi	xsd
lrmi	rdfs
lv	schema
lv	rdf
lv	bibframe
lv	owl
lv	dcterms
lv	bibo
lv	vs
lv	skos
lv	voaf
lv	vann
lv	wikipedia.en
lv	xsd
lv	foaf
lv	rdfs
lv	gndo
m4i	schema
m4i	sio
m4i	qudt
m4i	foaf
m4i	bfo
m4i	obo
m4i	iao
m4i	bibo
m4i	gepris
m4i	premis
m4i	xsd
m4i	rdf
m4i	rdfs
m4i	dcat
m4i	ro
m4i	owl
m4i	orcid
m4i	skos
m4i	vann
m4i	emmo
m4i	prov
m4i	biro
m4i	doap
m4i	gnd
m4i	iso.639-3
m4i	dcterms
m4i	si
m4i	voaf
m4i	ror
m4i	doi
m4i	croissant
m4i	ssn
ma	obo
ma	iao
ma	rdf
ma	owl
ma	oboinowl
ma	rdfs
mamo	obo
mamo	rdf
mamo	owl
mamo	skos
mamo	idot
mamo	rdfs
mathalgodb	owl
mathalgodb	dcterms
mathalgodb	bibo
mathalgodb	skos
mathalgodb	vann
mathalgodb	datacite
mathalgodb	xsd
mathalgodb	rdfs
mathalgodb	foaf
mathalgodb	rdf
mathmoddb	schema
mathmoddb	rdf
mathmoddb	ncbibook
mathmoddb	github
mathmoddb	owl
mathmoddb	wikipedia.en
mathmoddb	dcterms
mathmoddb	doi
mathmoddb	wikidata
mathmoddb	rdfs
maxo	go
maxo	github
maxo	po
maxo	drugbank.category
maxo	so
maxo	pato
maxo	ncbitaxon
maxo	cob
maxo	bfo
maxo	obo
maxo	iao
maxo	foodon
maxo	nbo
maxo	wikipedia.en
maxo	langual
maxo	grin.taxonomy
maxo	rdfs
maxo	pr
maxo	rdf
maxo	eolife
maxo	ro
maxo	owl
maxo	orcid
maxo	obi
maxo	wikidata
maxo	omo
maxo	dc
maxo	cl
maxo	hp
maxo	chebi
maxo	itis
maxo	dcterms
maxo	doi
maxo	oboinowl
maxo	uberon
mba	obo
mba	iao
mba	rdf
mba	owl
mba	oboinowl
mba	bfo
mba	rdfs
mba	uberon
mco	go
mco	omp
mco	ncit
mco	pato
mco	ncbitaxon
mco	foaf
mco	bfo
mco	obo
mco	iao
mco	clo
mco	wikipedia.en
mco	peco
mco	umls
mco	birnlex
mco	rdfs
mco	rdf
mco	ro
mco	owl
mco	orcid
mco	obi
mco	dc
mco	cl
mco	chebi
mco	omit
mco	go.issue
mco	protege
mco	oboinowl
mco	micro
mco	uberon
mcro	obo
mcro	iao
mcro	rdf
mcro	owl
mcro	dcterms
mcro	xsd
mcro	skos
mcro	swo
mcro	prov
mcro	foaf
mcro	rdfs
mcro	bfo
medlineplus	bioportal
medlineplus	sty
medlineplus	owl
medlineplus	dcterms
medlineplus	skos
medlineplus	rdfs
medlineplus	rdf
meno	obo
meno	ro
meno	iao
meno	rdf
meno	owl
meno	dcterms
meno	xsd
meno	oeo
meno	rdfs
meno	bfo
metpo	bioregistry
metpo	envo
metpo	go
metpo	github
metpo	omp
metpo	qudt
metpo	pato
metpo	ncbitaxon
metpo	bfo
metpo	iao
metpo	ohmi
metpo	xsd
metpo	biolink
metpo	rdf
metpo	rdfs
metpo	ro
metpo	upheno
metpo	owl
metpo	orcid
metpo	obi
metpo	skos
metpo	omo
metpo	bioportal
metpo	phipo
metpo	cl
metpo	chebi
metpo	ecocore
metpo	dcterms
metpo	ido
metpo	oboinowl
metpo	micro
metpo	oba
mf	go
mf	github
mf	isrctn
mf	foaf
mf	bfo
mf	obo
mf	iao
mf	nbo
mf	xsd
mf	rdf
mf	rdfs
mf	owl
mf	orcid
mf	ogms
mf	omo
mf	dc
mf	dcterms
mf	protege
mf	oboinowl
mfmo	obo
mfmo	ro
mfmo	iao
mfmo	owl
mfmo	bfo
mfmo	oboinowl
mfmo	rdfs
mfmo	foaf
mfmo	rdf
mfmo	uberon
mfoem	go
mfoem	github
mfoem	mf
mfoem	isrctn
mfoem	foaf
mfoem	bfo
mfoem	obo
mfoem	iao
mfoem	nbo
mfoem	xsd
mfoem	rdf
mfoem	rdfs
mfoem	owl
mfoem	orcid
mfoem	ogms
mfoem	omo
mfoem	dc
mfoem	dcterms
mfoem	protege
mfoem	oboinowl
mi	obo
mi	iao
mi	rdf
mi	owl
mi	oboinowl
mi	rdfs
miapa	obo
miapa	dc
miapa	iao
miapa	wgs84
miapa	rdf
miapa	edam.operation
miapa	dsw
miapa	owl
miapa	dcterms
miapa	cdao
miapa	swo
miapa	prov
miapa	rdfs
mirbase	wormbase
mirbase	ncbitaxon
mirbase	asrp
mirbase	foaf
mirbase	mirbase.mature
mirbase	hgnc
mirbase	rdf
mirbase	rdfs
mirbase	ro
mirbase	owl
mirbase	orcid
mirbase	debio
mirbase	mgi
mirbase	ncbigene
mirbase	rfam
mirbase	doap
mirbase	dcterms
mirbase	oboinowl
mirbase.family	ro
mirbase.family	mirbase
mirbase.family	doap
mirbase.family	owl
mirbase.family	dcterms
mirbase.family	orcid
mirbase.family	oboinowl
mirbase.family	rdfs
mirbase.family	foaf
mirbase.family	rdf
mirbase.mature	rdf
mirbase.mature	doap
mirbase.mature	owl
mirbase.mature	dcterms
mirbase.mature	orcid
mirbase.mature	oboinowl
mirbase.mature	foaf
mirbase.mature	rdfs
mirnao	iao
mirnao	rdf
mirnao	chebi
mirnao	go
mirnao	ncbitaxon
mirnao	owl
mirnao	snap
mirnao	obi
mirnao	ogms
mirnao	ncit
mirnao	rnao
mirnao	so
mirnao	gro
mirnao	oboinowl
mirnao	rdfs
mirnao	bfo
miro	obo
miro	iao
miro	bioportal
miro	rdf
miro	go
miro	owl
miro	skos
miro	efo
miro	oboinowl
miro	rdfs
mixs	schema
mixs	dc
mixs	iao
mixs	rdf
mixs	envo
mixs	doi
mixs	owl
mixs	dcterms
mixs	pav
mixs	wikipedia.en
mixs	skos
mixs	linkml
mixs	ncit
mixs	so
mixs	xsd
mixs	rdfs
mmo	obo
mmo	iao
mmo	owl
mmo	oboinowl
mmo	rdfs
mmo	rdf
mmusdv	obo
mmusdv	ro
mmusdv	iao
mmusdv	uberon
mmusdv	emapa
mmusdv	go
mmusdv	owl
mmusdv	uo
mmusdv	oboinowl
mmusdv	rdfs
mmusdv	rdf
mmusdv	bfo
mobio	eco
mobio	go
mobio	pubmed
mobio	so
mobio	pato
mobio	foaf
mobio	bfo
mobio	obo
mobio	iao
mobio	swrl
mobio	wikipedia.en
mobio	rdfs
mobio	rdf
mobio	ro
mobio	swrla
mobio	owl
mobio	orcid
mobio	skos
mobio	dc
mobio	dcterms
mobio	oboinowl
mobivoc	dbpedia.resource
mobivoc	schema
mobivoc	wgs84
mobivoc	rdf
mobivoc	owl
mobivoc	dcterms
mobivoc	vs
mobivoc	wikipedia.en
mobivoc	skos
mobivoc	cc
mobivoc	voaf
mobivoc	vann
mobivoc	xsd
mobivoc	foaf
mobivoc	rdfs
mobivoc	void
mobivoc	gr
mod	obo
mod	iao
mod	owl
mod	oboinowl
mod	rdfs
mod	rdf
modalia	schema
modalia	sio
modalia	github
modalia	bibframe
modalia	kim.hcrt
modalia	fabio
modalia	t4fs
modalia	foaf
modalia	citedcat
modalia	bibo
modalia	premis
modalia	xsd
modalia	rdf
modalia	rdfs
modalia	occo
modalia	lexvo.ontology
modalia	owl
modalia	orcid
modalia	skos
modalia	vann
modalia	loc.ontology
modalia	wikidata
modalia	m4i
modalia	educor
modalia	doap
modalia	edam.data
modalia	dcterms
modalia	loc.relator
modsci	obo
modsci	dc
modsci	iao
modsci	swrla
modsci	rdf
modsci	swrl
modsci	owl
modsci	dcterms
modsci	vs
modsci	skos
modsci	orcid
modsci	vann
modsci	sweet
modsci	xsd
modsci	foaf
modsci	rdfs
modsci	bfo
molsim	iao.issue
molsim	go
molsim	mi
molsim	proco
molsim	ncit
molsim	so
molsim	foaf
molsim	bfo
molsim	obo
molsim	iao
molsim	edam.operation
molsim	chmo
molsim	swo
molsim	uo
molsim	pbpko
molsim	xsd
molsim	rdf
molsim	rdfs
molsim	pr
molsim	ro
molsim	stato
molsim	sbo
molsim	owl
molsim	orcid
molsim	obi
molsim	skos
molsim	omo
molsim	biomodels.kisao
molsim	dc
molsim	edam.data
molsim	dcterms
molsim	protege
molsim	doi
molsim	oboinowl
molsim	edam.format
mondo	envo
mondo	go
mondo	github
mondo	bspo
mondo	po
mondo	semapv
mondo	hsapdv
mondo	meddra
mondo	ncit
mondo	mf
mondo	so
mondo	pato
mondo	ncbitaxon
mondo	isrctn
mondo	mfomd
mondo	foaf
mondo	bfo
mondo	obo
mondo	omim.ps
mondo	iao
mondo	sssom
mondo	ecto
mondo	foodon
mondo	nbo
mondo	doid
mondo	mondo.issue
mondo	umls
mondo	xsd
mondo	hgnc
mondo	rdf
mondo	rdfs
mondo	ro
mondo	snomedct
mondo	omim
mondo	owl
mondo	medgen
mondo	mesh
mondo	orcid
mondo	skos
mondo	icd11
mondo	omo
mondo	maxo
mondo	ncbigene
mondo	dc
mondo	cl
mondo	clm
mondo	hp
mondo	chebi
mondo	chr
mondo	doap
mondo	dcterms
mondo	protege
mondo	orpha
mondo	efo
mondo	icd10
mondo	oboinowl
mondo	icd10cm
mondo	uberon
mop	obo
mop	ro
mop	dc
mop	iao
mop	chebi
mop	github
mop	owl
mop	dcterms
mop	rxno
mop	orcid
mop	rex
mop	oboinowl
mop	rdfs
mop	rdf
mop	bfo
mosaic	schema
mosaic	hdl
mosaic	sosa
mosaic	wikipedia.en
mosaic	xsd
mosaic	rdfs
mosaic	rdf
mosaic	owl
mosaic	orcid
mosaic	skos
mosaic	vann
mosaic	wikidata
mosaic	prov
mosaic	dc
mosaic	time
mosaic	dcterms
mosaic	nvs
mosaic	ssn
mp	envo
mp	go
mp	github
mp	bspo
mp	pubmed
mp	wwf.ecoregion
mp	mpath
mp	so
mp	pato
mp	ncbitaxon
mp	cob
mp	bfo
mp	obo
mp	iao
mp	swrl
mp	nbo
mp	biorxiv
mp	wikipedia.en
mp	emedicine
mp	rdfs
mp	rdf
mp	pr
mp	uberon
mp	ro
mp	ncbibook
mp	owl
mp	orcid
mp	medgen
mp	gorel
mp	wikidata
mp	wiktionary
mp	omo
mp	dc
mp	ncbigene
mp	cl
mp	clm
mp	hp
mp	sigmaaldrich
mp	chebi
mp	dcterms
mp	pmc
mp	neuronames
mp	doi
mp	oboinowl
mpath	obo
mpath	iao
mpath	owl
mpath	oboinowl
mpath	rdfs
mpath	rdf
mpio	dideo
mpio	sio
mpio	go
mpio	dinto
mpio	bfo
mpio	obo
mpio	iao
mpio	apollosv
mpio	dron
mpio	rdf
mpio	rdfs
mpio	ro
mpio	owl
mpio	obi
mpio	ogms
mpio	dc
mpio	pco
mpio	dcterms
mpio	oboinowl
mro	obo
mro	ro
mro	cob
mro	iao
mro	dc
mro	eco
mro	go
mro	pubmed
mro	owl
mro	dcterms
mro	obi
mro	ncbitaxon
mro	rdfs
mro	so
mro	rdf
mro	pr
mro	bfo
ms	obo
ms	iao
ms	rdf
ms	stato
ms	owl
ms	obi
ms	uo
ms	ncit
ms	oboinowl
ms	xsd
ms	rdfs
ms	bfo
msio	duo
msio	go
msio	so
msio	pato
msio	ncbitaxon
msio	foaf
msio	bfo
msio	obo
msio	iao
msio	ms
msio	chmo
msio	doid
msio	uo
msio	xsd
msio	rdf
msio	rdfs
msio	pr
msio	ro
msio	nmr
msio	owl
msio	obi
msio	ogms
msio	skos
msio	gaz
msio	dc
msio	cl
msio	chebi
msio	doap
msio	protege
msio	oboinowl
mwo	github
mwo	ncit
mwo	cob
mwo	so
mwo	t4fs
mwo	bfo
mwo	iao
mwo	swrl
mwo	bibo
mwo	swo
mwo	uo
mwo	pida
mwo	xsd
mwo	rdfs
mwo	rdf
mwo	dcat
mwo	ro
mwo	pmdco
mwo	stato
mwo	owl
mwo	orcid
mwo	obi
mwo	skos
mwo	vann
mwo	wikidata
mwo	omo
mwo	dc
mwo	chebi
mwo	doap
mwo	dcterms
mwo	nfdi.core
mwo	doi
mwo	edam.format
nando	dc
nando	rdf
nando	hp
nando	sio
nando	kegg
nando	owl
nando	dcterms
nando	mondo
nando	skos
nando	oboinowl
nando	rdfs
nbo	eco
nbo	go
nbo	github
nbo	bspo
nbo	pubmed
nbo	cob
nbo	pato
nbo	ncbitaxon
nbo	foaf
nbo	bfo
nbo	obo
nbo	iao
nbo	swrl
nbo	wikipedia.en
nbo	fma
nbo	xsd
nbo	rdf
nbo	rdfs
nbo	ro
nbo	owl
nbo	orcid
nbo	dbo
nbo	skos
nbo	emapa
nbo	dc
nbo	ehdaa2
nbo	dbpedia.property
nbo	uberon.issue
nbo	chebi
nbo	cito
nbo	dcterms
nbo	oboinowl
nbo	uberon
ncbi.gc	obo
ncbi.gc	iao
ncbi.gc	rdf
ncbi.gc	go
ncbi.gc	owl
ncbi.gc	dcterms
ncbi.gc	orcid
ncbi.gc	ncbitaxon
ncbi.gc	oboinowl
ncbi.gc	foaf
ncbi.gc	rdfs
ncro	go
ncro	so
ncro	foaf
ncro	bfo
ncro	obo
ncro	iao
ncro	clo
ncro	doid
ncro	xsd
ncro	rdf
ncro	rdfs
ncro	pr
ncro	ro
ncro	owl
ncro	obi
ncro	dc
ncro	chebi
ncro	ontobee
ncro	oboinowl
ncro	uberon
nemo.competence	dc
nemo.competence	rdf
nemo.competence	owl
nemo.competence	dcterms
nemo.competence	vann
nemo.competence	rdfs
nemo.competence	gufo
nexus	rdf
nexus	owl
nexus	xsd
nexus	rdfs
nfdi.core	github
nfdi.core	ncit
nfdi.core	t4fs
nfdi.core	bfo
nfdi.core	iao
nfdi.core	swrl
nfdi.core	bibo
nfdi.core	swo
nfdi.core	xsd
nfdi.core	rdf
nfdi.core	rdfs
nfdi.core	dcat
nfdi.core	ro
nfdi.core	owl
nfdi.core	orcid
nfdi.core	obi
nfdi.core	skos
nfdi.core	vann
nfdi.core	wikidata
nfdi.core	omo
nfdi.core	dc
nfdi.core	doap
nfdi.core	dcterms
nfdi.core	doi
nfdi.core	edam.format
nfdi4culture.cto	schema
nfdi4culture.cto	iao.issue
nfdi4culture.cto	iana.mediatype
nfdi4culture.cto	github
nfdi4culture.cto	foaf
nfdi4culture.cto	bfo
nfdi4culture.cto	obo
nfdi4culture.cto	iao
nfdi4culture.cto	bibo
nfdi4culture.cto	wikipedia.en
nfdi4culture.cto	swo
nfdi4culture.cto	xsd
nfdi4culture.cto	rdfs
nfdi4culture.cto	rdf
nfdi4culture.cto	dcat
nfdi4culture.cto	owl
nfdi4culture.cto	orcid
nfdi4culture.cto	skos
nfdi4culture.cto	vann
nfdi4culture.cto	adms
nfdi4culture.cto	wikidata
nfdi4culture.cto	omo
nfdi4culture.cto	dc
nfdi4culture.cto	edam
nfdi4culture.cto	doap
nfdi4culture.cto	dcterms
nfdi4culture.cto	nfdi.core
nfdi4culture.cto	doi
nfdi4culture.cto	oboinowl
nfdi4culture.cto	nfdi4culture.id
nfdi4culture.cto	edam.format
ngbo	schema
ngbo	sio
ngbo	vcard
ngbo	bao
ngbo	ico
ngbo	po
ngbo	geno
ngbo	ncit
ngbo	geogeo
ngbo	so
ngbo	pato
ngbo	ncbitaxon
ngbo	foaf
ngbo	bfo
ngbo	obo
ngbo	iao
ngbo	swo
ngbo	doid
ngbo	flu
ngbo	obib
ngbo	rdf
ngbo	rdfs
ngbo	ro
ngbo	stato
ngbo	owl
ngbo	obi
ngbo	omiabis
ngbo	ogms
ngbo	skos
ngbo	gaz
ngbo	bto
ngbo	dc
ngbo	omrse
ngbo	edam
ngbo	cl
ngbo	chebi
ngbo	edam.data
ngbo	omit
ngbo	dcterms
ngbo	genepio
ngbo	ido
ngbo	efo
ngbo	oboinowl
ngbo	caro
ngbo	uberon
nkos	dc
nkos	rdf
nkos	wdrs
nkos	owl
nkos	dcterms
nkos	xsd
nkos	skos
nkos	voaf
nkos	adms
nkos	prov
nkos	rdfs
nkos	frbrer
nkos	dcat
nlm	schema
nlm	sio
nlm	mi
nlm	ncbitaxon
nlm	foaf
nlm	obo
nlm	iao
nlm	bibo
nlm	biolink
nlm	xsd
nlm	rdfs
nlm	rdf
nlm	dcat
nlm	owl
nlm	orcid
nlm	fbcv
nlm	skos
nlm	uniprot.core
nlm	doap
nlm	dcterms
nlm	oboinowl
nlm	issn
nlm.publisher	obo
nlm.publisher	schema
nlm.publisher	uniprot.core
nlm.publisher	iao
nlm.publisher	rdf
nlm.publisher	doap
nlm.publisher	owl
nlm.publisher	dcterms
nlm.publisher	orcid
nlm.publisher	ncbitaxon
nlm.publisher	skos
nlm.publisher	oboinowl
nlm.publisher	biolink
nlm.publisher	foaf
nlm.publisher	rdfs
nmr	obo
nmr	dc
nmr	iao
nmr	rdf
nmr	doap
nmr	owl
nmr	skos
nmr	protege
nmr	oboinowl
nmr	foaf
nmr	rdfs
nmr	bfo
nomen	obo
nomen	iao
nomen	rdf
nomen	owl
nomen	rdfs
npass	rdf
npass	chembl.compound
npass	pubchem.compound
npass	doap
npass	owl
npass	orcid
npass	dcterms
npass	oboinowl
npass	foaf
npass	rdfs
oa	dc
oa	prov
oa	rdf
oa	owl
oa	dcterms
oa	ac
oa	skos
oa	xsd
oa	foaf
oa	rdfs
oae	sio
oae	go
oae	github
oae	bspo
oae	pubmed
oae	ncit
oae	pato
oae	ncbitaxon
oae	foaf
oae	bfo
oae	obo
oae	iao
oae	nif.std
oae	wikipedia.en
oae	doid
oae	fma
oae	umls
oae	birnlex
oae	xsd
oae	rdf
oae	rdfs
oae	fbbt
oae	ro
oae	vo
oae	snomedct
oae	owl
oae	obi
oae	ogms
oae	nlx.anat
oae	dbo
oae	dc
oae	neurolex
oae	ehdaa2
oae	uberon.issue
oae	chebi
oae	dcterms
oae	neuronames
oae	protege
oae	oboinowl
oae	uberon
oarcs	obo
oarcs	ro
oarcs	iao
oarcs	owl
oarcs	oboinowl
oarcs	caro
oarcs	rdfs
oarcs	foaf
oarcs	rdf
oarcs	bfo
oba	ensembl
oba	go
oba	bspo
oba	po
oba	mondo
oba	ncit
oba	so
oba	pato
oba	ncbitaxon
oba	cob
oba	bfo
oba	obo
oba	iao
oba	swrl
oba	nbo
oba	rdf
oba	rdfs
oba	pr
oba	ro
oba	lipidmaps
oba	owl
oba	orcid
oba	obi
oba	gorel
oba	omo
oba	dc
oba	ncbigene
oba	cl
oba	clm
oba	hp
oba	chebi
oba	dcterms
oba	oboinowl
oba	uberon
oban	ro
oban	iao
oban	eco
oban	rdf
oban	owl
oban	rdfs
obci	go
obci	ncit
obci	so
obci	pato
obci	obo
obci	iao
obci	gno
obci	exo
obci	doid
obci	dbsnp
obci	rdfs
obci	rdf
obci	pr
obci	ro
obci	owl
obci	cl
obci	chebi
obci	dcterms
obci	oboinowl
obci	uberon
obcs	iao.issue
obcs	go
obcs	github
obcs	pubmed
obcs	isrctn
obcs	so
obcs	pato
obcs	ncbitaxon
obcs	foaf
obcs	bfo
obcs	obo
obcs	iao
obcs	apollosv
obcs	swrl
obcs	wikipedia.en
obcs	uo
obcs	xsd
obcs	rdf
obcs	rdfs
obcs	pr
obcs	ro
obcs	stato
obcs	owl
obcs	orcid
obcs	obi
obcs	ogms
obcs	omo
obcs	dc
obcs	cl
obcs	chebi
obcs	dcterms
obcs	protege
obcs	doi
obcs	oboinowl
obcs	uberon
obi	iao.issue
obi	envo
obi	go
obi	github
obi	po
obi	isrctn
obi	cob
obi	pato
obi	ncbitaxon
obi	so
obi	bfo
obi	obo
obi	iao
obi	clo
obi	foodon
obi	wikipedia.en
obi	chmo
obi	uo
obi	xsd
obi	obib
obi	rdf
obi	rdfs
obi	pr
obi	ro
obi	upheno
obi	vo
obi	owl
obi	orcid
obi	ogms
obi	gaz
obi	oba
obi	mro
obi	opl
obi	omo
obi	dc
obi	omrse
obi	cl
obi	hp
obi	pco
obi	chebi
obi	mop
obi	doi
obi	dcterms
obi	ido
obi	protege
obi	oboinowl
obi	uberon
obib	iao.issue
obib	envo
obib	go
obib	github
obib	ico
obib	ncit
obib	isrctn
obib	so
obib	oae
obib	ncbitaxon
obib	pato
obib	foaf
obib	bfo
obib	obo
obib	iao
obib	clo
obib	apollosv
obib	swrl
obib	dron
obib	fma
obib	uo
obib	doid
obib	ero
obib	flu
obib	xsd
obib	rdf
obib	rdfs
obib	pr
obib	ro
obib	owl
obib	orcid
obib	obi
obib	omiabis
obib	ogms
obib	hancestro
obib	vivo
obib	omo
obib	dc
obib	omrse
obib	cl
obib	pco
obib	chebi
obib	dcterms
obib	protege
obib	ido
obib	efo
obib	geogeo
obib	oboinowl
obib	uberon
oboinowl	iao
oboinowl	rdf
oboinowl	owl
oboinowl	rdfs
occo	github
occo	mf
occo	isrctn
occo	ncbitaxon
occo	foaf
occo	bfo
occo	obo
occo	iao
occo	commoncoreontology
occo	swrl
occo	xsd
occo	rdf
occo	rdfs
occo	ro
occo	owl
occo	orcid
occo	obi
occo	omo
occo	dc
occo	omrse
occo	dcterms
occo	protege
occo	oboinowl
odrl	schema
odrl	vcard
odrl	owl
odrl	dcterms
odrl	cc
odrl	skos
odrl	xsd
odrl	rdfs
odrl	foaf
odrl	rdf
oefos	dc
oefos	rdf
oefos	owl
oefos	dcterms
oefos	acdhchvs
oefos	skos
oeo	envo
oeo	github
oeo	pubmed
oeo	foaf
oeo	bfo
oeo	obo
oeo	iao
oeo	commoncoreontology
oeo	iofcore
oeo	wikipedia.en
oeo	swo
oeo	uo
oeo	xsd
oeo	rdfs
oeo	rdf
oeo	ro
oeo	stato
oeo	owl
oeo	orcid
oeo	obi
oeo	skos
oeo	prov
oeo	dc
oeo	dcterms
oeo	oboinowl
ogms	obo
ogms	dc
ogms	iao
ogms	rdf
ogms	github
ogms	owl
ogms	dcterms
ogms	obi
ogms	ido
ogms	isrctn
ogms	protege
ogms	oboinowl
ogms	xsd
ogms	foaf
ogms	rdfs
ogms	bfo
ogsf	go
ogsf	so
ogsf	pato
ogsf	ncbitaxon
ogsf	oae
ogsf	foaf
ogsf	bfo
ogsf	obo
ogsf	iao
ogsf	ero
ogsf	xsd
ogsf	rdf
ogsf	rdfs
ogsf	ro
ogsf	vo
ogsf	owl
ogsf	obi
ogsf	ogms
ogsf	ogi
ogsf	dc
ogsf	chebi
ogsf	oboinowl
ohd	pain
ohd	iao.issue
ohd	envo
ohd	go
ohd	github
ohd	pubmed
ohd	sio
ohd	mfoem
ohd	semapv
ohd	mondo
ohd	mf
ohd	ncit
ohd	cob
ohd	pato
ohd	ncbitaxon
ohd	foaf
ohd	bfo
ohd	obo
ohd	iao
ohd	sssom
ohd	ecto
ohd	scdo
ohd	chemrof
ohd	nbo
ohd	ohmi
ohd	exo
ohd	pav
ohd	wikipedia.en
ohd	doid
ohd	fma
ohd	gsso
ohd	xsd
ohd	rdf
ohd	rdfs
ohd	ro
ohd	snomedct
ohd	owl
ohd	orcid
ohd	obi
ohd	ogms
ohd	skos
ohd	mesh
ohd	omo
ohd	dc
ohd	omrse
ohd	emro
ohd	ehdaa2
ohd	hp
ohd	chebi
ohd	symp
ohd	omit
ohd	dcterms
ohd	protege
ohd	ido
ohd	trans
ohd	efo
ohd	oboinowl
ohd	uberon
ohdab	obo
ohdab	oboinowl
ohdab	rdf
ohdab	owl
ohmi	iao.issue
ohmi	envo
ohmi	go
ohmi	github
ohmi	pubmed
ohmi	mondo
ohmi	ncit
ohmi	isrctn
ohmi	so
ohmi	pato
ohmi	ncbitaxon
ohmi	cob
ohmi	foaf
ohmi	bfo
ohmi	obo
ohmi	iao
ohmi	ogg
ohmi	wikipedia.en
ohmi	dron
ohmi	doid
ohmi	uo
ohmi	umls
ohmi	xsd
ohmi	rdf
ohmi	rdfs
ohmi	pr
ohmi	ro
ohmi	hom
ohmi	upheno
ohmi	snomedct
ohmi	owl
ohmi	orcid
ohmi	obi
ohmi	ogms
ohmi	cmo
ohmi	skos
ohmi	dbo
ohmi	wikidata
ohmi	omo
ohmi	dc
ohmi	cl
ohmi	ino
ohmi	hp
ohmi	pco
ohmi	chebi
ohmi	dcterms
ohmi	protege
ohmi	ido
ohmi	orpha
ohmi	doi
ohmi	oboinowl
ohmi	uberon
ohpi	eol.schema
ohpi	eco
ohpi	iao.issue
ohpi	sio
ohpi	go
ohpi	github
ohpi	bspo
ohpi	pubmed
ohpi	isrctn
ohpi	pato
ohpi	ncbitaxon
ohpi	foaf
ohpi	bfo
ohpi	obo
ohpi	hao.ref
ohpi	ogg
ohpi	iao
ohpi	clo
ohpi	swrl
ohpi	biorxiv
ohpi	nif.std
ohpi	wikipedia.en
ohpi	doid
ohpi	uo
ohpi	umls
ohpi	fma
ohpi	nif.ext
ohpi	birnlex
ohpi	xsd
ohpi	emedicine
ohpi	adw
ohpi	rdfs
ohpi	rdf
ohpi	ro
ohpi	swrla
ohpi	ncbibook
ohpi	vo
ohpi	snomedct
ohpi	owl
ohpi	orcid
ohpi	obi
ohpi	ogms
ohpi	nlx.anat
ohpi	dbo
ohpi	merriamwebster
ohpi	fbrf
ohpi	emapa
ohpi	dc
ohpi	neurolex
ohpi	ehdaa2
ohpi	cl
ohpi	ino
ohpi	uberon.issue
ohpi	dbpedia.property
ohpi	chebi
ohpi	doi
ohpi	cito
ohpi	tol
ohpi	dcterms
ohpi	neuronames
ohpi	go.issue
ohpi	ido
ohpi	trans
ohpi	efo
ohpi	oboinowl
ohpi	caro
ohpi	uberon
oidc	owl
oidc	dcterms
oidc	vs
oidc	vann
oidc	xsd
oidc	rdfs
oidc	rdf
okn.sd	dc
okn.sd	schema
okn.sd	prov
okn.sd	rdf
okn.sd	qudt
okn.sd	owl
okn.sd	dcterms
okn.sd	qb
okn.sd	vann
okn.sd	xsd
okn.sd	rdfs
olatdv	obo
olatdv	ro
olatdv	iao
olatdv	owl
olatdv	oboinowl
olatdv	rdfs
olatdv	rdf
olatdv	bfo
omim	bioportal
omim	sty
omim	rdf
omim	owl
omim	dcterms
omim	skos
omim	rdfs
omim.ps	rdf
omim.ps	doap
omim.ps	owl
omim.ps	dcterms
omim.ps	orcid
omim.ps	oboinowl
omim.ps	foaf
omim.ps	rdfs
omo	iao.issue
omo	github
omo	semapv
omo	isrctn
omo	obo
omo	iao
omo	sssom
omo	pav
omo	xsd
omo	rdf
omo	rdfs
omo	owl
omo	orcid
omo	skos
omo	dc
omo	dcterms
omo	protege
omo	oboinowl
omp	obo
omp	ro
omp	iao
omp	chebi
omp	go
omp	owl
omp	gorel
omp	pato
omp	oboinowl
omp	rdfs
omp	rdf
omp	bfo
omrse	iao.issue
omrse	envo
omrse	go
omrse	github
omrse	pubmed
omrse	mf
omrse	wwf.ecoregion
omrse	geogeo
omrse	isrctn
omrse	cob
omrse	pato
omrse	ncbitaxon
omrse	oae
omrse	bfo
omrse	obo
omrse	iao
omrse	apollosv
omrse	swrl
omrse	wikipedia.en
omrse	xsd
omrse	obib
omrse	rdf
omrse	rdfs
omrse	ro
omrse	oostt
omrse	occo
omrse	owl
omrse	orcid
omrse	omiabis
omrse	obi
omrse	eupath
omrse	ogms
omrse	wikidata
omrse	omo
omrse	bcio
omrse	dc
omrse	pco
omrse	dcterms
omrse	protege
omrse	oboinowl
omrse	uberon
one	obo
one	dc
one	ro
one	iao
one	rdf
one	owl
one	obi
one	skos
one	xsd
one	ons
one	rdfs
one	bfo
onem2m.bo	rdf
onem2m.bo	saref
onem2m.bo	owl
onem2m.bo	xsd
onem2m.bo	rdfs
ons	iao.issue
ons	sio
ons	edam.topic
ons	go
ons	envo
ons	omp
ons	ico
ons	po
ons	mondo
ons	pubmed
ons	ncit
ons	cob
ons	pato
ons	ncbitaxon
ons	so
ons	bfo
ons	obo
ons	taxrank
ons	iao
ons	foodon
ons	edam.operation
ons	ohmi
ons	wikipedia.en
ons	langual
ons	uo
ons	ero
ons	xsd
ons	obib
ons	rdf
ons	rdfs
ons	ro
ons	stato
ons	vo
ons	obcs
ons	owl
ons	orcid
ons	obi
ons	ogms
ons	cmo
ons	oba
ons	skos
ons	cdno
ons	bcio
ons	edam
ons	dc
ons	omrse
ons	cl
ons	hp
ons	pco
ons	chebi
ons	time
ons	dcterms
ons	efo
ons	oboinowl
ons	uberon
ontie	go
ontie	cob
ontie	ncbitaxon
ontie	bfo
ontie	obo
ontie	iao
ontie	doid
ontie	rdf
ontie	rdfs
ontie	pr
ontie	ro
ontie	owl
ontie	obi
ontie	dc
ontie	chebi
ontie	dcterms
ontie	ido
ontie	oboinowl
ontoavida	obo
ontoavida	ro
ontoavida	dc
ontoavida	iao
ontoavida	rdf
ontoavida	stato
ontoavida	owl
ontoavida	dcterms
ontoavida	fbcv
ontoavida	skos
ontoavida	gsso
ontoavida	ncit
ontoavida	oboinowl
ontoavida	xsd
ontoavida	rdfs
ontoneo	eco
ontoneo	iao.issue
ontoneo	sio
ontoneo	go
ontoneo	bao
ontoneo	github
ontoneo	pubmed
ontoneo	semapv
ontoneo	ncit
ontoneo	pato
ontoneo	ncbitaxon
ontoneo	oae
ontoneo	bcgo
ontoneo	foaf
ontoneo	bfo
ontoneo	obo
ontoneo	iao
ontoneo	sssom
ontoneo	idomal
ontoneo	wikipedia.en
ontoneo	doid
ontoneo	fma
ontoneo	umls
ontoneo	ero
ontoneo	xsd
ontoneo	rdfs
ontoneo	rdf
ontoneo	cvdo
ontoneo	mp
ontoneo	ro
ontoneo	upheno
ontoneo	vo
ontoneo	snomedct
ontoneo	owl
ontoneo	orcid
ontoneo	ogms
ontoneo	obi
ontoneo	cmo
ontoneo	omiabis
ontoneo	dbo
ontoneo	skos
ontoneo	omo
ontoneo	dc
ontoneo	omrse
ontoneo	cl
ontoneo	hp
ontoneo	uberon.issue
ontoneo	dbpedia.property
ontoneo	symp
ontoneo	doi
ontoneo	cito
ontoneo	dcterms
ontoneo	protege
ontoneo	ido
ontoneo	efo
ontoneo	oboinowl
ontoneo	caro
ontoneo	uberon
ontorxn	dc
ontorxn	gainesville.core
ontorxn	rdf
ontorxn	mop
ontorxn	owl
ontorxn	dcterms
ontorxn	xsd
ontorxn	rdfs
ontouml	rdf
ontouml	owl
ontouml	dcterms
ontouml	orcid
ontouml	vann
ontouml	loc.vocabulary
ontouml	doi
ontouml	xsd
ontouml	foaf
ontouml	rdfs
ontouml	dcat
ontouml	dblp.publication
oostt	schema
oostt	go
oostt	github
oostt	mondo
oostt	semapv
oostt	meddra
oostt	ncit
oostt	geogeo
oostt	ncbitaxon
oostt	bfo
oostt	obo
oostt	iao
oostt	sssom
oostt	commoncoreontology
oostt	apollosv
oostt	fma
oostt	doid
oostt	umls
oostt	ero
oostt	obib
oostt	rdf
oostt	rdfs
oostt	ro
oostt	stato
oostt	snomedct
oostt	owl
oostt	mesh
oostt	ogms
oostt	obi
oostt	skos
oostt	medgen
oostt	orcid
oostt	wikidata
oostt	vivo
oostt	omo
oostt	maxo
oostt	dc
oostt	omrse
oostt	hp
oostt	dcterms
oostt	ido
oostt	orpha
oostt	efo
oostt	oboinowl
oostt	icd10cm
oostt	uberon
opb	dc
opb	rdf
opb	owl
opb	xsd
opb	rdfs
openadr	dc
openadr	wgs84
openadr	geosparql
openadr	owl
openadr	time
openadr	dcterms
openadr	vann
openadr	xsd
openadr	rdfs
openadr	rdf
opl	github
opl	go
opl	isrctn
opl	ncbitaxon
opl	foaf
opl	bfo
opl	obo
opl	iao
opl	swrl
opl	xsd
opl	rdf
opl	rdfs
opl	ro
opl	owl
opl	orcid
opl	obi
opl	bto
opl	omo
opl	dc
opl	cl
opl	dcterms
opl	ido
opl	protege
opl	oboinowl
opl	uberon
opmi	iao.issue
opmi	sio
opmi	envo
opmi	go
opmi	github
opmi	bspo
opmi	ico
opmi	pubmed
opmi	mondo
opmi	po
opmi	meddra
opmi	ncit
opmi	so
opmi	oae
opmi	ncbitaxon
opmi	pato
opmi	foaf
opmi	bfo
opmi	obo
opmi	omim.ps
opmi	iao
opmi	wikipedia.en
opmi	dron
opmi	doid
opmi	uo
opmi	umls
opmi	birnlex
opmi	xsd
opmi	obib
opmi	rdf
opmi	rdfs
opmi	pr
opmi	ro
opmi	vo
opmi	snomedct
opmi	omim
opmi	owl
opmi	medgen
opmi	obi
opmi	gaz
opmi	cmo
opmi	skos
opmi	mesh
opmi	ogms
opmi	orcid
opmi	dbo
opmi	nlx.anat
opmi	icd11
opmi	dc
opmi	omrse
opmi	ehdaa2
opmi	cl
opmi	hp
opmi	pco
opmi	uberon.issue
opmi	chebi
opmi	dcterms
opmi	protege
opmi	neuronames
opmi	orpha
opmi	efo
opmi	icd10
opmi	oboinowl
opmi	caro
opmi	icd10cm
opmi	uberon
org	rdf
org	owl
org	dcterms
org	xsd
org	skos
org	prov
org	foaf
org	rdfs
org	gr
ornaseq	go
ornaseq	ncit
ornaseq	so
ornaseq	ncbitaxon
ornaseq	bfo
ornaseq	obo
ornaseq	taxrank
ornaseq	iao
ornaseq	rdf
ornaseq	rdfs
ornaseq	ro
ornaseq	owl
ornaseq	obi
ornaseq	omiabis
ornaseq	ogms
ornaseq	dc
ornaseq	cl
ornaseq	chebi
ornaseq	genepio
ornaseq	efo
ornaseq	uberon
orpha	dc
orpha	eco
orpha	cc.legacy
orpha	rdf
orpha	owl
orpha	dcterms
orpha	skos
orpha	efo
orpha	oboinowl
orpha	rdfs
orpha	bfo
orphanet.ordo	dc
orphanet.ordo	eco
orphanet.ordo	cc.legacy
orphanet.ordo	rdf
orphanet.ordo	owl
orphanet.ordo	dcterms
orphanet.ordo	skos
orphanet.ordo	orpha
orphanet.ordo	efo
orphanet.ordo	oboinowl
orphanet.ordo	rdfs
orphanet.ordo	bfo
orth	ro
orth	rdf
orth	sio
orth	owl
orth	dcterms
orth	cdao
orth	so
orth	ncbitaxon
orth	xsd
orth	rdfs
osmo	owl
osmo	dcterms
osmo	bibo
osmo	skos
osmo	vann
osmo	xsd
osmo	rdfs
osmo	foaf
osmo	rdf
owl	dc
owl	grddl
owl	rdf
owl	xsd
owl	rdfs
owlstar	dc
owlstar	rdf
owlstar	owl
owlstar	dcterms
owlstar	orcid
owlstar	xsd
owlstar	rdfs
pain	sio
pain	go
pain	github
pain	pubmed
pain	mondo
pain	semapv
pain	mfoem
pain	ncit
pain	cob
pain	pato
pain	ncbitaxon
pain	oae
pain	foaf
pain	bfo
pain	obo
pain	iao
pain	sssom
pain	scdo
pain	exo
pain	wikipedia.en
pain	pav
pain	fma
pain	doid
pain	xsd
pain	rdfs
pain	rdf
pain	ro
pain	snomedct
pain	owl
pain	orcid
pain	obi
pain	ogms
pain	skos
pain	mesh
pain	fbcv
pain	prov
pain	omo
pain	dc
pain	emro
pain	ehdaa2
pain	cl
pain	hp
pain	symp
pain	omit
pain	dcterms
pain	ohd
pain	protege
pain	ido
pain	efo
pain	oboinowl
pain	uberon
panet	schema
panet	iao
panet	rdf
panet	owl
panet	dcterms
panet	orcid
panet	skos
panet	ror
panet	vann
panet	wikidata
panet	foaf
panet	rdfs
pato	go
pato	github
pato	bspo
pato	so
pato	ncbitaxon
pato	cob
pato	bfo
pato	obo
pato	iao
pato	nbo
pato	rbo
pato	rdfs
pato	rdf
pato	ro
pato	owl
pato	orcid
pato	gorel
pato	wikidata
pato	dc
pato	cl
pato	clm
pato	pco
pato	chebi
pato	dcterms
pato	doi
pato	oboinowl
pato	caro
pato	uberon
pav	dc
pav	rdf
pav	arxiv
pav	owl
pav	dcterms
pav	orcid
pav	xsd
pav	doi
pav	prov
pav	foaf
pav	rdfs
pba	obo
pba	uberon
pba	iao
pba	owl
pba	oboinowl
pba	rdfs
pba	rdf
pba	bfo
pbpko	envo
pbpko	go
pbpko	github
pbpko	cob
pbpko	pato
pbpko	ncbitaxon
pbpko	foaf
pbpko	bfo
pbpko	obo
pbpko	iao
pbpko	swrl
pbpko	uo
pbpko	xsd
pbpko	rdf
pbpko	rdfs
pbpko	pr
pbpko	ro
pbpko	owl
pbpko	orcid
pbpko	obi
pbpko	skos
pbpko	wikidata
pbpko	omo
pbpko	dc
pbpko	cl
pbpko	chebi
pbpko	dcterms
pbpko	oboinowl
pbpko	uberon
pco	eco
pco	envo
pco	go
pco	github
pco	pubmed
pco	geno
pco	ncit
pco	isrctn
pco	pato
pco	ncbitaxon
pco	foaf
pco	bfo
pco	obo
pco	taxrank
pco	iao
pco	swrl
pco	wikipedia.en
pco	xsd
pco	rdf
pco	rdfs
pco	ro
pco	swrla
pco	stato
pco	tdwg.taxonrank
pco	owl
pco	orcid
pco	dc
pco	ecocore
pco	edam.data
pco	dcterms
pco	protege
pco	pmc
pco	efo
pco	oboinowl
pco	caro
pdro	go
pdro	pubmed
pdro	cob
pdro	pato
pdro	ncbitaxon
pdro	foaf
pdro	bfo
pdro	obo
pdro	opmi
pdro	iao
pdro	swrl
pdro	wikipedia.en
pdro	dron
pdro	uo
pdro	xsd
pdro	rdf
pdro	rdfs
pdro	ro
pdro	owl
pdro	orcid
pdro	omiabis
pdro	obi
pdro	ogms
pdro	omo
pdro	dc
pdro	omrse
pdro	chebi
pdro	dcterms
pdro	protege
pdro	oboinowl
pdro	uberon
pdumdv	obo
pdumdv	ro
pdumdv	iao
pdumdv	rdf
pdumdv	owl
pdumdv	oboinowl
pdumdv	rdfs
pdumdv	bfo
peco	envo
peco	go
peco	cob
peco	pato
peco	ncbitaxon
peco	bfo
peco	obo
peco	iao
peco	foodon
peco	rdf
peco	rdfs
peco	ro
peco	eo
peco	owl
peco	pco
peco	chebi
peco	oboinowl
peco	uberon
pfam	pfam.clan
pfam	doap
pfam	owl
pfam	dcterms
pfam	orcid
pfam	oboinowl
pfam	rdfs
pfam	foaf
pfam	rdf
pfam.clan	rdf
pfam.clan	doap
pfam.clan	owl
pfam.clan	dcterms
pfam.clan	orcid
pfam.clan	oboinowl
pfam.clan	foaf
pfam.clan	rdfs
pharmgkb.disease	pharmgkb
pharmgkb.disease	rdf
pharmgkb.disease	hp
pharmgkb.disease	doap
pharmgkb.disease	snomedct
pharmgkb.disease	omim
pharmgkb.disease	owl
pharmgkb.disease	mesh
pharmgkb.disease	mondo
pharmgkb.disease	dcterms
pharmgkb.disease	orcid
pharmgkb.disease	meddra
pharmgkb.disease	umls
pharmgkb.disease	oboinowl
pharmgkb.disease	foaf
pharmgkb.disease	rdfs
pharmgkb.drug	drugbank
pharmgkb.drug	kegg
pharmgkb.drug	iuphar.ligand
pharmgkb.drug	meddra
pharmgkb.drug	cas
pharmgkb.drug	foaf
pharmgkb.drug	pubchem.substance
pharmgkb.drug	obo
pharmgkb.drug	hmdb
pharmgkb.drug	pharmgkb
pharmgkb.drug	chemrof
pharmgkb.drug	pubchem.compound
pharmgkb.drug	umls
pharmgkb.drug	rxnorm
pharmgkb.drug	rdfs
pharmgkb.drug	rdf
pharmgkb.drug	atc
pharmgkb.drug	drugbank.metabolite
pharmgkb.drug	genbank
pharmgkb.drug	chembl
pharmgkb.drug	pdb.ligand
pharmgkb.drug	owl
pharmgkb.drug	mesh
pharmgkb.drug	snomedct
pharmgkb.drug	orcid
pharmgkb.drug	skos
pharmgkb.drug	debio
pharmgkb.drug	uniprot
pharmgkb.drug	unii
pharmgkb.drug	chebi
pharmgkb.drug	ndc
pharmgkb.drug	doap
pharmgkb.drug	dcterms
pharmgkb.drug	chemspider
pharmgkb.drug	oboinowl
pharmgkb.drug	bindingdb
pharmgkb.gene	ensembl
pharmgkb.gene	foaf
pharmgkb.gene	pharmgkb
pharmgkb.gene	iuphar.receptor
pharmgkb.gene	hgnc
pharmgkb.gene	rdfs
pharmgkb.gene	rdf
pharmgkb.gene	genbank
pharmgkb.gene	omim
pharmgkb.gene	owl
pharmgkb.gene	orcid
pharmgkb.gene	skos
pharmgkb.gene	uniprot
pharmgkb.gene	ncbigene
pharmgkb.gene	genatlas
pharmgkb.gene	doap
pharmgkb.gene	dcterms
pharmgkb.gene	oboinowl
pharmgkb.gene	ncbiprotein
pharmgkb.pathways	pharmgkb
pharmgkb.pathways	doap
pharmgkb.pathways	owl
pharmgkb.pathways	dcterms
pharmgkb.pathways	orcid
pharmgkb.pathways	oboinowl
pharmgkb.pathways	rdfs
pharmgkb.pathways	foaf
pharmgkb.pathways	rdf
pharmgkb.variant	obo
pharmgkb.variant	pharmgkb
pharmgkb.variant	doap
pharmgkb.variant	owl
pharmgkb.variant	dcterms
pharmgkb.variant	orcid
pharmgkb.variant	skos
pharmgkb.variant	dbsnp
pharmgkb.variant	oboinowl
pharmgkb.variant	rdfs
pharmgkb.variant	foaf
pharmgkb.variant	rdf
phenx	bioportal
phenx	rdfs
phenx	owl
phenx	rdf
phipo	ensembl
phipo	envo
phipo	go
phipo	github
phipo	bspo
phipo	pcl
phipo	wwf.ecoregion
phipo	so
phipo	pato
phipo	ncbitaxon
phipo	cob
phipo	bfo
phipo	obo
phipo	mba
phipo	iao
phipo	swrl
phipo	rdfs
phipo	rdf
phipo	pr
phipo	ro
phipo	owl
phipo	orcid
phipo	obi
phipo	ogms
phipo	gorel
phipo	wikidata
phipo	omo
phipo	dc
phipo	ncbigene
phipo	cl
phipo	clm
phipo	chebi
phipo	dcterms
phipo	ido
phipo	doi
phipo	oboinowl
phipo	caro
phipo	uberon
phyloviz.typon	uniprot.core
phyloviz.typon	dc
phyloviz.typon	bitbucket
phyloviz.typon	rdf
phyloviz.typon	envo
phyloviz.typon	owl
phyloviz.typon	obi
phyloviz.typon	dbo
phyloviz.typon	so
phyloviz.typon	xsd
phyloviz.typon	foaf
phyloviz.typon	rdfs
phyloviz.typon	bfo
physh	skos
physh	dcterms
physh	rdf
pid.pathway	ro
pid.pathway	rdf
pid.pathway	doap
pid.pathway	owl
pid.pathway	orcid
pid.pathway	dcterms
pid.pathway	foaf
pid.pathway	oboinowl
pid.pathway	hgnc
pid.pathway	rdfs
plana	eco
plana	iao.issue
plana	go
plana	github
plana	bspo
plana	pubmed
plana	pato
plana	foaf
plana	bfo
plana	obo
plana	iao
plana	swrl
plana	wikipedia.en
plana	rdf
plana	rdfs
plana	ro
plana	swrla
plana	owl
plana	orcid
plana	obi
plana	fbcv
plana	skos
plana	omo
plana	dc
plana	uberon.issue
plana	doap
plana	cito
plana	dcterms
plana	protege
plana	oboinowl
plana	caro
plana	uberon
planp	eco
planp	envo
planp	go
planp	github
planp	bspo
planp	pubmed
planp	ncit
planp	pato
planp	ncbitaxon
planp	foaf
planp	bfo
planp	obo
planp	iao
planp	swrl
planp	nbo
planp	wikipedia.en
planp	umls
planp	rdf
planp	rdfs
planp	ro
planp	swrla
planp	upheno
planp	snomedct
planp	owl
planp	orcid
planp	ogms
planp	fbcv
planp	dbo
planp	skos
planp	emapa
planp	dc
planp	plana
planp	cl
planp	dbpedia.property
planp	dcterms
planp	oboinowl
planp	caro
planp	uberon
pmdco	iao.issue
pmdco	go
pmdco	qudt
pmdco	github
pmdco	cob
pmdco	pato
pmdco	ncbitaxon
pmdco	bfo
pmdco	iao
pmdco	swrl
pmdco	wikipedia.en
pmdco	uo
pmdco	xsd
pmdco	rdf
pmdco	rdfs
pmdco	ro
pmdco	stato
pmdco	owl
pmdco	orcid
pmdco	obi
pmdco	skos
pmdco	merriamwebster
pmdco	omo
pmdco	dc
pmdco	chebi
pmdco	doap
pmdco	time
pmdco	dcterms
pmdco	nfdi.core
pmdco	oboinowl
po	obo
po	ro
po	dc
po	iao
po	omo
po	owl
po	dcterms
po	ncbitaxon
po	orcid
po	oboinowl
po	rdfs
po	bfo
po	rdf
po	uberon
pombase	obo
pombase	ro
pombase	doap
pombase	owl
pombase	dcterms
pombase	ncbitaxon
pombase	orcid
pombase	foaf
pombase	so
pombase	uniprot
pombase	oboinowl
pombase	rdfs
pombase	hgnc
pombase	rdf
poro	obo
poro	ro
poro	uberon
poro	iao
poro	dc
poro	cl
poro	rdf
poro	chebi
poro	go
poro	pubmed
poro	owl
poro	pato
poro	oboinowl
poro	caro
poro	foaf
poro	rdfs
poro	bfo
ppeo	dc
ppeo	rdf
ppeo	owl
ppeo	xsd
ppeo	rdfs
ppo	go
ppo	po
ppo	pato
ppo	foaf
ppo	bfo
ppo	obo
ppo	iao
ppo	xsd
ppo	rdfs
ppo	rdf
ppo	ro
ppo	owl
ppo	obi
ppo	omo
ppo	dc
ppo	dcterms
ppo	oboinowl
ppo	uberon
pr	ensembl
pr	go
pr	wormbase
pr	so
pr	cob
pr	ncbitaxon
pr	bfo
pr	obo
pr	iao
pr	gno
pr	dictybase
pr	hgnc
pr	rdf
pr	rdfs
pr	ro
pr	cgnc
pr	ecogene
pr	owl
pr	rgd
pr	mgi
pr	ensembl.metazoa
pr	zfin
pr	flybase
pr	ncbigene
pr	sgd
pr	cl
pr	insdc
pr	chebi
pr	pombase
pr	dcterms
pr	oboinowl
pr	mod
prefer	goche
prefer	envo
prefer	go
prefer	github
prefer	bspo
prefer	cob
prefer	pato
prefer	ncbitaxon
prefer	so
prefer	bfo
prefer	obo
prefer	iao
prefer	apollosv
prefer	swrl
prefer	nbo
prefer	uo
prefer	xsd
prefer	rdfs
prefer	rdf
prefer	pr
prefer	ro
prefer	owl
prefer	orcid
prefer	obi
prefer	oba
prefer	gorel
prefer	wikidata
prefer	omo
prefer	dc
prefer	cl
prefer	clm
prefer	chebi
prefer	dcterms
prefer	oboinowl
prefer	uberon
premis	loc.preservation
premis	dc
premis	rdf
premis	github
premis	owl
premis	dcterms
premis	xsd
premis	skos
premis	loc.ontology
premis	prov
premis	foaf
premis	rdfs
pride	envo
pride	github
pride	mondo
pride	ncit
pride	pato
pride	bfo
pride	obo
pride	iao
pride	ms
pride	mmo
pride	peco
pride	rdf
pride	rdfs
pride	uberon
pride	owl
pride	dc
pride	dcterms
pride	genepio
pride	efo
pride	oboinowl
pride	oba
proco	schema
proco	iao.issue
proco	sio
proco	go
proco	github
proco	pato
proco	foaf
proco	bfo
proco	obo
proco	iao
proco	wikipedia.en
proco	chmo
proco	xsd
proco	rdf
proco	rdfs
proco	pr
proco	ro
proco	afo
proco	fix
proco	sbo
proco	owl
proco	obi
proco	skos
proco	vann
proco	cheminf
proco	void
proco	dc
proco	chebi
proco	cito
proco	dcterms
proco	protege
proco	oboinowl
pror	schema
pror	sio
pror	foaf
pror	bfo
pror	bibo
pror	gepris
pror	premis
pror	xsd
pror	rdfs
pror	rdf
pror	ro
pror	owl
pror	orcid
pror	skos
pror	vann
pror	prov
pror	m4i
pror	doap
pror	gnd
pror	iso.639-3
pror	dcterms
pror	ror
pror	doi
protege	owl
protege	xsd
protege	rdfs
protege	rdf
prov	rdf
prov	owl
prov	xsd
prov	rdfs
psdo	obo
psdo	ro
psdo	dc
psdo	iao
psdo	bmont
psdo	rdf
psdo	owl
psdo	dcterms
psdo	oboinowl
psdo	xsd
psdo	foaf
psdo	rdfs
psdo	bfo
pso	eco
pso	envo
pso	go
pso	github
pso	pubmed
pso	po
pso	wwf.ecoregion
pso	pato
pso	ncbitaxon
pso	foaf
pso	bfo
pso	taxrank
pso	obo
pso	iao
pso	swrl
pso	wikipedia.en
pso	peco
pso	xsd
pso	rdfs
pso	rdf
pso	ro
pso	swrla
pso	upheno
pso	owl
pso	orcid
pso	obi
pso	ogms
pso	skos
pso	wikidata
pso	omo
pso	dc
pso	dcterms
pso	oboinowl
pso	uberon
ptr	xsd
ptr	rdfs
ptr	rdf
pw	obo
pw	iao
pw	go
pw	owl
pw	oboinowl
pw	rdfs
pw	rdf
qb	owl
qb	dcterms
qb	skos
qb	xsd
qb	rdfs
qb	foaf
qb	rdf
qudt	dbpedia.resource
qudt	prov
qudt	rdf
qudt	owl
qudt	dcterms
qudt	skos
qudt	xsd
qudt	rdfs
radlex	rdf
radlex	owl
radlex	oboinowl
radlex	xsd
radlex	rdfs
raras.class	schema
raras.class	rdf
raras.class	owl
raras.class	dcterms
raras.class	biolink
raras.class	raras.property
raras.class	xsd
raras.class	rdfs
raras.property	schema
raras.property	raras.class
raras.property	rdf
raras.property	owl
raras.property	dcterms
raras.property	biolink
raras.property	xsd
raras.property	rdfs
rbo	eol.schema
rbo	eco
rbo	envo
rbo	github
rbo	pubmed
rbo	ncbitaxon
rbo	bfo
rbo	hao.ref
rbo	iao
rbo	commoncoreontology
rbo	chmo
rbo	sweet
rbo	adw
rbo	ncbibook
rbo	snomedct
rbo	hancestro
rbo	dbo
rbo	skos
rbo	gorel
rbo	prov
rbo	fbrf
rbo	omrse
rbo	uberon.issue
rbo	caro
rbo	uberon
rbo	goldbook
rbo	obo
rbo	nif.std
rbo	uo
rbo	umls
rbo	nif.ext
rbo	emedicine
rbo	rdf
rbo	fbcv
rbo	ehdaa2
rbo	slso
rbo	go.issue
rbo	doi
rbo	go
rbo	bspo
rbo	po
rbo	semapv
rbo	wwf.ecoregion
rbo	isrctn
rbo	so
rbo	pato
rbo	foaf
rbo	sssom
rbo	apollosv
rbo	nbo
rbo	biorxiv
rbo	doid
rbo	rdfs
rbo	pr
rbo	ro
rbo	swrla
rbo	obcs
rbo	orcid
rbo	obi
rbo	ogms
rbo	wiktionary
rbo	omo
rbo	dc
rbo	cl
rbo	pco
rbo	dbpedia.property
rbo	tol
rbo	protege
rbo	geno
rbo	cob
rbo	swrl
rbo	wikipedia.en
rbo	fma
rbo	xsd
rbo	obib
rbo	owl
rbo	merriamwebster
rbo	wikidata
rbo	emapa
rbo	chebi
rbo	cito
rbo	dcterms
rbo	efo
rbo	oboinowl
rbo	nvs
rdfa	owl
rdfa	dcterms
rdfa	rdfs
rdfa	foaf
rdfa	rdf
rdo	obo
rdo	iao
rdo	omia
rdo	owl
rdo	mesh
rdo	mondo
rdo	doid
rdo	oboinowl
rdo	rdfs
rdo	rdf
rehabo	iao.issue
rehabo	github
rehabo	semapv
rehabo	isrctn
rehabo	foaf
rehabo	bfo
rehabo	obo
rehabo	iao
rehabo	sssom
rehabo	swrl
rehabo	pav
rehabo	xsd
rehabo	rdf
rehabo	rdfs
rehabo	ro
rehabo	owl
rehabo	orcid
rehabo	ogms
rehabo	skos
rehabo	omo
rehabo	dc
rehabo	omrse
rehabo	dcterms
rehabo	protege
rehabo	oboinowl
rehabo	uberon
reo	go
reo	mpath
reo	so
reo	pato
reo	ncbitaxon
reo	bfo
reo	obo
reo	iao
reo	clo
reo	doid
reo	uo
reo	ero
reo	xsd
reo	rdf
reo	rdfs
reo	uberon
reo	pr
reo	ro
reo	owl
reo	obi
reo	ogms
reo	dc
reo	cl
reo	chebi
reo	snap
reo	protege
reo	oboinowl
reo	caro
reo	mod
reproduceme	rdf
reproduceme	owl
reproduceme	dcterms
reproduceme	xsd
reproduceme	vann
reproduceme	prov
reproduceme	rdfs
rex	obo
rex	iao
rex	owl
rex	oboinowl
rex	rdfs
rex	rdf
ro	eco
ro	iao.issue
ro	envo
ro	go
ro	github
ro	pubmed
ro	wwf.ecoregion
ro	isrctn
ro	cob
ro	pato
ro	ncbitaxon
ro	foaf
ro	bfo
ro	obo
ro	iao
ro	swrl
ro	biorxiv
ro	wikipedia.en
ro	xsd
ro	rdf
ro	rdfs
ro	hom
ro	swrla
ro	upheno
ro	owl
ro	orcid
ro	obi
ro	ogms
ro	skos
ro	dbo
ro	wikidata
ro	omo
ro	dc
ro	cl
ro	uberon.issue
ro	dbpedia.property
ro	chebi
ro	cito
ro	dcterms
ro	orpha
ro	doi
ro	oboinowl
ro	uberon
rosetta	dc
rosetta	rdf
rosetta	swrl
rosetta	owl
rosetta	xsd
rosetta	rdfs
rs	obo
rs	iao
rs	rdf
rs	owl
rs	oboinowl
rs	rdfs
rxno	obo
rxno	dc
rxno	iao
rxno	merckindex.reaction
rxno	rdf
rxno	chebi
rxno	mop
rxno	owl
rxno	orcid
rxno	obi
rxno	goldbook
rxno	dcterms
rxno	wikipedia.en
rxno	doi
rxno	oboinowl
rxno	rdfs
rxno	bfo
rxnorm	bioportal
rxnorm	sty
rxnorm	owl
rxnorm	dcterms
rxnorm	skos
rxnorm	rdfs
rxnorm	rdf
salmon	schema
salmon	oboe
salmon	sio
salmon	envo
salmon	ncit
salmon	dwc
salmon	obo
salmon	iao
salmon	wikipedia.en
salmon	xsd
salmon	rdf
salmon	rdfs
salmon	owl
salmon	orcid
salmon	skos
salmon	ecso
salmon	wikidata
salmon	dc
salmon	pco
salmon	doap
salmon	time
salmon	dcterms
salmon	ror
salmon	oboinowl
salmon	nvs
salmon	ssn
saref.ehaw	rdf
saref.ehaw	iana.mediatype
saref.ehaw	saref
saref.ehaw	owl
saref.ehaw	dcterms
saref.ehaw	linkedin
saref.ehaw	voaf
saref.ehaw	vann
saref.ehaw	ssn.system
saref.ehaw	saref.environment
saref.ehaw	xsd
saref.ehaw	foaf
saref.ehaw	rdfs
sargon	rdf
sargon	owl
sargon	dcterms
sargon	time
sargon	linkedin
sargon	xsd
sargon	rdfs
sasap	dc
sasap	schema
sasap	iao
sasap	doap
sasap	owl
sasap	orcid
sasap	dcterms
sasap	skos
sasap	mesh
sasap	ncit
sasap	oboinowl
sasap	vivo
sasap	rdfs
sasap	dwc
sasap	rdf
sbo	rdfs
sbo	owl
sbo	rdf
scdo	duo
scdo	sio
scdo	phenx
scdo	envo
scdo	edam.topic
scdo	pubmed
scdo	ico
scdo	drugbank
scdo	fabio
scdo	hsapdv
scdo	ncit
scdo	loinc
scdo	oae
scdo	vt
scdo	aero
scdo	obo
scdo	opmi
scdo	iao
scdo	aro
scdo	apollosv
scdo	nbo
scdo	exo
scdo	wikipedia.en
scdo	dron
scdo	chmo
scdo	doid
scdo	uo
scdo	gsso
scdo	mmo
scdo	ero
scdo	xsd
scdo	emedicine
scdo	flu
scdo	rdf
scdo	rdfs
scdo	pr
scdo	fypo
scdo	ro
scdo	stato
scdo	vo
scdo	snomedct
scdo	omim
scdo	owl
scdo	mesh
scdo	ogms
scdo	obi
scdo	cmo
scdo	eupath
scdo	skos
scdo	sbo
scdo	gaz
scdo	omiabis
scdo	dc
scdo	ncbigene
scdo	bioportal
scdo	hp
scdo	symp
scdo	chebi
scdo	ghr
scdo	doi
scdo	dcterms
scdo	pmc
scdo	ontobee
scdo	ido
scdo	orpha
scdo	efo
scdo	oboinowl
scdo	idomal
scdo	mp
schema	eli
schema	github
schema	foaf
schema	bibo
schema	rov
schema	xsd
schema	rdf
schema	rdfs
schema	dcat
schema	dcmitype
schema	pto
schema	snomedct
schema	owl
schema	skos
schema	rdfa
schema	wikidata
schema	void
schema	dcterms
scor	dbpedia.resource
scor	schema
scor	doap
scor	github
scor	vs
scor	dcterms
scor	owl
scor	skos
scor	vann
scor	xsd
scor	rdfs
scor	rdf
scor	void
scsn.core	spin
scsn.core	rdf
scsn.core	owl
scsn.core	xsd
scsn.core	rdfs
sdgio	eco
sdgio	envo
sdgio	go
sdgio	github
sdgio	pubmed
sdgio	po
sdgio	pato
sdgio	ncbitaxon
sdgio	foaf
sdgio	bfo
sdgio	obo
sdgio	iao
sdgio	foodon
sdgio	swrl
sdgio	wikipedia.en
sdgio	uo
sdgio	rdf
sdgio	rdfs
sdgio	ro
sdgio	swrla
sdgio	owl
sdgio	obi
sdgio	dc
sdgio	pco
sdgio	chebi
sdgio	doap
sdgio	oboinowl
sdgio	caro
sdgio	uberon
sdmx	rdf
sdmx	owl
sdmx	dcterms
sdmx	qb
sdmx	skos
sdmx	xsd
sdmx	foaf
sdmx	rdfs
semapv	iao
semapv	rdf
semapv	owl
semapv	dcterms
semapv	orcid
semapv	skos
semapv	doi
semapv	ncbitaxon
semapv	rdfs
senso	dc
senso	iao
senso	rdf
senso	owl
senso	dcterms
senso	orcid
senso	skos
senso	oboinowl
senso	xsd
senso	rdfs
sepio	eco
sepio	go
sepio	pubmed
sepio	cob
sepio	pato
sepio	foaf
sepio	bfo
sepio	obo
sepio	iao
sepio	swrl
sepio	bibo
sepio	wikipedia.en
sepio	pav
sepio	ero
sepio	xsd
sepio	rdf
sepio	rdfs
sepio	ro
sepio	swrla
sepio	stato
sepio	owl
sepio	orcid
sepio	obi
sepio	skos
sepio	prov
sepio	omo
sepio	dc
sepio	dcterms
sepio	oban
sepio	protege
sepio	oboinowl
sepio	caro
sgd	ro
sgd	rdf
sgd	doap
sgd	owl
sgd	ncbitaxon
sgd	dcterms
sgd	orcid
sgd	oboinowl
sgd	foaf
sgd	rdfs
sh	rdf
sh	shsh
sh	owl
sh	xsd
sh	rdfs
shareloc	dc
shareloc	rdf
shareloc	owl
shareloc	rdfs
shex	rdf
shex	github
shex	owl
shex	dcterms
shex	xsd
shex	rdfs
shsh	rdf
shsh	owl
shsh	dcterms
shsh	sh
shsh	xsd
shsh	rdfs
si	prov
si	github
si	owl
si	dcterms
si	skos
si	xsd
si	rdfs
si	rdf
si.constants	github
si.constants	si.units
si.constants	owl
si.constants	si
si.constants	xsd
si.constants	dcterms
si.constants	skos
si.constants	prov
si.constants	rdfs
si.constants	rdf
si.decisions	rdf
si.decisions	owl
si.decisions	si
si.decisions	dcterms
si.decisions	skos
si.decisions	xsd
si.decisions	rdfs
si.prefixes	github
si.prefixes	owl
si.prefixes	si
si.prefixes	xsd
si.prefixes	dcterms
si.prefixes	skos
si.prefixes	prov
si.prefixes	rdfs
si.prefixes	rdf
si.quantities	github
si.quantities	si.units
si.quantities	owl
si.quantities	si
si.quantities	dcterms
si.quantities	skos
si.quantities	prov
si.quantities	rdfs
si.quantities	rdf
si.units	si.constants
si.units	github
si.units	owl
si.units	si
si.units	dcterms
si.units	xsd
si.units	skos
si.units	si.quantities
si.units	si.prefixes
si.units	prov
si.units	rdfs
si.units	rdf
sibo	obo
sibo	iao
sibo	rdf
sibo	owl
sibo	ncbitaxon
sibo	oboinowl
sibo	rdfs
sibo	bfo
signor	obo
signor	ro
signor	iao
signor	rdf
signor	chebi
signor	doap
signor	owl
signor	dcterms
signor	orcid
signor	ncbitaxon
signor	skos
signor	uniprot
signor	oboinowl
signor	foaf
signor	rdfs
sio	dc
sio	schema
sio	cito
sio	owl
sio	dcterms
sio	skos
sio	vann
sio	protege
sio	xsd
sio	rdfs
sio	foaf
sio	rdf
sio	void
sioc.access	sioc.core
sioc.access	rdf
sioc.access	owl
sioc.access	dcterms
sioc.access	rdfs
sioc.actions	sioc.core
sioc.actions	rdf
sioc.actions	owl
sioc.actions	skos
sioc.actions	rdfs
sioc.argument	sioc.core
sioc.argument	dc
sioc.argument	rdf
sioc.argument	owl
sioc.argument	rdfs
sioc.core	rdf
sioc.core	owl
sioc.core	dcterms
sioc.core	xsd
sioc.core	foaf
sioc.core	rdfs
sioc.quote	sioc.core
sioc.quote	rdf
sioc.quote	owl
sioc.quote	dcterms
sioc.quote	xsd
sioc.quote	rdfs
sioc.types	sioc.core
sioc.types	dcmitype
sioc.types	rdf
sioc.types	bookmark
sioc.types	doap
sioc.types	owl
sioc.types	dcterms
sioc.types	icaltzd
sioc.types	foaf
sioc.types	rdfs
skos	rdf
skos	owl
skos	dcterms
skos	rdfs
skos.thes	dc
skos.thes	rdf
skos.thes	skosxl
skos.thes	vs
skos.thes	dcterms
skos.thes	owl
skos.thes	skos
skos.thes	voaf
skos.thes	xsd
skos.thes	foaf
skos.thes	rdfs
skosxl	rdf
skosxl	owl
skosxl	dcterms
skosxl	skos
skosxl	rdfs
slso	schema
slso	eco
slso	iao.issue
slso	envo
slso	go
slso	vcard
slso	github
slso	pubmed
slso	po
slso	geno
slso	wwf.ecoregion
slso	ncit
slso	cob
slso	pato
slso	ncbitaxon
slso	t4fs
slso	so
slso	foaf
slso	bfo
slso	taxrank
slso	obo
slso	iao
slso	sosa
slso	commoncoreontology
slso	apollosv
slso	swrl
slso	rbo
slso	exo
slso	wikipedia.en
slso	chmo
slso	swo
slso	uo
slso	sweet
slso	xsd
slso	obib
slso	rdf
slso	rdfs
slso	pr
slso	ro
slso	dcmitype
slso	swrla
slso	obcs
slso	owl
slso	orcid
slso	obi
slso	ogms
slso	skos
slso	merriamwebster
slso	wikidata
slso	prov
slso	wiktionary
slso	omo
slso	dc
slso	omrse
slso	cl
slso	pco
slso	chebi
slso	dcterms
slso	doi
slso	oboinowl
slso	nvs
slso	uberon
so	obo
so	dc
so	iao
so	rdf
so	owl
so	oboinowl
so	rdfs
solid	sioc.core
solid	log
solid	github
solid	owl
solid	dcterms
solid	vann
solid	ldp
solid	xsd
solid	rdfs
solid	foaf
solid	rdf
sosa	schema
sosa	rdf
sosa	owl
sosa	dcterms
sosa	time
sosa	skos
sosa	voaf
sosa	vann
sosa	xsd
sosa	foaf
sosa	rdfs
spd	obo
spd	iao
spd	rdf
spd	owl
spd	oboinowl
spd	rdfs
spdx	iao
spdx	rdf
spdx	doap
spdx	owl
spdx	dcterms
spdx	oboinowl
spdx	xsd
spdx	foaf
spdx	rdfs
spdx	spdx.term
spdx3	rdf
spdx3	owl
spdx3	dcterms
spdx3	sh
spdx3	spdx
spdx3	xsd
spdx3	rdfs
srao	edam.topic
srao	po
srao	ncit
srao	foaf
srao	obo
srao	iao
srao	rdf
srao	rdfs
srao	owl
srao	uat
srao	obi
srao	agrovoc
srao	edam
srao	dc
srao	doap
srao	omit
srao	dcterms
srao	protege
srao	oboinowl
ssn	sosa
ssn	owl
ssn	dcterms
ssn	skos
ssn	voaf
ssn	vann
ssn	rdfs
ssn	foaf
ssn	rdf
ssn.system	sosa
ssn.system	rdf
ssn.system	owl
ssn.system	dcterms
ssn.system	skos
ssn.system	voaf
ssn.system	vann
ssn.system	foaf
ssn.system	rdfs
ssn.system	ssn
stato	iao.issue
stato	go
stato	so
stato	pato
stato	ncbitaxon
stato	foaf
stato	bfo
stato	obo
stato	iao
stato	apollosv
stato	swrl
stato	uo
stato	xsd
stato	rdf
stato	rdfs
stato	pr
stato	ro
stato	owl
stato	obi
stato	ogms
stato	dc
stato	cl
stato	chebi
stato	doap
stato	dcterms
stato	protege
stato	uberon
sty	obo
sty	rdf
sty	doap
sty	owl
sty	dcterms
sty	orcid
sty	oboinowl
sty	biolink
sty	foaf
sty	rdfs
sulo	dc
sulo	schema
sulo	dcat
sulo	rdf
sulo	github
sulo	owl
sulo	orcid
sulo	dcterms
sulo	skos
sulo	pav
sulo	vann
sulo	xsd
sulo	foaf
sulo	rdfs
sulo	lov
sumso	envo
sumso	bao
sumso	ncit
sumso	pato
sumso	ncbitaxon
sumso	bfo
sumso	iao
sumso	commoncoreontology
sumso	foodon
sumso	iofcore
sumso	gsso
sumso	rdfs
sumso	rdf
sumso	ro
sumso	sdgio
sumso	occo
sumso	vo
sumso	owl
sumso	obi
sumso	skos
sumso	dc
sumso	ecocore
sumso	dcterms
sumso	oboinowl
sumso	agro
sumso	uberon
sustaingraph	dc
sustaingraph	rdf
sustaingraph	owl
sustaingraph	xsd
sustaingraph	rdfs
sweet	owl
sweet	dcterms
sweet	rdfs
sweet	rdf
sweet.hu	rdf
sweet.hu	owl
sweet.hu	dcterms
sweet.hu	sweet
sweet.hu	rdfs
sweet.hua	owl
sweet.hua	dcterms
sweet.hua	sweet
sweet.hua	rdfs
sweet.hua	rdf
sweet.huc	owl
sweet.huc	dcterms
sweet.huc	sweet
sweet.huc	rdfs
sweet.huc	rdf
sweet.hud	owl
sweet.hud	dcterms
sweet.hud	sweet
sweet.hud	rdfs
sweet.hud	rdf
sweet.huea	rdf
sweet.huea	owl
sweet.huea	dcterms
sweet.huea	sweet
sweet.huea	rdfs
sweet.hueccont	rdf
sweet.hueccont	owl
sweet.hueccont	dcterms
sweet.hueccont	sweet
sweet.hueccont	rdfs
sweet.huecons	owl
sweet.huecons	dcterms
sweet.huecons	sweet
sweet.huecons	rdfs
sweet.huecons	rdf
sweet.hues	owl
sweet.hues	dcterms
sweet.hues	sweet
sweet.hues	rdfs
sweet.hues	rdf
sweet.huj	owl
sweet.huj	dcterms
sweet.huj	sweet
sweet.huj	rdfs
sweet.huj	rdf
sweet.hukd	owl
sweet.hukd	dcterms
sweet.hukd	sweet
sweet.hukd	rdfs
sweet.hukd	rdf
sweet.hur	rdf
sweet.hur	owl
sweet.hur	dcterms
sweet.hur	sweet
sweet.hur	rdfs
sweet.hut	owl
sweet.hut	dcterms
sweet.hut	sweet
sweet.hut	rdfs
sweet.hut	rdf
sweet.hutr	rdf
sweet.hutr	owl
sweet.hutr	dcterms
sweet.hutr	sweet
sweet.hutr	rdfs
sweet.ma	owl
sweet.ma	dcterms
sweet.ma	sweet
sweet.ma	rdfs
sweet.ma	rdf
sweet.mab	owl
sweet.mab	dcterms
sweet.mab	sweet
sweet.mab	rdfs
sweet.mab	rdf
sweet.mac	rdf
sweet.mac	owl
sweet.mac	dcterms
sweet.mac	sweet
sweet.mac	rdfs
sweet.mael	rdf
sweet.mael	owl
sweet.mael	dcterms
sweet.mael	sweet
sweet.mael	rdfs
sweet.maem	rdf
sweet.maem	owl
sweet.maem	dcterms
sweet.maem	sweet
sweet.maem	rdfs
sweet.maen	owl
sweet.maen	dcterms
sweet.maen	sweet
sweet.maen	rdfs
sweet.maen	rdf
sweet.maeq	rdf
sweet.maeq	owl
sweet.maeq	dcterms
sweet.maeq	sweet
sweet.maeq	rdfs
sweet.maf	owl
sweet.maf	dcterms
sweet.maf	sweet
sweet.maf	rdfs
sweet.maf	rdf
sweet.maind	owl
sweet.maind	dcterms
sweet.maind	sweet
sweet.maind	rdfs
sweet.maind	rdf
sweet.mains	sosa
sweet.mains	owl
sweet.mains	dcterms
sweet.mains	sweet
sweet.mains	rdfs
sweet.mains	rdf
sweet.maio	owl
sweet.maio	dcterms
sweet.maio	sweet
sweet.maio	rdfs
sweet.maio	rdf
sweet.mais	rdf
sweet.mais	owl
sweet.mais	dcterms
sweet.mais	sweet
sweet.mais	rdfs
sweet.mamic	rdf
sweet.mamic	owl
sweet.mamic	dcterms
sweet.mamic	sweet
sweet.mamic	rdfs
sweet.mamin	orcid
sweet.mamin	dcterms
sweet.mamin	owl
sweet.mamin	skos
sweet.mamin	sweet
sweet.mamin	rdfs
sweet.mamin	rdf
sweet.man	rdf
sweet.man	owl
sweet.man	dcterms
sweet.man	sweet
sweet.man	rdfs
sweet.manr	rdf
sweet.manr	owl
sweet.manr	dcterms
sweet.manr	sweet
sweet.manr	rdfs
sweet.maoc	rdf
sweet.maoc	owl
sweet.maoc	dcterms
sweet.maoc	sweet
sweet.maoc	rdfs
sweet.mapa	rdf
sweet.mapa	owl
sweet.mapa	dcterms
sweet.mapa	sweet
sweet.mapa	rdfs
sweet.mapl	owl
sweet.mapl	dcterms
sweet.mapl	sweet
sweet.mapl	rdfs
sweet.mapl	rdf
sweet.marock	owl
sweet.marock	dcterms
sweet.marock	sweet
sweet.marock	rdfs
sweet.marock	rdf
sweet.marocki	owl
sweet.marocki	dcterms
sweet.marocki	sweet
sweet.marocki	rdfs
sweet.marocki	rdf
sweet.mas	rdf
sweet.mas	owl
sweet.mas	dcterms
sweet.mas	sweet
sweet.mas	rdfs
sweet.ph	owl
sweet.ph	dcterms
sweet.ph	sweet
sweet.ph	rdfs
sweet.ph	rdf
sweet.phatmo	owl
sweet.phatmo	dcterms
sweet.phatmo	sweet
sweet.phatmo	rdfs
sweet.phatmo	rdf
sweet.phatmoc	rdf
sweet.phatmoc	owl
sweet.phatmoc	dcterms
sweet.phatmoc	orcid
sweet.phatmoc	sweet
sweet.phatmoc	rdfs
sweet.phatmofo	owl
sweet.phatmofo	dcterms
sweet.phatmofo	sweet
sweet.phatmofo	rdfs
sweet.phatmofo	rdf
sweet.phatmofr	rdf
sweet.phatmofr	owl
sweet.phatmofr	dcterms
sweet.phatmofr	orcid
sweet.phatmofr	sweet
sweet.phatmofr	rdfs
sweet.phatmol	owl
sweet.phatmol	dcterms
sweet.phatmol	sweet
sweet.phatmol	rdfs
sweet.phatmol	rdf
sweet.phatmopc	rdf
sweet.phatmopc	owl
sweet.phatmopc	dcterms
sweet.phatmopc	sweet
sweet.phatmopc	rdfs
sweet.phatmops	owl
sweet.phatmops	dcterms
sweet.phatmops	sweet
sweet.phatmops	rdfs
sweet.phatmops	rdf
sweet.phatmos	owl
sweet.phatmos	dcterms
sweet.phatmos	sweet
sweet.phatmos	rdfs
sweet.phatmos	rdf
sweet.phatmot	rdf
sweet.phatmot	owl
sweet.phatmot	dcterms
sweet.phatmot	sweet
sweet.phatmot	rdfs
sweet.phatmow	owl
sweet.phatmow	dcterms
sweet.phatmow	sweet
sweet.phatmow	rdfs
sweet.phatmow	rdf
sweet.phatmowm	owl
sweet.phatmowm	dcterms
sweet.phatmowm	sweet
sweet.phatmowm	rdfs
sweet.phatmowm	rdf
sweet.phb	owl
sweet.phb	dcterms
sweet.phb	sweet
sweet.phb	rdfs
sweet.phb	rdf
sweet.phcm	owl
sweet.phcm	dcterms
sweet.phcm	sweet
sweet.phcm	rdfs
sweet.phcm	rdf
sweet.phcr	envo
sweet.phcr	github
sweet.phcr	owl
sweet.phcr	dcterms
sweet.phcr	orcid
sweet.phcr	skos
sweet.phcr	sweet
sweet.phcr	prov
sweet.phcr	rdfs
sweet.phcr	rdf
sweet.phcy	owl
sweet.phcy	dcterms
sweet.phcy	sweet
sweet.phcy	rdfs
sweet.phcy	rdf
sweet.phec	owl
sweet.phec	dcterms
sweet.phec	sweet
sweet.phec	rdfs
sweet.phec	rdf
sweet.phei	rdf
sweet.phei	owl
sweet.phei	dcterms
sweet.phei	sweet
sweet.phei	rdfs
sweet.phel	rdf
sweet.phel	owl
sweet.phel	dcterms
sweet.phel	sweet
sweet.phel	rdfs
sweet.phen	rdf
sweet.phen	owl
sweet.phen	dcterms
sweet.phen	sweet
sweet.phen	rdfs
sweet.phfd	rdf
sweet.phfd	owl
sweet.phfd	dcterms
sweet.phfd	sweet
sweet.phfd	rdfs
sweet.phfi	owl
sweet.phfi	dcterms
sweet.phfi	sweet
sweet.phfi	rdfs
sweet.phfi	rdf
sweet.phft	rdf
sweet.phft	owl
sweet.phft	dcterms
sweet.phft	sweet
sweet.phft	rdfs
sweet.phg	rdf
sweet.phg	owl
sweet.phg	dcterms
sweet.phg	sweet
sweet.phg	rdfs
sweet.phgf	rdf
sweet.phgf	owl
sweet.phgf	dcterms
sweet.phgf	sweet
sweet.phgf	rdfs
sweet.phgg	owl
sweet.phgg	dcterms
sweet.phgg	sweet
sweet.phgg	rdfs
sweet.phgg	rdf
sweet.phgs	owl
sweet.phgs	dcterms
sweet.phgs	sweet
sweet.phgs	rdfs
sweet.phgs	rdf
sweet.phgt	rdf
sweet.phgt	owl
sweet.phgt	dcterms
sweet.phgt	sweet
sweet.phgt	rdfs
sweet.phgv	owl
sweet.phgv	dcterms
sweet.phgv	sweet
sweet.phgv	rdfs
sweet.phgv	rdf
sweet.phhe	rdf
sweet.phhe	owl
sweet.phhe	dcterms
sweet.phhe	sweet
sweet.phhe	rdfs
sweet.phhy	owl
sweet.phhy	dcterms
sweet.phhy	sweet
sweet.phhy	rdfs
sweet.phhy	rdf
sweet.phm	owl
sweet.phm	dcterms
sweet.phm	sweet
sweet.phm	rdfs
sweet.phm	rdf
sweet.pho	rdf
sweet.pho	owl
sweet.pho	dcterms
sweet.pho	sweet
sweet.pho	rdfs
sweet.phoc	owl
sweet.phoc	dcterms
sweet.phoc	sweet
sweet.phoc	rdfs
sweet.phoc	rdf
sweet.phod	rdf
sweet.phod	owl
sweet.phod	dcterms
sweet.phod	sweet
sweet.phod	rdfs
sweet.phpc	rdf
sweet.phpc	owl
sweet.phpc	dcterms
sweet.phpc	sweet
sweet.phpc	rdfs
sweet.phr	rdf
sweet.phr	owl
sweet.phr	dcterms
sweet.phr	sweet
sweet.phr	rdfs
sweet.phso	rdf
sweet.phso	owl
sweet.phso	dcterms
sweet.phso	sweet
sweet.phso	rdfs
sweet.phst	rdf
sweet.phst	owl
sweet.phst	dcterms
sweet.phst	sweet
sweet.phst	rdfs
sweet.phsy	owl
sweet.phsy	dcterms
sweet.phsy	sweet
sweet.phsy	rdfs
sweet.phsy	rdf
sweet.phsyc	rdf
sweet.phsyc	owl
sweet.phsyc	dcterms
sweet.phsyc	sweet
sweet.phsyc	rdfs
sweet.phw	owl
sweet.phw	dcterms
sweet.phw	sweet
sweet.phw	rdfs
sweet.phw	rdf
sweet.phwn	owl
sweet.phwn	dcterms
sweet.phwn	sweet
sweet.phwn	rdfs
sweet.phwn	rdf
sweet.proc	rdf
sweet.proc	owl
sweet.proc	dcterms
sweet.proc	sweet
sweet.proc	rdfs
sweet.procc	owl
sweet.procc	dcterms
sweet.procc	sweet
sweet.procc	rdfs
sweet.procc	rdf
sweet.procp	owl
sweet.procp	dcterms
sweet.procp	sweet
sweet.procp	rdfs
sweet.procp	rdf
sweet.procsc	rdf
sweet.procsc	owl
sweet.procsc	dcterms
sweet.procsc	sweet
sweet.procsc	rdfs
sweet.procw	owl
sweet.procw	dcterms
sweet.procw	sweet
sweet.procw	rdfs
sweet.procw	rdf
sweet.prop	rdf
sweet.prop	owl
sweet.prop	dcterms
sweet.prop	sweet
sweet.prop	rdfs
sweet.propb	owl
sweet.propb	dcterms
sweet.propb	sweet
sweet.propb	rdfs
sweet.propb	rdf
sweet.propcap	rdf
sweet.propcap	owl
sweet.propcap	dcterms
sweet.propcap	sweet
sweet.propcap	rdfs
sweet.propcat	owl
sweet.propcat	dcterms
sweet.propcat	sweet
sweet.propcat	rdfs
sweet.propcat	rdf
sweet.propcha	rdf
sweet.propcha	owl
sweet.propcha	dcterms
sweet.propcha	sweet
sweet.propcha	rdfs
sweet.propche	rdf
sweet.propche	owl
sweet.propche	dcterms
sweet.propche	sweet
sweet.propche	rdfs
sweet.propcon	rdf
sweet.propcon	owl
sweet.propcon	dcterms
sweet.propcon	sweet
sweet.propcon	rdfs
sweet.propcou	rdf
sweet.propcou	owl
sweet.propcou	dcterms
sweet.propcou	sweet
sweet.propcou	rdfs
sweet.propdife	rdf
sweet.propdife	owl
sweet.propdife	dcterms
sweet.propdife	sweet
sweet.propdife	rdfs
sweet.propdifu	rdf
sweet.propdifu	owl
sweet.propdifu	dcterms
sweet.propdifu	sweet
sweet.propdifu	rdfs
sweet.propdr	rdf
sweet.propdr	owl
sweet.propdr	dcterms
sweet.propdr	sweet
sweet.propdr	rdfs
sweet.prope	owl
sweet.prope	dcterms
sweet.prope	sweet
sweet.prope	rdfs
sweet.prope	rdf
sweet.propef	rdf
sweet.propef	owl
sweet.propef	dcterms
sweet.propef	sweet
sweet.propef	rdfs
sweet.propfr	rdf
sweet.propfr	owl
sweet.propfr	dcterms
sweet.propfr	sweet
sweet.propfr	rdfs
sweet.propfu	owl
sweet.propfu	dcterms
sweet.propfu	sweet
sweet.propfu	rdfs
sweet.propfu	rdf
sweet.propi	owl
sweet.propi	dcterms
sweet.propi	sweet
sweet.propi	rdfs
sweet.propi	rdf
sweet.propm	owl
sweet.propm	dcterms
sweet.propm	sweet
sweet.propm	rdfs
sweet.propm	rdf
sweet.propmf	owl
sweet.propmf	dcterms
sweet.propmf	sweet
sweet.propmf	rdfs
sweet.propmf	rdf
sweet.propo	owl
sweet.propo	dcterms
sweet.propo	sweet
sweet.propo	rdfs
sweet.propo	rdf
sweet.propp	owl
sweet.propp	dcterms
sweet.propp	sweet
sweet.propp	rdfs
sweet.propp	rdf
sweet.propq	owl
sweet.propq	dcterms
sweet.propq	sweet
sweet.propq	rdfs
sweet.propq	rdf
sweet.propr	rdf
sweet.propr	owl
sweet.propr	dcterms
sweet.propr	sweet
sweet.propr	rdfs
sweet.props	owl
sweet.props	dcterms
sweet.props	sweet
sweet.props	rdfs
sweet.props	rdf
sweet.propsdir	rdf
sweet.propsdir	owl
sweet.propsdir	dcterms
sweet.propsdir	sweet
sweet.propsdir	rdfs
sweet.propsdis	rdf
sweet.propsdis	owl
sweet.propsdis	dcterms
sweet.propsdis	sweet
sweet.propsdis	rdfs
sweet.propsh	owl
sweet.propsh	dcterms
sweet.propsh	sweet
sweet.propsh	rdfs
sweet.propsh	rdf
sweet.propsl	owl
sweet.propsl	dcterms
sweet.propsl	sweet
sweet.propsl	rdfs
sweet.propsl	rdf
sweet.propsm	owl
sweet.propsm	dcterms
sweet.propsm	sweet
sweet.propsm	rdfs
sweet.propsm	rdf
sweet.propsp	owl
sweet.propsp	dcterms
sweet.propsp	sweet
sweet.propsp	rdfs
sweet.propsp	rdf
sweet.propst	rdf
sweet.propst	owl
sweet.propst	dcterms
sweet.propst	sweet
sweet.propst	rdfs
sweet.propt	rdf
sweet.propt	owl
sweet.propt	dcterms
sweet.propt	sweet
sweet.propt	rdfs
sweet.proptf	owl
sweet.proptf	dcterms
sweet.proptf	sweet
sweet.proptf	rdfs
sweet.proptf	rdf
sweet.proptg	owl
sweet.proptg	dcterms
sweet.proptg	sweet
sweet.proptg	rdfs
sweet.proptg	rdf
sweet.propti	owl
sweet.propti	time
sweet.propti	dcterms
sweet.propti	sweet
sweet.propti	rdfs
sweet.propti	rdf
sweet.rea	rdf
sweet.rea	owl
sweet.rea	dcterms
sweet.rea	sweet
sweet.rea	rdfs
sweet.reaa	owl
sweet.reaa	dcterms
sweet.reaa	sweet
sweet.reaa	rdfs
sweet.reaa	rdf
sweet.reaab	owl
sweet.reaab	dcterms
sweet.reaab	sweet
sweet.reaab	rdfs
sweet.reaab	rdf
sweet.reaabl	rdf
sweet.reaabl	owl
sweet.reaabl	dcterms
sweet.reaabl	sweet
sweet.reaabl	rdfs
sweet.reaah	rdf
sweet.reaah	owl
sweet.reaah	dcterms
sweet.reaah	sweet
sweet.reaah	rdfs
sweet.reaas	rdf
sweet.reaas	owl
sweet.reaas	dcterms
sweet.reaas	sweet
sweet.reaas	rdfs
sweet.reaaw	owl
sweet.reaaw	dcterms
sweet.reaaw	sweet
sweet.reaaw	rdfs
sweet.reaaw	rdf
sweet.reabb	owl
sweet.reabb	dcterms
sweet.reabb	sweet
sweet.reabb	rdfs
sweet.reabb	rdf
sweet.reaer	rdf
sweet.reaer	owl
sweet.reaer	dcterms
sweet.reaer	sweet
sweet.reaer	rdfs
sweet.reagb	rdf
sweet.reagb	owl
sweet.reagb	dcterms
sweet.reagb	sweet
sweet.reagb	rdfs
sweet.reagcons	rdf
sweet.reagcons	owl
sweet.reagcons	dcterms
sweet.reagcons	sweet
sweet.reagcons	rdfs
sweet.reagcont	owl
sweet.reagcont	dcterms
sweet.reagcont	sweet
sweet.reagcont	rdfs
sweet.reagcont	rdf
sweet.reagoc	owl
sweet.reagoc	dcterms
sweet.reagoc	sweet
sweet.reagoc	rdfs
sweet.reagoc	rdf
sweet.reagor	owl
sweet.reagor	dcterms
sweet.reagor	sweet
sweet.reagor	rdfs
sweet.reagor	rdf
sweet.reah	rdf
sweet.reah	owl
sweet.reah	dcterms
sweet.reah	sweet
sweet.reah	rdfs
sweet.real	rdf
sweet.real	owl
sweet.real	dcterms
sweet.real	sweet
sweet.real	rdfs
sweet.reala	owl
sweet.reala	dcterms
sweet.reala	sweet
sweet.reala	rdfs
sweet.reala	rdf
sweet.realc	rdf
sweet.realc	owl
sweet.realc	dcterms
sweet.realc	sweet
sweet.realc	rdfs
sweet.realf	rdf
sweet.realf	owl
sweet.realf	dcterms
sweet.realf	orcid
sweet.realf	sweet
sweet.realf	rdfs
sweet.realg	owl
sweet.realg	dcterms
sweet.realg	sweet
sweet.realg	rdfs
sweet.realg	rdf
sweet.realo	owl
sweet.realo	dcterms
sweet.realo	sweet
sweet.realo	rdfs
sweet.realo	rdf
sweet.realp	owl
sweet.realp	dcterms
sweet.realp	sweet
sweet.realp	rdfs
sweet.realp	rdf
sweet.realt	rdf
sweet.realt	owl
sweet.realt	dcterms
sweet.realt	sweet
sweet.realt	rdfs
sweet.realv	rdf
sweet.realv	owl
sweet.realv	dcterms
sweet.realv	sweet
sweet.realv	rdfs
sweet.reao	rdf
sweet.reao	owl
sweet.reao	dcterms
sweet.reao	sweet
sweet.reao	rdfs
sweet.reaofe	owl
sweet.reaofe	dcterms
sweet.reaofe	sweet
sweet.reaofe	rdfs
sweet.reaofe	rdf
sweet.reaofl	owl
sweet.reaofl	dcterms
sweet.reaofl	sweet
sweet.reaofl	rdfs
sweet.reaofl	rdf
sweet.reas	rdf
sweet.reas	owl
sweet.reas	dcterms
sweet.reas	sweet
sweet.reas	rdfs
sweet.rel	owl
sweet.rel	dcterms
sweet.rel	sweet
sweet.rel	rdfs
sweet.rel	rdf
sweet.relch	rdf
sweet.relch	owl
sweet.relch	dcterms
sweet.relch	sweet
sweet.relch	xsd
sweet.relch	rdfs
sweet.relcl	owl
sweet.relcl	dcterms
sweet.relcl	sweet
sweet.relcl	rdfs
sweet.relcl	rdf
sweet.relh	rdf
sweet.relh	owl
sweet.relh	dcterms
sweet.relh	sweet
sweet.relh	xsd
sweet.relh	rdfs
sweet.relm	rdf
sweet.relm	owl
sweet.relm	dcterms
sweet.relm	sweet
sweet.relm	xsd
sweet.relm	rdfs
sweet.relph	owl
sweet.relph	dcterms
sweet.relph	sweet
sweet.relph	xsd
sweet.relph	rdfs
sweet.relph	rdf
sweet.relpr	owl
sweet.relpr	dcterms
sweet.relpr	sweet
sweet.relpr	rdfs
sweet.relpr	rdf
sweet.relsc	owl
sweet.relsc	dcterms
sweet.relsc	sweet
sweet.relsc	xsd
sweet.relsc	rdfs
sweet.relsc	rdf
sweet.relsp	owl
sweet.relsp	dcterms
sweet.relsp	sweet
sweet.relsp	xsd
sweet.relsp	rdfs
sweet.relsp	rdf
sweet.relt	time
sweet.relt	owl
sweet.relt	dcterms
sweet.relt	sweet
sweet.relt	rdfs
sweet.relt	rdf
sweet.rep	owl
sweet.rep	dcterms
sweet.rep	sweet
sweet.rep	rdfs
sweet.rep	rdf
sweet.repdf	rdf
sweet.repdf	owl
sweet.repdf	dcterms
sweet.repdf	sweet
sweet.repdf	rdfs
sweet.repdm	owl
sweet.repdm	dcterms
sweet.repdm	sweet
sweet.repdm	rdfs
sweet.repdm	rdf
sweet.repdp	rdf
sweet.repdp	owl
sweet.repdp	dcterms
sweet.repdp	sweet
sweet.repdp	rdfs
sweet.repds	owl
sweet.repds	dcterms
sweet.repds	sweet
sweet.repds	rdfs
sweet.repds	rdf
sweet.repdsa	rdf
sweet.repdsa	owl
sweet.repdsa	dcterms
sweet.repdsa	sweet
sweet.repdsa	rdfs
sweet.repdsg	owl
sweet.repdsg	dcterms
sweet.repdsg	sweet
sweet.repdsg	rdfs
sweet.repdsg	rdf
sweet.repdsr	rdf
sweet.repdsr	owl
sweet.repdsr	dcterms
sweet.repdsr	sweet
sweet.repdsr	rdfs
sweet.repdsv	owl
sweet.repdsv	dcterms
sweet.repdsv	sweet
sweet.repdsv	rdfs
sweet.repdsv	rdf
sweet.repm	owl
sweet.repm	dcterms
sweet.repm	sweet
sweet.repm	rdfs
sweet.repm	rdf
sweet.repmf	owl
sweet.repmf	dcterms
sweet.repmf	sweet
sweet.repmf	rdfs
sweet.repmf	rdf
sweet.repmfo	rdf
sweet.repmfo	owl
sweet.repmfo	dcterms
sweet.repmfo	sweet
sweet.repmfo	rdfs
sweet.repmg	rdf
sweet.repmg	owl
sweet.repmg	dcterms
sweet.repmg	sweet
sweet.repmg	rdfs
sweet.repmo	owl
sweet.repmo	dcterms
sweet.repmo	sweet
sweet.repmo	rdfs
sweet.repmo	rdf
sweet.repmso	rdf
sweet.repmso	owl
sweet.repmso	dcterms
sweet.repmso	sweet
sweet.repmso	rdfs
sweet.repmst	owl
sweet.repmst	dcterms
sweet.repmst	sweet
sweet.repmst	rdfs
sweet.repmst	rdf
sweet.reps	rdf
sweet.reps	owl
sweet.reps	dcterms
sweet.reps	sweet
sweet.reps	rdfs
sweet.repsc	owl
sweet.repsc	dcterms
sweet.repsc	sweet
sweet.repsc	rdfs
sweet.repsc	rdf
sweet.repscd	owl
sweet.repscd	dcterms
sweet.repscd	sweet
sweet.repscd	rdfs
sweet.repscd	rdf
sweet.repsd	rdf
sweet.repsd	owl
sweet.repsd	dcterms
sweet.repsd	sweet
sweet.repsd	rdfs
sweet.repsf	owl
sweet.repsf	dcterms
sweet.repsf	sweet
sweet.repsf	rdfs
sweet.repsf	rdf
sweet.repsg	owl
sweet.repsg	dcterms
sweet.repsg	sweet
sweet.repsg	rdfs
sweet.repsg	rdf
sweet.repsg3	owl
sweet.repsg3	dcterms
sweet.repsg3	sweet
sweet.repsg3	rdfs
sweet.repsg3	rdf
sweet.repsl	owl
sweet.repsl	dcterms
sweet.repsl	sweet
sweet.repsl	rdfs
sweet.repsl	rdf
sweet.repsme	owl
sweet.repsme	dcterms
sweet.repsme	sweet
sweet.repsme	rdfs
sweet.repsme	rdf
sweet.repsmo	rdf
sweet.repsmo	owl
sweet.repsmo	dcterms
sweet.repsmo	orcid
sweet.repsmo	sweet
sweet.repsmo	xsd
sweet.repsmo	rdfs
sweet.repsp	rdf
sweet.repsp	owl
sweet.repsp	dcterms
sweet.repsp	sweet
sweet.repsp	rdfs
sweet.repsrs	rdf
sweet.repsrs	owl
sweet.repsrs	dcterms
sweet.repsrs	sweet
sweet.repsrs	rdfs
sweet.repsu	rdf
sweet.repsu	qudt
sweet.repsu	owl
sweet.repsu	dcterms
sweet.repsu	orcid
sweet.repsu	skos
sweet.repsu	sweet
sweet.repsu	rdfs
sweet.rept	time
sweet.rept	owl
sweet.rept	dcterms
sweet.rept	sweet
sweet.rept	rdfs
sweet.rept	rdf
sweet.reptd	rdf
sweet.reptd	time
sweet.reptd	owl
sweet.reptd	dcterms
sweet.reptd	sweet
sweet.reptd	rdfs
sweet.repts	rdf
sweet.repts	time
sweet.repts	owl
sweet.repts	dcterms
sweet.repts	sweet
sweet.repts	rdfs
sweet.st	rdf
sweet.st	owl
sweet.st	dcterms
sweet.st	sweet
sweet.st	rdfs
sweet.stb	rdf
sweet.stb	owl
sweet.stb	dcterms
sweet.stb	sweet
sweet.stb	rdfs
sweet.stc	owl
sweet.stc	dcterms
sweet.stc	sweet
sweet.stc	rdfs
sweet.stc	rdf
sweet.stdp	owl
sweet.stdp	dcterms
sweet.stdp	sweet
sweet.stdp	rdfs
sweet.stdp	rdf
sweet.stef	rdf
sweet.stef	owl
sweet.stef	dcterms
sweet.stef	sweet
sweet.stef	rdfs
sweet.stf	rdf
sweet.stf	owl
sweet.stf	dcterms
sweet.stf	sweet
sweet.stf	rdfs
sweet.sto	rdf
sweet.sto	owl
sweet.sto	dcterms
sweet.sto	sweet
sweet.sto	rdfs
sweet.stp	rdf
sweet.stp	owl
sweet.stp	dcterms
sweet.stp	sweet
sweet.stp	rdfs
sweet.strb	rdf
sweet.strb	owl
sweet.strb	dcterms
sweet.strb	sweet
sweet.strb	rdfs
sweet.strc	owl
sweet.strc	dcterms
sweet.strc	sweet
sweet.strc	rdfs
sweet.strc	rdf
sweet.stre	owl
sweet.stre	dcterms
sweet.stre	sweet
sweet.stre	rdfs
sweet.stre	rdf
sweet.strg	rdf
sweet.strg	owl
sweet.strg	dcterms
sweet.strg	sweet
sweet.strg	rdfs
sweet.stri	rdf
sweet.stri	owl
sweet.stri	dcterms
sweet.stri	sweet
sweet.stri	rdfs
sweet.stro	rdf
sweet.stro	owl
sweet.stro	dcterms
sweet.stro	sweet
sweet.stro	rdfs
sweet.strr	owl
sweet.strr	dcterms
sweet.strr	sweet
sweet.strr	rdfs
sweet.strr	rdf
sweet.strt	rdf
sweet.strt	owl
sweet.strt	dcterms
sweet.strt	sweet
sweet.strt	rdfs
sweet.stsb	rdf
sweet.stsb	owl
sweet.stsb	dcterms
sweet.stsb	sweet
sweet.stsb	rdfs
sweet.stsc	rdf
sweet.stsc	owl
sweet.stsc	dcterms
sweet.stsc	sweet
sweet.stsc	rdfs
sweet.stsl	rdf
sweet.stsl	owl
sweet.stsl	dcterms
sweet.stsl	sweet
sweet.stsl	rdfs
sweet.stso	rdf
sweet.stso	owl
sweet.stso	dcterms
sweet.stso	sweet
sweet.stso	rdfs
sweet.stsp	rdf
sweet.stsp	owl
sweet.stsp	dcterms
sweet.stsp	sweet
sweet.stsp	rdfs
sweet.stss	rdf
sweet.stss	owl
sweet.stss	dcterms
sweet.stss	sweet
sweet.stss	rdfs
sweet.stst	rdf
sweet.stst	owl
sweet.stst	dcterms
sweet.stst	sweet
sweet.stst	rdfs
sweet.stsy	rdf
sweet.stsy	owl
sweet.stsy	dcterms
sweet.stsy	sweet
sweet.stsy	rdfs
sweet.sttc	owl
sweet.sttc	dcterms
sweet.sttc	sweet
sweet.sttc	rdfs
sweet.sttc	rdf
sweet.sttf	rdf
sweet.sttf	owl
sweet.sttf	dcterms
sweet.sttf	sweet
sweet.sttf	rdfs
sweet.sttg	time
sweet.sttg	owl
sweet.sttg	dcterms
sweet.sttg	sweet
sweet.sttg	rdfs
sweet.sttg	rdf
sweet.stth	rdf
sweet.stth	owl
sweet.stth	dcterms
sweet.stth	sweet
sweet.stth	rdfs
sweet.stti	owl
sweet.stti	dcterms
sweet.stti	sweet
sweet.stti	rdfs
sweet.stti	rdf
sweet.stv	rdf
sweet.stv	owl
sweet.stv	dcterms
sweet.stv	sweet
sweet.stv	rdfs
swo	eco
swo	go
swo	github
swo	pubmed
swo	pato
swo	ncbitaxon
swo	foaf
swo	bfo
swo	obo
swo	iao
swo	apollosv
swo	swrl
swo	edam.operation
swo	wikipedia.en
swo	uo
swo	xsd
swo	rdf
swo	rdfs
swo	ro
swo	ontodm
swo	swrla
swo	owl
swo	orcid
swo	obi
swo	skos
swo	omo
swo	dc
swo	edam
swo	edam.data
swo	dcterms
swo	protege
swo	efo
swo	oboinowl
swo	edam.format
swrla	rdf
swrla	swrl
swrla	owl
swrla	swrlb
swrla	xsd
swrla	rdfs
symp	obo
symp	dc
symp	iao
symp	rdf
symp	owl
symp	dcterms
symp	oboinowl
symp	rdfs
t4fs	obo
t4fs	ro
t4fs	dc
t4fs	iao
t4fs	rdf
t4fs	swrl
t4fs	owl
t4fs	dcterms
t4fs	xsd
t4fs	orcid
t4fs	foaf
t4fs	protege
t4fs	oboinowl
t4fs	omo
t4fs	rdfs
t4fs	bfo
tads	obo
tads	iao
tads	bioportal
tads	rdf
tads	owl
tads	skos
tads	oboinowl
tads	rdfs
tao	obo
tao	ro
tao	iao
tao	cl
tao	go
tao	owl
tao	vsao
tao	pato
tao	oboinowl
tao	caro
tao	rdfs
tao	rdf
tao	bfo
taxrank	obo
taxrank	iao
taxrank	rdf
taxrank	owl
taxrank	dcterms
taxrank	orcid
taxrank	oboinowl
taxrank	rdfs
tdwg.abcd	dc
tdwg.abcd	wgs84
tdwg.abcd	rdf
tdwg.abcd	vcard
tdwg.abcd	owl
tdwg.abcd	dcterms
tdwg.abcd	oa
tdwg.abcd	skos
tdwg.abcd	vann
tdwg.abcd	foaf
tdwg.abcd	geonames.ontology
tdwg.abcd	xsd
tdwg.abcd	dwc
tdwg.abcd	rdfs
tdwg.format	dc
tdwg.format	grid
tdwg.format	dcterms
tdwg.format	foaf
tdwg.format	rdfs
tdwg.format	dwc
tdwg.format	rdf
tdwg.taxonrank	dc
tdwg.taxonrank	owl
tdwg.taxonrank	dcterms
tdwg.taxonrank	rdfs
tdwg.taxonrank	rdf
tdwg.vms	dc
tdwg.vms	rdf
tdwg.vms	orcid
tdwg.vms	dcterms
tdwg.vms	owl
tdwg.vms	foaf
tdwg.vms	rdfs
tgemo	mondo
tgemo	geno
tgemo	so
tgemo	ncbitaxon
tgemo	bcgo
tgemo	bfo
tgemo	obo
tgemo	iao
tgemo	ecto
tgemo	clo
tgemo	exo
tgemo	rdf
tgemo	rdfs
tgemo	ro
tgemo	owl
tgemo	mesh
tgemo	hancestro
tgemo	dc
tgemo	chebi
tgemo	efo
tgemo	oboinowl
tgemo	uberon
tgma	obo
tgma	iao
tgma	bioportal
tgma	owl
tgma	skos
tgma	oboinowl
tgma	rdfs
tgma	rdf
tib.ac	dc
tib.ac	schema
tib.ac	cc.legacy
tib.ac	owl
tib.ac	dcterms
tib.ac	xsd
tib.ac	vann
tib.ac	frbr
tib.ac	rdfs
tib.ac	foaf
tib.ac	rdf
tib.dot	schema
tib.dot	researchgate.profile
tib.dot	rdf
tib.dot	owl
tib.dot	dcterms
tib.dot	voaf
tib.dot	vann
tib.dot	bot
tib.dot	xsd
tib.dot	rdfs
tib.dot	foaf
tib.dr	schema
tib.dr	foaf
tib.dr	sosa
tib.dr	swrl
tib.dr	ssn.system
tib.dr	xsd
tib.dr	rdf
tib.dr	rdfs
tib.dr	dcmitype
tib.dr	owl
tib.dr	orcid
tib.dr	skos
tib.dr	vann
tib.dr	dc
tib.dr	time
tib.dr	dcterms
tib.dr	voaf
tib.dr	org
tib.dr	ssn
tib.fto	rdf
tib.fto	owl
tib.fto	xsd
tib.fto	rdfs
tib.gpo	owl
tib.gpo	dcterms
tib.gpo	skos
tib.gpo	atomistic
tib.gpo	rdfs
tib.gpo	rdf
tib.hpont	dc
tib.hpont	rdf
tib.hpont	owl
tib.hpont	dcterms
tib.hpont	vs
tib.hpont	cc
tib.hpont	voaf
tib.hpont	vann
tib.hpont	bibo
tib.hpont	xsd
tib.hpont	rdfs
tib.ioc	schema
tib.ioc	rdf
tib.ioc	vcard
tib.ioc	owl
tib.ioc	dcterms
tib.ioc	xsd
tib.ioc	tib.ifc
tib.ioc	vann
tib.ioc	bot
tib.ioc	prov
tib.ioc	rdfs
tib.linsearch	iao
tib.linsearch	owl
tib.linsearch	dcterms
tib.linsearch	skos
tib.linsearch	rdfs
tib.linsearch	rdf
tib.mat	dc
tib.mat	rdf
tib.mat	saref
tib.mat	owl
tib.mat	vann
tib.mat	building
tib.mat	xsd
tib.mat	rdfs
tib.mdo	owl
tib.mdo	dcterms
tib.mdo	vann
tib.mdo	rdfs
tib.mdo	rdf
tib.meth	schema
tib.meth	rdf
tib.meth	bodc.sdn
tib.meth	owl
tib.meth	dcterms
tib.meth	orcid
tib.meth	skos
tib.meth	doi
tib.meth	rdfs
tib.ofm	rdf
tib.ofm	owl
tib.ofm	xsd
tib.ofm	rdfs
tib.re	rdf
tib.re	owl
tib.re	skos
tib.re	rdfs
tib.sto	ieee.document
tib.sto	github
tib.sto	foaf
tib.sto	dbpedia.resource
tib.sto	om
tib.sto	linkedin
tib.sto	wikipedia.en
tib.sto	arxiv
tib.sto	xsd
tib.sto	rdf
tib.sto	rdfs
tib.sto	owl
tib.sto	dbo
tib.sto	skos
tib.sto	vann
tib.sto	wikidata
tib.sto	prov
tib.sto	dc
tib.sto	deo
tib.sto	dbpedia.property
tib.sto	doap
tib.sto	dcterms
tib.sto	cc
tib.sto	doi
tib.tso	rdf
tib.tso	owl
tib.tso	dcterms
tib.tso	vann
tib.tso	doi
tib.tso	rdfs
time	obo
time	oboinowl
time	rdf
time	owl
tno.interconnect.building	dc
tno.interconnect.building	wgs84
tno.interconnect.building	rdf
tno.interconnect.building	geosparql
tno.interconnect.building	owl
tno.interconnect.building	saref.building
tno.interconnect.building	rdfs
tno.interconnect.device	rdf
tno.interconnect.device	saref
tno.interconnect.device	time
tno.interconnect.device	owl
tno.interconnect.device	saref.ener
tno.interconnect.device	xsd
tno.interconnect.device	rdfs
tno.interconnect.forecast	dc
tno.interconnect.forecast	om
tno.interconnect.forecast	wgs84
tno.interconnect.forecast	rdf
tno.interconnect.forecast	time
tno.interconnect.forecast	owl
tno.interconnect.forecast	linkedin
tno.interconnect.forecast	saref.building
tno.interconnect.forecast	rdfs
tno.interconnect.incentive	xsd
tno.interconnect.incentive	rdfs
tno.interconnect.incentive	owl
tno.interconnect.incentive	rdf
tno.interconnect.powerlimit	rdf
tno.interconnect.powerlimit	saref
tno.interconnect.powerlimit	owl
tno.interconnect.powerlimit	time
tno.interconnect.powerlimit	xsd
tno.interconnect.powerlimit	rdfs
tno.interconnect.topology	schema
tno.interconnect.topology	dc
tno.interconnect.topology	wgs84
tno.interconnect.topology	rdf
tno.interconnect.topology	saref
tno.interconnect.topology	owl
tno.interconnect.topology	linkedin
tno.interconnect.topology	geonames.ontology
tno.interconnect.topology	saref.building
tno.interconnect.topology	xsd
tno.interconnect.topology	foaf
tno.interconnect.topology	rdfs
tno.interconnect.units	dc
tno.interconnect.units	om
tno.interconnect.units	rdf
tno.interconnect.units	owl
tno.interconnect.units	rdfs
tno.interconnect.user	wgs84
tno.interconnect.user	rdf
tno.interconnect.user	saref
tno.interconnect.user	owl
tno.interconnect.user	time
tno.interconnect.user	saref.building
tno.interconnect.user	xsd
tno.interconnect.user	foaf
tno.interconnect.user	rdfs
to	obo
to	ro
to	dc
to	iao
to	rdf
to	chebi
to	go
to	owl
to	po
to	ncbitaxon
to	dcterms
to	obi
to	pato
to	oboinowl
to	bfo
to	rdfs
to	uberon
togoid	owl
togoid	dcterms
togoid	rdfs
togoid	rdf
trans	obo
trans	dc
trans	iao
trans	rdf
trans	owl
trans	dcterms
trans	oboinowl
trans	rdfs
tribain	dc
tribain	rdf
tribain	owl
tribain	xsd
tribain	rdfs
tto	obo
tto	taxrank
tto	iao
tto	rdf
tto	owl
tto	oboinowl
tto	rdfs
txpo	goche
txpo	reactome
txpo	envo
txpo	go
txpo	github
txpo	ncit
txpo	so
txpo	pato
txpo	ncbitaxon
txpo	foaf
txpo	bfo
txpo	obo
txpo	ogg
txpo	iao
txpo	clo
txpo	wikipedia.en
txpo	doid
txpo	uo
txpo	umls
txpo	fma
txpo	birnlex
txpo	rdf
txpo	rdfs
txpo	pr
txpo	mp
txpo	ro
txpo	imr
txpo	vo
txpo	snomedct
txpo	owl
txpo	mesh
txpo	obi
txpo	ogms
txpo	skos
txpo	dbo
txpo	nlx.anat
txpo	omiabis
txpo	dc
txpo	ehdaa2
txpo	cl
txpo	hp
txpo	uberon.issue
txpo	chebi
txpo	omit
txpo	neuronames
txpo	ido
txpo	efo
txpo	oboinowl
txpo	uberon
uat	rdf
uat	dcterms
uat	owl
uat	skos
uat	rdfs
uberon	envo
uberon	go
uberon	github
uberon	bspo
uberon	ehdaa
uberon	semapv
uberon	ncit
uberon	so
uberon	pato
uberon	ncbitaxon
uberon	cob
uberon	fovt
uberon	foaf
uberon	ma
uberon	bfo
uberon	obo
uberon	iao
uberon	sssom
uberon	efo
uberon	spd
uberon	swrl
uberon	nbo
uberon	biorxiv
uberon	wikipedia.en
uberon	pav
uberon	fma
uberon	xao
uberon	rdf
uberon	rdfs
uberon	pr
uberon	fbbt
uberon	ro
uberon	aao
uberon	tgma
uberon	owl
uberon	orcid
uberon	mesh
uberon	fbcv
uberon	dbo
uberon	vsao
uberon	zfa
uberon	vhog
uberon	gorel
uberon	oba
uberon	wikidata
uberon	bto
uberon	omo
uberon	hao
uberon	emapa
uberon	dc
uberon	ncbigene
uberon	ehdaa2
uberon	cl
uberon	clm
uberon	uberon.issue
uberon	dbpedia.property
uberon	tads
uberon	chebi
uberon	doap
uberon	dcterms
uberon	wbbt
uberon	doi
uberon	aeo
uberon	oboinowl
uberon	caro
uberon	mat
uberon	bila
ui	dc
ui	rdf
ui	owl
ui	xsd
ui	rdfs
unimod	obo
unimod	iao
unimod	rdf
unimod	owl
unimod	oboinowl
unimod	rdfs
uniprot.core	dbpedia.resource
uniprot.core	uniprot.location
uniprot.core	rdf
uniprot.core	ncbibook
uniprot.core	go
uniprot.core	uniref
uniprot.core	owl
uniprot.core	dcterms
uniprot.core	uniprot.disease
uniprot.core	bibo
uniprot.core	skos
uniprot.core	vann
uniprot.core	faldo
uniprot.core	uniprot
uniprot.core	xsd
uniprot.core	foaf
uniprot.core	rdfs
uniprot.disease	obo
uniprot.disease	iao
uniprot.disease	rdf
uniprot.disease	owl
uniprot.disease	oboinowl
uniprot.disease	rdfs
uniprot.location	obo
uniprot.location	iao
uniprot.location	rdf
uniprot.location	owl
uniprot.location	oboinowl
uniprot.location	rdfs
uniprot.ptm	unimod
uniprot.ptm	rdf
uniprot.ptm	chebi
uniprot.ptm	doap
uniprot.ptm	owl
uniprot.ptm	resid
uniprot.ptm	dcterms
uniprot.ptm	orcid
uniprot.ptm	oboinowl
uniprot.ptm	foaf
uniprot.ptm	rdfs
uniprot.ptm	mod
uo	obo
uo	dc
uo	iao
uo	rdf
uo	owl
uo	dcterms
uo	oboinowl
uo	rdfs
upa	obo
upa	ro
upa	dc
upa	iao
upa	eco
upa	swrla
upa	swrl
upa	go
upa	github
upa	pubmed
upa	owl
upa	wikipedia.en
upa	oboinowl
upa	rdfs
upa	foaf
upa	rdf
upa	bfo
upheno	go
upheno	github
upheno	bspo
upheno	pubmed
upheno	semapv
upheno	wbphenotype
upheno	hsapdv
upheno	mpath
upheno	pato
upheno	ncbitaxon
upheno	foaf
upheno	bfo
upheno	obo
upheno	iao
upheno	sssom
upheno	nbo
upheno	biorxiv
upheno	wikipedia.en
upheno	fypo
upheno	emedicine
upheno	rdf
upheno	rdfs
upheno	uberon
upheno	pr
upheno	ro
upheno	ncbibook
upheno	ddpheno
upheno	owl
upheno	orcid
upheno	fbcv
upheno	apo
upheno	skos
upheno	oba
upheno	medgen
upheno	gorel
upheno	wikidata
upheno	wiktionary
upheno	omo
upheno	dc
upheno	cl
upheno	phipo
upheno	hp
upheno	xpo
upheno	sigmaaldrich
upheno	chebi
upheno	zp
upheno	dcterms
upheno	pmc
upheno	doi
upheno	oboinowl
upheno	planp
upheno	mp
valuesets	schema
valuesets	eco
valuesets	envo
valuesets	github
valuesets	iana.mediatype
valuesets	cio
valuesets	pubmed
valuesets	proco
valuesets	ncbitaxon
valuesets	enm
valuesets	iao
valuesets	ms
valuesets	msio
valuesets	bibo
valuesets	exo
valuesets	chmo
valuesets	sweet
valuesets	ncbibook
valuesets	snomedct
valuesets	skos
valuesets	prov
valuesets	pride
valuesets	loc.preservation
valuesets	edam
valuesets	hp
valuesets	sh
valuesets	loc.relator
valuesets	hl7.v2codesystem
valuesets	uberon
valuesets	duo
valuesets	sio
valuesets	mi
valuesets	bao
valuesets	mfoem
valuesets	credit
valuesets	obo
valuesets	ecto
valuesets	foodon
valuesets	metpo
valuesets	uo
valuesets	rdf
valuesets	fhir.implementation
valuesets	loc.countries
valuesets	mesh
valuesets	ecocore
valuesets	edam.data
valuesets	fbbi
valuesets	mmusdv
valuesets	gainesville.core
valuesets	edam.topic
valuesets	go
valuesets	bspo
valuesets	po
valuesets	fabio
valuesets	ncit
valuesets	so
valuesets	pato
valuesets	loinc
valuesets	brick
valuesets	daml.pt
valuesets	taxrank
valuesets	rxno
valuesets	mmo
valuesets	spdx
valuesets	rdfs
valuesets	ro
valuesets	obcs
valuesets	orcid
valuesets	obi
valuesets	linkml
valuesets	uniprot.proteome
valuesets	mop
valuesets	hl7.v3codesystem
valuesets	time
valuesets	ror
valuesets	edam.format
valuesets	hsapdv
valuesets	geno
valuesets	cob
valuesets	opmi
valuesets	ec
valuesets	swo
valuesets	gsso
valuesets	peco
valuesets	xsd
valuesets	dcmitype
valuesets	afo
valuesets	stato
valuesets	vo
valuesets	sbo
valuesets	owl
valuesets	adms
valuesets	wikidata
valuesets	chebi
valuesets	cito
valuesets	dcterms
valuesets	efo
valuesets	agro
valuesets	micro
valuesets	mod
vandf	bioportal
vandf	sty
vandf	owl
vandf	dcterms
vandf	skos
vandf	rdfs
vandf	rdf
vann	dcmitype
vann	cc.legacy
vann	rdf
vann	owl
vann	dcterms
vann	foaf
vann	rdfs
vario	obo
vario	iao
vario	rdf
vario	owl
vario	oboinowl
vario	rdfs
vbo	iao.issue
vbo	envo
vbo	github
vbo	go
vbo	pubmed
vbo	wwf.ecoregion
vbo	isrctn
vbo	cob
vbo	pato
vbo	ncbitaxon
vbo	foaf
vbo	bfo
vbo	obo
vbo	iao
vbo	swrl
vbo	wikipedia.en
vbo	xsd
vbo	rdf
vbo	rdfs
vbo	pr
vbo	ro
vbo	swrla
vbo	owl
vbo	orcid
vbo	skos
vbo	wikidata
vbo	omo
vbo	dc
vbo	cl
vbo	chebi
vbo	dcterms
vbo	protege
vbo	oboinowl
vbo	uberon
vcard	rdf
vcard	owl
vcard	xsd
vcard	rdfs
vibso	schema
vibso	iao.issue
vibso	github
vibso	pubmed
vibso	isrctn
vibso	pato
vibso	ncbitaxon
vibso	foaf
vibso	obo
vibso	bfo
vibso	iao
vibso	foodon
vibso	wikipedia.en
vibso	chmo
vibso	uo
vibso	xsd
vibso	rdf
vibso	rdfs
vibso	ro
vibso	stato
vibso	owl
vibso	orcid
vibso	obi
vibso	wikidata
vibso	omo
vibso	dc
vibso	chebi
vibso	doap
vibso	dcterms
vibso	ror
vibso	protege
vibso	oboinowl
vido	obo
vido	oboinowl
vido	rdf
vido	owl
vitro	rdfs
vitro	rdf
vitro	owl
vivo	c4o
vivo	vcard
vivo	github
vivo	fabio
vivo	foaf
vivo	bfo
vivo	obo
vivo	iao
vivo	vitro
vivo	bibo
vivo	swo
vivo	uo
vivo	ero
vivo	spdx
vivo	xsd
vivo	rdfs
vivo	rdf
vivo	ro
vivo	owl
vivo	obi
vivo	skos
vivo	vann
vivo	wikidata
vivo	doap
vivo	cito
vivo	vs
vivo	dcterms
vivo	oboinowl
vo	iao.issue
vo	github
vo	go
vo	pubmed
vo	mondo
vo	ncit
vo	isrctn
vo	pato
vo	ncbitaxon
vo	oae
vo	foaf
vo	bfo
vo	obo
vo	opmi
vo	iao
vo	ogg
vo	swrl
vo	wikipedia.en
vo	doid
vo	fma
vo	xsd
vo	rdf
vo	rdfs
vo	pr
vo	ro
vo	owl
vo	orcid
vo	obi
vo	ogms
vo	skos
vo	opl
vo	omo
vo	emapa
vo	dc
vo	cl
vo	chebi
vo	dcterms
vo	ido
vo	protege
vo	oboinowl
vo	uberon
voaf	dbpedia.resource
voaf	rdf
voaf	owl
voaf	vs
voaf	dcterms
voaf	xsd
voaf	cc
voaf	vann
voaf	frbr
voaf	foaf
voaf	rdfs
voaf	void
voaf	ical
vs	dc
vs	rdf
vs	owl
vs	vann
vs	xsd
vs	rdfs
vsao	obo
vsao	ro
vsao	iao
vsao	cl
vsao	go
vsao	owl
vsao	pato
vsao	oboinowl
vsao	caro
vsao	rdfs
vsao	rdf
vsao	bfo
vsmo	obo
vsmo	iao
vsmo	rdf
vsmo	chebi
vsmo	vo
vsmo	go
vsmo	owl
vsmo	obi
vsmo	ido
vsmo	pato
vsmo	oboinowl
vsmo	idomal
vsmo	miro
vsmo	rdfs
vssocore	rdf
vssocore	owl
vssocore	dcterms
vssocore	skos
vssocore	vann
vssocore	xsd
vssocore	rdfs
vt	obo
vt	dc
vt	iao
vt	owl
vt	dcterms
vt	orcid
vt	oboinowl
vt	rdfs
vt	rdf
vto	obo
vto	taxrank
vto	tto
vto	iao
vto	dc
vto	owl
vto	ato
vto	dcterms
vto	oboinowl
vto	rdfs
vto	rdf
wbbt	eco
wbbt	envo
wbbt	go
wbbt	github
wbbt	pubmed
wbbt	wwf.ecoregion
wbbt	pato
wbbt	ncbitaxon
wbbt	bfo
wbbt	obo
wbbt	iao
wbbt	swrl
wbbt	wikipedia.en
wbbt	xsd
wbbt	rdf
wbbt	rdfs
wbbt	ro
wbbt	swrla
wbbt	owl
wbbt	orcid
wbbt	skos
wbbt	wikidata
wbbt	dc
wbbt	dcterms
wbbt	oboinowl
wbbt	uberon
wbls	envo
wbls	go
wbls	wwf.ecoregion
wbls	pato
wbls	bfo
wbls	obo
wbls	iao
wbls	swrl
wbls	rdf
wbls	rdfs
wbls	ro
wbls	owl
wbls	orcid
wbls	wikidata
wbls	dc
wbls	dcterms
wbls	oboinowl
wbls	uberon
wbphenotype	envo
wbphenotype	go
wbphenotype	wwf.ecoregion
wbphenotype	pato
wbphenotype	ncbitaxon
wbphenotype	bfo
wbphenotype	obo
wbphenotype	iao
wbphenotype	swrl
wbphenotype	rdfs
wbphenotype	rdf
wbphenotype	ro
wbphenotype	wbls
wbphenotype	owl
wbphenotype	orcid
wbphenotype	wikidata
wbphenotype	omo
wbphenotype	dc
wbphenotype	cl
wbphenotype	chebi
wbphenotype	dcterms
wbphenotype	wbbt
wbphenotype	oboinowl
wbphenotype	caro
wbphenotype	uberon
wikibase	rdf
wikibase	owl
wikibase	cc
wikibase	xsd
wikibase	rdfs
wikipathways	ro
wikipathways	ncbigene
wikipathways	iao
wikipathways	cl
wikipathways	doap
wikipathways	owl
wikipathways	pw
wikipathways	dcterms
wikipathways	orcid
wikipathways	doid
wikipathways	ncbitaxon
wikipathways	oboinowl
wikipathways	rdfs
wikipathways	foaf
wikipathways	rdf
wikipathways.type	iao
wikipathways.type	owl
wikipathways.type	dcterms
wikipathways.type	skos
wikipathways.type	rdfs
wikipathways.type	rdf
wikipathways.type	xhv
wikipathways.vocab	iao
wikipathways.vocab	owl
wikipathways.vocab	dcterms
wikipathways.vocab	skos
wikipathways.vocab	wikipathways.type
wikipathways.vocab	xhv
wikipathways.vocab	xsd
wikipathways.vocab	rdfs
wikipathways.vocab	rdf
wikipathways.vocab	void
wlmo	schema
wlmo	rdf
wlmo	oa
wlmo	owl
wlmo	pav
wlmo	dcterms
wlmo	skos
wlmo	linkml
wlmo	xsd
wlmo	rdfs
woc.ontology	rdf
woc.ontology	owl
woc.ontology	xsd
woc.ontology	rdfs
woc.ontology	xkos
worldavatar.compchem	dc
worldavatar.compchem	gainesville.core
worldavatar.compchem	rdf
worldavatar.compchem	owl
worldavatar.compchem	dcterms
worldavatar.compchem	sh
worldavatar.compchem	xsd
worldavatar.compchem	rdfs
worldavatar.kin	dc
worldavatar.kin	rdf
worldavatar.kin	geosparql
worldavatar.kin	worldavatar.species
worldavatar.kin	owl
worldavatar.kin	bibo
worldavatar.kin	dcterms
worldavatar.kin	xsd
worldavatar.kin	foaf
worldavatar.kin	rdfs
worldavatar.species	dc
worldavatar.species	gainesville.core
worldavatar.species	rdf
worldavatar.species	worldavatar.kin
worldavatar.species	owl
worldavatar.species	skos
worldavatar.species	xsd
worldavatar.species	rdfs
worldavatar.species	daml.pt
wot.td	schema
wot.td	dc
wot.td	wot.hypermedia
wot.td	owl
wot.td	dcterms
wot.td	vann
wot.td	rdfs
wot.td	rdf
xao	obo
xao	ro
xao	dc
xao	iao
xao	rdf
xao	owl
xao	dcterms
xao	oboinowl
xao	omo
xao	rdfs
xao	bfo
xco	obo
xco	ro
xco	iao
xco	rdf
xco	chebi
xco	owl
xco	mesh
xco	oboinowl
xco	rdfs
xco	bfo
xlmod	obo
xlmod	iao
xlmod	rdf
xlmod	owl
xlmod	oboinowl
xlmod	rdfs
xpo	eco
xpo	envo
xpo	go
xpo	github
xpo	bspo
xpo	pubmed
xpo	wwf.ecoregion
xpo	so
xpo	pato
xpo	ncbitaxon
xpo	cob
xpo	foaf
xpo	bfo
xpo	obo
xpo	iao
xpo	swrl
xpo	nbo
xpo	wikipedia.en
xpo	xao
xpo	xsd
xpo	rdfs
xpo	rdf
xpo	pr
xpo	ro
xpo	swrla
xpo	owl
xpo	orcid
xpo	obi
xpo	skos
xpo	gorel
xpo	wikidata
xpo	omo
xpo	dc
xpo	cl
xpo	clm
xpo	chebi
xpo	dcterms
xpo	protege
xpo	oboinowl
xpo	uberon
zeco	obo
zeco	ro
zeco	dc
zeco	iao
zeco	rdf
zeco	owl
zeco	dcterms
zeco	oboinowl
zeco	rdfs
zeco	bfo
zfa	obo
zfa	ro
zfa	iao
zfa	owl
zfa	dcterms
zfa	zfs
zfa	oboinowl
zfa	rdfs
zfa	omo
zfa	rdf
zfa	bfo
zfs	obo
zfs	ro
zfs	iao
zfs	owl
zfs	dcterms
zfs	zfa
zfs	oboinowl
zfs	rdfs
zfs	omo
zfs	rdf
zfs	bfo
zp	go
zp	github
zp	bspo
zp	mpath
zp	pato
zp	bfo
zp	obo
zp	iao
zp	swrl
zp	zfs
zp	rdf
zp	rdfs
zp	ro
zp	owl
zp	zfa
zp	dc
zp	chebi
zp	dcterms
zp	oboinowl
zp	caro
