classifier	mcc	auc_roc
rf	0.872	0.991
lr	0.758	0.985
dt	0.799	0.885
svc	0.855	0.988
svm	0.791	0.987
meta_classifier	0.8432725269195993	0.990910370387746
