prefix	name	homepage	description
ABA-AMB			
ABD			Associations of Relevant Diseases for Biosurveillance
ACESO			
ACGT-MO	ACGT Master Ontology		
ACVD_ONTOLOGY			
AD-CDO			
AD-DROP	Alzheimer Disease Relevance Ontology by Process		
ADAR	Basic Formal Ontology (BFO)		"This autism ontology extends the BIRNLex ontology and has the following  components: (1) that can be imported from various NDAR instruments (2) sample definitions of assessment abstractions based the  surveyed literature, and (3) sample definitions based on DSM IV concepts. We've added ""delay"" and ""impaired"" as direct children of specifically_dependent_continuant because they are used to define autism dispositions. (The BFO ""quality"" and ""realizable_entity"" (of which disposition is a subclass) are disjoint."
ADHER_INTCARE_EN			
ADHER_INTCARE_SP			
ADICAP			
ADMO			Alzheimer Disease Map Ontology - ADMO 1. Copyright of ontology The ontology was created jointly by the Aramis project-team (Inria, CNRS, Inserm, Sorbonne University, Institut du Cerveau et de la Moelle épinière) and the DYLISS project-team (Inria, CNRS, University of Rennes 1). The copyright of the ontology ADMO is owned by Inria, CNRS, Inserm, Sorbonne University, Institut du Cerveau et de la Moelle épinière and University of Rennes 1. 2. License terms The ontology ADMO is licensed under the Creative Commons Attribution 4.0 Unported (CC BY 4.0) license. To view a copy of this license, visit http://creativecommons.org/licenses/by/4.0/ or send a letter to Creative Commons, 444 Castro Street, Suite 900, Mountain View, California, 94041, USA. 3. Contact For questions and remarks concerning ADMO: Vincent Henry vincent.henry[at]inria.fr Olivier Colliot olivier.colliot[at]sorbonne-universite.fr
AGROCYMAC			
AGROMOP			
AHSO	Animal Health Surveillance Ontology		An ontology to support the use of animal health data for data-driven surveillance ontology. Mode details at http://datadrivensurveillance.org.
AI	Artificial Intelligence Ontology		This ontology models classes and relationships describing deep learning networks, their component layers and activation functions, as well as potential biases.
AI-RHEUM	AIR		RDF Version of the UMLS ontology AIR; converted with the UMLS2RDF tool (https://github.com/ncbo/umls2rdf), developed by the NCBO project.
AIDENTIFYAGE			The AIdentifyAGE ontology provides a comprehensive vocabulary description for forensic age assessment using dental biological markers, promoting the transparent assessment processes in forensic odontology and age diagnostics. It formalizes expert knowledge according to IOFOS, AGFAD, ABFO, ADA and ISO standards, ensuring semantic interoperability and ethical AI integration. This ontology is a work in progress developed under the AIdentifyAGE project (FCT Grant 2024.07444.IACDC), within the national investment RE-C05-i08 – More Digital Science, measure RE-C05-i08.M04 – Support to R&D projects for advanced cybersecurity, artificial intelligence and data science systems in public administration. This work is being developed in collaboration with researchers from the University of Lisbon (Portugal), the University of Münster (Germany), and the University of Zagreb (Croatia), within the framework of the AIdentifyAGE international consortium., Base Ontology for use in AIdentifyAGE Project
ALLERGIDOC			
ALLERGYDETECTOR			
ALTPROTON	ALTPRTOTON		The present study received funding from the EU Horizon Europe research and innovation program [grant agreement No 101059632, Project GIANT LEAPS].
AMINO-ACID			Amino acids and their properties
AO	Asthma Ontology		The Asthma Ontology (AO) is a biomedical ontology used for modelling asthma-related data in routine clinical databases. The ontology was developed as a part of the MOCHA (Models of Child Health Appraised) project to be used to assist feasilbility of health databases to contribute to asthma studies.
APACOMPUTER			
APADISORDERS			
APAEDUCLUSTER			
APANEUROCLUSTER			
APAOCUEMPLOY			
APASTATISTICAL			
APATANDT			
APATREATMENT			
ARCRC	Arctic Report Card Ontology		Ontology to support NOAA Arctic Report Card essays and their corresponding datasets organized in the Arctic Data Center's data portal (https://arcticdata.io/catalog/portals/reportcard)
ASDF			
ASDPTO			
ASPECT			
ASSAYNODE	Assay node		An ontology about assay nodes
ATOM	Atlas Ontology Model		An ontology model for anatomical atlases.
AURA			This work is owned by Vulcan Inc. and is licensed for use under the Creative Commons Attribution-NonCommerical-ShareAlike 3.0 license (http://creativecommons.org/licenses/by-nc-sa/3.0/). Vulcan Inc., June 2013
BAO-GPCR	G Protein-Coupled Receptor (GPCR) BioAssays ontology		Contact: Stephan Schurer: sschurer at med.miami.edu or visit bioassayontology.org
BBO	Biomedical Burden Ontology		The Biomedical Burden Ontology is an ontology of biomedical burdens. It includes support for burden-related entities, such as treatment burden, symptom burden, and burden appraisals.
BCI-O	Brain-Computer Interaction (BCI) Ontology		"The BCI ontology (BCI-O) provides a high level semantic structure specialized metadata vocabulary set for real-world multimodal BCI data capture activities. It defines a minimalist and simple abstract metadata foundational model for real-world BCI applications that monitors human activity in any scenario. BCI multimodal domain applications are encouraged to extend and use this ontology in their implementations. BCI-O was developed following W3C Semantic Web ontology standards and guidelines, so that BCI applications can express reusable, interoperable and extendable machine-readable BCI metadata models, especially in pervasive M2M environments. For this purpose, its design was aligned to the Semantic Sensor Network Ontology (SSN), following closely its Stimulus-Sensor-Observation Ontology Design Pattern. The core set of relevant metadata definitions for real-world BCI activities were taken from different proposed vocabularies and formats in the BCI domain, such as: XDF, ESS and HED. BCI-O concepts are logically grouped into 11 modules. Each module represents a central topic of the ontology structure where the related concepts give a consistent explanation about its functional data model. The modules are: (*) Subject: concepts related to the depiction of a human being (or human subject) engaging in an activity and its associate state. (*) Context: captures the architectural description of an environment (or context). A human being interacts with a context. (*) Session: represents the interaction between a subject and a context while performing a single activity, under specific settings and conditions. (*) Observations (was SSN-Skeleton): specific concepts for BCI activities aligned to the SOSA/SSN axioms for modeling Observations (the initial alignment was to the Skeleton of [oldSSN]). Metadata related to records, modality types (such as EEG), channeling information, output streams (file formats and access) and stimulus events, are found in this module. (*) Sensors (was SSN-Device): specific related concepts for BCI activities aligned to the SOSA/SSN axioms for modeling Sensors (under Observations) (the initial alignment was to the Device module of [oldSSN]). Metadata related to devices and their channeling specification are found in this module. (*) System Capabilities (was SSN-MeasurementCapability): specific related concepts for BCI activities aligned to the SSN horizontal segmentation module for System Capabilities (the initial alignment was to the Measurement Capability module of [oldSSN]). Metadata related to channels and other measurement properties are found in this module. (*) Results (was SSN-Data): specific related concepts for BCI activities aligned to the SOSA axioms for modeling Results (the initial alignment was to the Data module of [oldSSN]). Metadata related to data blocks, recorded data, and actuation results are defined in this module. (*) data tagging). (*) Actuation: specific related concepts for BCI activities aligned to the SOSA axioms and SAN axioms for modeling Actuations. Similarly as described in [Seydoux2016], this module depicts how a subject can interact with the physical/virtual world (context) in BCI activities. Its main classes, actuator and actuation, are modeled following the Actuation-Actuator-Effect (AAE) design pattern: a core model for the IoT Ontology (IoT-O). (*) Descriptor: a descriptor represent an external resource set that extends the description of entities in the ontology. A descriptor complements the information associated to the relevant metadata set, defined in this ontology. (*) EEG: specific concepts for EEG (Electroencephalography) applications. As one of the ontologies (""concept producers"") that reuse SSN, BCI-O was selected as part of the analysis on the usage of SSN. This spec has been registered in the following open repositories: [<caption>Open Repositories where BCI-O can be accessed</caption> [ [ <th style=""width: 25%; text-align: center; Repository <th style=""width: 50%; text-align: center; Entry <th style=""width: 25%; text-align: center; Description ] ] [ [ [w3id.org github] [https://github.com/perma-id/w3id.org/tree/master/BCI-ontology] [ Permanent URI for the WWW] ] [ [Linked Open Vocabularies] [http://lov.okfn.org/dataset/lov/vocabs/bci] [ LOD community] ] [ [BioPortal] [http://bioportal.bioontology.org/ontologies/BCI-O] [ BioMedical community] ] ] ] Some early BCI-O applications are presented at <a class=""other the end of the spec."
BCS8	AJCC Cancer Staging Ontology - 8th Edition		
BCSR-ONTO	Breast cancer recommendation		This ontology representes the knowledge about existing recommendations of different guidelines elaborated to prevent breast cancer. Guidelines focus on women with intermediate or high risk of contracting breas cancer. The ontology also models results of applying different models to determine iof a given woman has an intermediate or a high risk of contracting the disease. Ie also represents risk factors that models consider to classify a woman into a risk level.
BCTEO			
BCTT			The Behaviour Change Technique Taxonomy
BDO	Bone Dysplasia Ontology		
BE			
BERO	Biological and Environmental Research Ontology		
BHN			Biologie Hors Nomenclature
BHO			
BIBLIOTEK-O	bibliotek-o: a BIBFRAME Ontology Extension		The bibliotek-o ontology extension defines additions and modifications to BIBFRAME and is intended to be used as a supplement to the core BIBFRAME ontology. In addition to the extension specification, bibliotek-o provides a set of recommended fragments from external ontologies and an application profile based on its recommended models and patterns. It is a joint product of the Mellon Foundation-funded Linked Data for Libraries Labs and Linked Data for Production projects. See http://ld4l.org for more information on these projects.
BIFO			
BIOMO			"Direct translation of the BIOM file format to OWL (http://biom-format.org/documentation/format_versions/biom-2.0.html). This ontology offers a general schema for BIOM data. A BIOM table would be an instance of any of the BIOMTable's subclasses. BIOM attributes not mapped directly: - format and format_url, since they would (redundantly) point to this ontology. - id: the id of the table would be the (preferably HTTP resolvable) URI of the biom table instance. - type: this information is codified as the Table Class, ie the biom table instance belongs to its ""type"" class (OTU table, Gene table, ...). Most of the HDF5 groups and datasets are not mapped, since are not necessary: only the data and indices datasets for samples and observations are mapped. The metadata mapping is dependant on each table, since any JSON object can be defined. The metadata should, in any case, refer to the observation and sample instances (see ""is about"" property). For an example of the mapping, see BIOM_example_table.owl"
BIOMODELS			
BIOPAX			This is version 1.0 of the BioPAX Level 3 ontology. The goal of the BioPAX group is to develop a common exchange format for biological pathway data. More information is available at http://www.biopax.org. This ontology is freely available under the LGPL (http://www.gnu.org/copyleft/lesser.html).
BIPOM			BiPOm 1. Copyright of ontology The ontology was created jointly by the BioSys group at the research unit of Applied mathematics and computer science from genomes to the environment (MaIAGE) of the Institut National de la Recherche Agronomique (INRA) France, by the group the Large-scale Heterogeneous DAta and Knowledge (LaHDAK team) of the Laboratoire de recherche en informatique (LRI) of the Université Paris-Sud/CNRS, France and by the Département MMIP AgroParisTech of the INRA, France. INRA, Agroparistech and Université Paris-Sud own the copyright of the ontology BiPOm. 2. License terms The ontology BiPOm is licensed under the Creative Commons Attribution 4.0 Unported (CC BY 4.0) license. To view a copy of this license, visit http://creativecommons.org/licenses/by/4.0/ or send a letter to Creative Commons, 444 Castro Street, Suite 900, Mountain View, California, 94041, USA.  3. Notice This product contains references to classes of the Gene Ontology (GO) (http://geneontology.org/) developed by the Gene Ontology consortium, licensed under the terms Creative Commons Attribution 4.0 Unported license (https://creativecommons.org/licenses/by/4.0/). This product contains references to classes of the Chemical Entities of Biological Interest (ChEBI) (https://www.ebi.ac.uk/chebi/init.do) developed by the ChEBI consortium. This product contains references to classes of the Sequence Ontology (SO) (http://www.sequenceontology.org/) developed by the SO consortium and are freely reusable. This product contains references to classes of the Systems Biology Ontology (SBO) (http://www.ebi.ac.uk/sbo/main/) developed by the SBO consortium, licensed under the terms of Artistic License 2.0 (https://opensource.org/licenses/artistic-license-2.0.php). This product contains references to properties of the Relation Ontology (RO) (http://www.obofoundry.org/ontology/ro.html) developed by the OBO foundry, licensed under the terms Creative Commons Attribution 3.0 Unported License (https://creativecommons.org/licenses/by/3.0/). This product contains references to properties of the Basic Formal Ontology (BFO) (http://ifomis.uni-saarland.de/bfo/) developed by the BFO consortium, licensed under the terms Creative Commons Attribution 3.0 Unported License (https://creativecommons.org/licenses/by/3.0/). 4. Contact For questions and remarks concerning BiPOm: Anne Goelzer Anne.Goelzer
BIPON			BiPON 1. Copyright of ontology The ontology was created jointly by the BioSys group at the research unit of Applied mathematics and computer science from genomes to the environment (MaIAGE) of the Institut National de la Recherche Agronomique (INRA) France and by the group Bioinformatics of the Laboratoire de recherche en informatique (LRI) of the Université Paris-Sud/CNRS, France. INRA and Université Paris-Sud own the copyright of the ontology BiPON. 2. License terms The ontology BiPON is licensed under the Creative Commons Attribution 4.0 Unported (CC BY 4.0) license. To view a copy of this license, visit http://creativecommons.org/licenses/by/4.0/ or send a letter to Creative Commons, 444 Castro Street, Suite 900, Mountain View, California, 94041, USA.  3. Notice This product contains references to classes of the Gene Ontology (GO) (http://geneontology.org/) developed by the Gene Ontology consortium, licensed under the terms Creative Commons Attribution 4.0 Unported license (https://creativecommons.org/licenses/by/4.0/). This product contains references to classes of the Chemical Entities of Biological Interest (ChEBI) (https://www.ebi.ac.uk/chebi/init.do) developed by the ChEBI consortium. This product contains references to classes of the Sequence Ontology (SO) (http://www.sequenceontology.org/) developed by the SO consortium and are freely reusable. This product contains references to classes of the Systems Biology Ontology (SBO) (http://www.ebi.ac.uk/sbo/main/) developed by the SBO consortium, licensed under the terms of Artistic License 2.0 (https://opensource.org/licenses/artistic-license-2.0.php). This product contains references to properties of the Relation Ontology (RO) (http://www.obofoundry.org/ontology/ro.html) developed by the OBO foundry, licensed under the terms Creative Commons Attribution 3.0 Unported License (https://creativecommons.org/licenses/by/3.0/). This product contains references to properties of the Basic Formal Ontology (BFO) (http://ifomis.uni-saarland.de/bfo/) developed by the BFO consortium, licensed under the terms Creative Commons Attribution 3.0 Unported License (https://creativecommons.org/licenses/by/3.0/). 4. Contact For questions and remarks concerning BiPON: Anne Goelzer Anne.Goelzer@inra.fr
BIRTHONTO			Registered @ Creative Commons license (CCL) protected.
BMS-LM			BMS-LM is a core ontology that reuses the BFO top ontology. It covers biomedical studies lifecycle and provenance management with a maximum reuse of existent ontologies. It reuses mainly OBI, IAO, RO from the OBO foundry consortium
BMT			BioMedical Topics : an ontology of biological and biomedical topics, created from merging the EDAM Topics sub-ontology with auxiliary topics that are out of scope of EDAM.
BNO			
BOF			
BP			This is version 0.94 of the BioPAX Level 3 ontology. The goal of the BioPAX group is to develop a common exchange format for biological pathway data. More information is available at http://www.biopax.org. This ontology is freely available under the LGPL (http://www.gnu.org/copyleft/lesser.html).
BP-METADATA			
BPT			
BRAIN-COF			An ontology for representing neuroanatomical concepts alligned with the Desikan–Killiany–Tourville (DKT) atlas. Our ontology explicitly encodes a priori neuroanatomical relationships amongst brain regions using hierarchical relationships, and implements computationally efficient calculation of volumetric deviation.
BRCT			The brain cell-type ontology describes the types of both neural and non-neural cells in the human brain. The cell types are integrated into their corresponding anatomical hierarchies.
BRIDG	Biomedical Research Integrated Domain Group (BRIDG) Domain Analysis Model		The Biomedical Research Integrated Domain Group (BRIDG) Model is a collaborative effort . The BRIDG model is an instance of a Domain Analysis Model (DAM). The goal of the BRIDG Model is to produce a shared view of the dynamic and static semantics for the domain of protocol-driven research and its associated regulatory artifacts. This domain of interest is further defined as:   Protocol-driven research and its associated regulatory artifacts: i.e. the data, organization, resources, rules, and processes involved in the formal assessment of the utility, impact, or other pharmacological, physiological, or psychological effects of a drug, procedure, process, or device on a human, animal, or other subject or substance plus all associated regulatory artifacts required for or derived from this effort, including data specifically associated with post-marketing adverse event reporting.
BRO			
BSAO			
BT	BioTop		Upper-Level ontology for Biology and Medicine. Compatible with BFO, DOLCE, and the UMLS Semantic Network (mapping files available)
BT-ONTOLOGY	The Brainteaser Ontology		The BRAINTEASER Ontology (BO) jointly models both Amyotrophic Lateral Sclerosis (ALS) and Multiple Sclerosis (MS). BO serves multiple purposes: • to provide a unified and comprehensive conceptual view about ALS and MS, which are typically dealt with separately, allowing us to coherently integrate the data coming from the different medical partners in the project; • to seamlessly represent both retrospective data and prospective data, produced during the lifetime of BRAINTEASER; • to allow for sharing and re-using the BRAINTEASER datasets according to Open Science and FAIR principles.
BTO-BFO	Brinell Test Ontology (BTO)		Brinell Test Ontology (BTO) has developed for representing the Brinell testing process, testing equipment requirements, test pieces charactristics, and related testing parameters and their measurement procedure according to DIN EN ISO 6506-1 standard.
BTO-EMMO	Brinell Test Ontology (BTO)		Brinell Test Ontology (BTO) has developed for representing the Brinell testing process, testing equipment requirements, test pieces charactristics, and related testing parameters and their measurement procedure according to DIN EN ISO 6506-1 standard.
BTO-PROVO	Brinell Test Ontology (BTO)		Brinell Test Ontology (BTO) has developed for representing the Brinell testing process, testing equipment requirements, test pieces charactristics, and related testing parameters and their measurement procedure according to DIN EN ISO 6506-1 standard.
BTO_ONTOLOGY			
CABRO			
CANCO			
CAO			Lin Y, Xiang Z, He Y. Towards a Semantic Web application: Ontology-driven ortholog clustering analysis. International Conference on Biomedical Ontologies (ICBO), University at Buffalo, NY, July 26-30, 2011. Full length paper. Page 33 - 40. http://www.hegroup.org/docs/OntoCOG_ICBO-2011_Proceeding.pdf
CARELEX			
CARESSES	CARESSES Ontology		The CARESSES Ontology encodes guidelines defined by experts in Transcultural Nursing, with the aim of offering a specific tool for endowing social assistive robots (assisting older adults) with cultural competence.
CAROLIO	Caroli Ontology		Caroli Ontology is an Ontology desined for describing the symptoms, treatment, and outcomes of Caroli disease and syndrome. This ontology uses relation ontology (RO), Symptom Ontology and Human Disease Ontology as upper level ontologies.
CARRE			
CASE-BASE-ONTO			
CBO			https://creativecommons.org/licenses/by/3.0/
CCONT	cell culture ontology		
CCTOO			
CDMONTO			
CDO	Chinese Diabetes Mellitus Ontology		CDMO is an OWL 2 ontology designed to cover the diabetes mellitus knowledge represented in chinese language. The ontology is based on BFO and OGMS. In addition, the hierarchical structure was adapted from SNOMED-CT, and strive for mapping with other medical ontologies, such as SNOMED-CT, HPO, DOID, DRON.
CDOH			
CDPEO			
CEDARVS			CEDAR Value Sets Ontology
CHD			
CHEAR			Children's health and wellbeing are influenced by interactions between environmental and genetic factors. NIEHS is establishing an infrastructure, the Children's Health Exposure Analysis Resource (CHEAR), to provide the extramural research community access to laboratory and data analyses that add or expand the inclusion of environmental exposures in children's health research. The goal of CHEAR is to provide tools so researchers can assess the full range of environmental exposures which may affect children's health. We anticipate that CHEAR will be used by children's health researchers conducting epidemiological or clinical studies that currently have limited consideration of environmental exposures, or those who have collected exposure data but seek more extensive analyses. Read more at: https://www.niehs.nih.gov/research/supported/exposure/chear/
CHO			
CHRO	OBO Relations Ontology		The OBO Relations Ontology (RO) is a collection of OWL relations (ObjectProperties) intended for use across a wide variety of biological ontologies.
CIINTEADO			This file contains develomental stages for Ciona intestinalis. Stages were initially defined by K. Hotta and published on the FABA website (http://chordate.bpni.bio.keio.ac.jp/faba/). They are also used in the Aniseed system (http://www.aniseed.cnrs.fr/). File contains anatomical territory definition from Aniseed
CISAVIADO			This file contains develomental stages for Ciona intestinalis. Stages were initially defined by K. Hotta and published on the FABA website (http://chordate.bpni.bio.keio.ac.jp/faba/). They are also used in the Aniseed system (http://www.aniseed.cnrs.fr/). File contains anatomical territory definition from Aniseed
CKDO			
CMDO			
CMR-QA			
CN			This Ontology provides knowledge in computer network domain on various perspectives like scope, scale, topology, communication media, OSI model, TCP/ IP model, protocol, security, network operating system, network hardware and performance.
CNO	Computational Neuroscience Ontology		This ontology is used to add the Definition class of annotation as in NIF. The source of the definition can be defined with class from OBO-annotation
CO-WHEAT			Maize trait ontology is prepared by Rosemary Shrestha, CIMMYT for Generation Challenge Program.
CODO	CODO: an Ontology for collection and analysis of COviD-19 data		
COGAT			
COGITO			
COGPO			
COHSI2STUDY			
COID			combined ontology for inflammatory diseases
COKPME	COKPME - COVID19 Ontology for analysing Karnataka Private Medical Establishment data		This is for analyzing the wave 2 of COVID19. Dateset - Anonymised sample data for testing the ontology. This is the evaluation version. The ontology will be used by analysts for finding the relative and precautionary measures that can be put in action for controlling the spread. Also, it should be able to handle the competence question like:  Which properties of the patient should be considered for modeling  Which properties of patient changes  Which properties of patient confirm COVID positive  Do the symptom of the patient change over a time ***  Do the treatment provided depends on the category of patient  Do other comorbid conditions derive any interestingness ****  Which symptom is high in a particular district? (Or) Does the geographical location influence the patient category These keep change over an iterative process of ontology development
COMET	linkml-common		
COMO			
COMODI			
CONDOR			
CONTSONTO	Formal Ontology for Continuity of Care		A formal ontology of concepts for care process modelling (Contsys). A system of concepts for the continuity of care. A visualisation of a model conforming to International Standard EN ISO 13940:2016. And extended concepts related to soical care.
COPDO	COPD ontology		The COPD Ontology is a biomedical ontology used for modelling concepts associated to chronic obstructive pulmonary disease in routine clinical databases.
COPPER	COntextualised and Personalised physical activity and Exercise Recommendations Ontology		The COPPER ontology was developed to support personalised and context-aware recommendations for physical activity action and coping plans within an interdisciplinary research project between the faculty of psychology and educational sciences and the faculty of engineering and architecture at Ghent University. Please find more information about COPPER here: https://github.com/EBehaviourChange-COPPER/ontology. To learn more about the development of COPPER, please see: http://doi.org/10.1186/s12966-025-01744-5
COSTART	CST		RDF Version of the UMLS ontology CST; converted with the UMLS2RDF tool (https://github.com/ncbo/umls2rdf), developed by the NCBO project.
COVID-19-ONT-PM			
COVID19-IBO			
COVIDCRFRAPID	WHO COVID-19 Rapid Version CRF Semantic Data Model		This is a semantic data model for the WHO's COVID-19 case record form RAPID version from April 08, 2020. It aims at providing semantic references to the questions and answers of the form.
CPRO	A formal, uniform list of archetypal artifacts in Computer-based Patient Records		The CPR ontology has as its domain of discourse, the domain of clinical medicine and the related    information content and other ”digital entities” that comprise CPR content. It is intended for use as a    coordinate system for managing or eliciting precise meanings of terminology used by healthcare professionals    within subdomains of clinical medicine for (meaningful) use in an application.
CPTAC			
CRENO	Culture, Race, Ethnicity, and Nationality Ontology		
CSEO			
CSSO	CSSO: Clinical Signs and Symptoms Ontology		An ontology for describing clinical signs and symptoms.
CSTD			
CTGO	Clinical Trials Gov Ontology		
CTO-NDD			
CTONT			Author: Ravi Shankar, Stanford Medical Informatics
CTU_BEREADY_GEM			
CTX			
CU-VO			This ontology provides a structured, standardized manner for representing animal venoms and venom components.
CVAO	Stroke Ontology (STO)		The Stroke Ontology (STO) is a disease-specific ontology to representation of the Stroke knowledge domain.
CVO			
CWD			
CXSO	Cathexis Somatic Ontology		A formal vocabulary and relational schema for encoding body-based therapeutic experience computationally. Defines entity classes for anatomical zones, sensation qualities, neurobiological organization patterns (territories), therapeutic change mechanisms, brain regions, ecological layers, and intervention architectures, organized within a Markov blanket framework.
CYTO			
D3O	DSMZ Digital Diversity Ontology		The DSMZ Digital Diversity Ontology (D3O) is an ontology designed to standardize and integrate data related to microbial diversity and associated resources within the context of the DSMZ’s Digital Diversity Knowledge Graph. This ontology provides a structured framework to represent various aspects of microbial data, including taxonomic information, strain properties, cultivation conditions, and media links. D3O facilitates cross-referencing between internal DSMZ datasets and external biological resources, supporting enhanced data discovery, interoperability, and research in microbiology, genomics, and metabolomics. The ontology includes both object properties, which link entities such as bacterial strains to external resources (e.g., literature references or media descriptions), and data properties, which associate entities with literal values (e.g., taxonomic identifiers, growth conditions). Designed for use in RDF-based knowledge graphs, D3O supports flexible integration with other life science ontologies, promoting consistency and reuse in the broader scientific community.
DATACITE-VOCAB			
DATAHUB			
DCAT-FDC	Datakatalogvokabular		DCAT er et RDF-vokabular som har til formål at understøtte interoperabilitet mellem datakataloger udgivet på nettet. Ved at anvende DCAT til at beskrive datasæt i datakataloger, kan udgivere øge findbarhed og gøre det gøre det lettere for applikationer at anvende metadata fra forskellige kataloger. Derudover understøttes decentraliseret udstilling af kataloger og fødererede datasætsøgninger på tværs af websider. Aggregerede DCAT-metadata kan fungere som fortegnelsesfiler der kan understøtte digital bevaring. DCAT er defineret på http://www.w3.org/TR/vocab-dcat/. Enhver forskel mellem det normative dokument og dette schema er en fejl i dette schema.
DCAT3	データ・カタログ語彙（DCAT）		هي أنطولوجية تسهل تبادل البيانات بين مختلف الفهارس على الوب. استخدام هذه الأنطولوجية يساعد على اكتشاف قوائم البيانات المنشورة على الوب و يمكن التطبيقات المختلفة من الاستفادة أتوماتيكيا من البيانات المتاحة من مختلف الفهارس.
DCM			"DICOM PS3.16 DCMR Annex D DICOM Controlled Terminology Definitions; converted by ""extractdcmdefinitionsasowl.xsl""."
DCO	Dispedia Vocabulary (Core Ontology)		Diese Ontologie (Vokabular) enthält alle Kern-Konzepte des Dispedia Informationslogistik Systems.
DDIEM			
DDSS			
DEB	Devices, Experimental scaffolds and Biomaterials Ontology		An ontology developed to facilitate information curation in the area of medical devices, experimental scaffolds and biomaterials. The ontology was designed to complement existing medical vocabularies, with emphasis on material procesing, structures and features associated with biomaterials and experimental scaffolds.
DECIDE	DECIDE Aquaculture and Livestock Ontology		This ontology was developed as part of the DECIDE EU 2020 project to support data integration, classification, and knowledge modeling in the domain of aquaculture. It provides a structured, upper-level framework for representing species (such as salmon, cattle, poultry, and pigs), production systems, measurement events, and health-related information including clinical signs, diagnostics, and interventions. The ontology is designed to be modular and extensible, and it can be adapted or reused for terrestrial livestock species such as cattle, poultry, and pigs. seeAlso: LivestockHealthOntology https://bioportal.bioontology.org/ontologies/LHO Its purpose is to facilitate harmonized data representation for improved disease surveillance, risk assessment, and decision support across livestock sectors.
DEMLAB	Dem@Care Lab Ontology for Dementia Assessment		The ontology has been developed in the framework of the Dem@Care project for representing the experimentation protocol towards diagnostic support and assessment of Dementia in a controlled environment. The aim of the protocol is to provide a brief overview of their health status of the participants during consultation (cognition, behaviours and function), and to correlate the system (sensor) data with the data collected using typical dementia care assessment tools. The ontology describes the basic Steps of the experimentation protocol (Directed Activities, Semi-directed Activities and Free Discussion with the Clinician), the Tasks that are involved, as well as the measurement types relevant to each Task. The defined protocol can be reused and further extended, adding new steps, tasks and measured data. Documentation regarding the ontology vocabulary can be found at http://www.demcare.eu/ontologies/demlab.html
DERMLEX			
DHMO	RADx Data Hub Metadata Ontology		
DIAB			
DIAGONT			
DIKB			"Authors: Richard D. Boyce, PhD*, Carol Collins**, John Horn**, Ira Kalet**, John Gennari**. *University of Pittsburgh Department of Biomedical Informatics **All authors are currently with the University of Washington. This project is supported by a grant from the National Library of Medicine: ""Addressing gaps in clinically useful evidence on drug-drug interactions"" (1R01LM011838-01)"
DILON			
DLORO			
DMDSONT			
DOCCC			
DOREMUS-KEYS			
DOVES	Digital medicine Outcomes Value Set (DOVeS) Ontology		The Digital medicine Outcomes Value Set (DOVeS) ontology aims to provide users with a set of ontologically structured healthcare outcomes (clinical, operational, economic, technical, and others) tailored to digital medicine and digital therapeutic applications.
DRANPTO	Dementia-Related Agitation Non-Pharmacological Treatment Ontology		
DREAMDNPTO	Dementia-Related Emotional And Mood Disturbance Non-Pharmacological Treatment Ontology		This ontology represents the domain knowledge specific to non-pharmacological treatment of emotional and mood disturbances (including depression, apathy, anxiety, and euphoria in dementia) in people with dementia living in the long-term care setting.
DRPSNPTO	Dementia-Related Psychotic Symptoms Non-Pharmacological Treatment Ontology		The DRPSNPTO ontology represents the domain knowledge specific to non-pharmacological treatment of psychotic symptoms in dementia in the long-term care setting.
DSEO			
DSIPFL7			
EBP			The Behaviour Change Technique Taxonomy
ECP	Electronic Care Plan Ontology		The proposed ontology is useful for managing (as metadata) formal care plans (such as clinical guidelines, clinical protocols and clinical pathways) in a much more beneficial way than they are currently used.
EDAM-BIOIMAGING	EDAM (Bio)imaging ontology		An ontology of imaging and related techniques and technologies, image processing and analysis, image data and formats, within bio- and other sciences.
EDDA_PT	EDDA Publication Types Taxonomy		The EDDA Publication Types Taxonomy (v1.0) was developed by Tanja Bekhuis (Principal Scientist) and Eugene Tseytlin (Systems Developer) of the Evidence in Documents, Discovery, and Analytics (EDDA) Group. The EDDA Group is a division of TCB Research & Indexing LLC. Variants include synonyms for preferred terms, singular and plural forms, and American and British spellings. Definitions, if they exist, are mainly from MeSH, NCIT, Emtree, and medical dictionaries. The EDDA Publication Types Taxonomy by Tanja Bekhuis and Eugene Tseytlin is licensed under a Creative Commons Attribution–NonCommercial–ShareAlike 4.0 International License (CC BY-NC-SA 4.0). For information about this license, see https://creativecommons.org/licenses/by-nc-sa/4.0/.
EDEM-CONNECTONTO			Developed in Protege 5.6.3
EDONTOLOGY			Abid Ali Fareedi
ELD			
ELECTRICA	ELECTRICA Ontology		The ELEctronic tool for Clinicians, Teachers and Researchers In Child Abuse (ELECTRICA) Ontology describes concepts from reports of cases of child abuse or suspected child abuse, with a focus on fractures identified from radiological investigations, the characteristics of those fractures, and the family and medical history of the patients.
ELTER_CL			
EMIF-AD			Alignment with tranSMART hierarchy
ENDOH			
ENTITY			This ontology defines the identified entity membership relationships from ISO 15926-2:2003. The selected relationships are found on the POSC Caesar Trac: http://trac.posccaesar.org/wiki/ISO15926inOWLPart2EntityMembership?version=9
EP	Electrophysiology Ontology		This purpose of this ontology is to describe electrophysiological experiments and data. This ontology was created as part of the CardioVascular Research Grid (CVRG) project which is funded through an R24 Resource from the National Heart Lung and Blood Institute (NHLBI).
EPIE			
EPILONT			
EPIP			
EPISEM			
ESFO			An ontology describing enzyme sequence-structure-function relationships
ESO_C			
ESSO			An Epilepsy Syndrome and Seizure Type Ontology that describes the various epilepsy syndromes based on their features. The features include seizure types and EEG results that also have their own features.
ETHOPD			
EVI	EVI: Evidence Graph Ontology		The Evidence Graph ontology extends core concepts from the W3C Provenance Ontology PROV-O and Bioschemas' Profiles to describe evidence for correctness of findings in biomedical publications. The semantic data model in EVI is expressed using OWL2 Web Ontology Language (OWL2).
EVS			
EXACT			
FALL			
FALLS			This ontology is about a falls prevention intervention record
FAST-CHRONO			
FAST-EVENT			
FAST-EVENT-SKOS			
FAST-FORMGENRE			
FAST-GENREFORM			
FAST-TITLE			
FCC1			
FDC-GDMT			
FDT-O	FAIR Data Train Ontology		This ontology describes the elements of the FAIR Data Train (FDT) and their relations. It serves as a reference model to annotate the metadata content of the FDTs.
FENICS			
FG	FAIR Genomes metadata schema		The FAIR Genomes semantic metadata schema to power reuse of NGS data in research and healthcare.
FGNHNS			version: 0.15
FHHO			
FIRE	The Fire Ontology		The Fire Ontology was developed to represent the scientific knowledge about fire behave focused to describe the characteristics, causes and effects of fire on wood plants in the Brazilian Cerrado Domain. This ontology will be part of the GeoLinked Data Ontology network to enrich the web of data with geospatial data of the Cerrado Domain, especially with regard the wood plant dynamics.
FISH-AST			
FISHO			"This Fish Ontology is an ontology created as how the author views the fish structure following the book ""The Diversity of Fishes: Biology, Evolution and Ecology"" as the main reference, which covers one part of view on ichthyology, with an emphasis on diversity and adaptation. This ontology is created with the mindset of categorizing fish automatically based on the attributes and terms mined from the fish specimen. Most of the basic organization from this ontology follows Nelson's research due to its synthetic and broad approach, while recognizing that Nelson's conclusions are one of many alternative interpretations of the literature, which is mostly agreed by our main references, and many fish and fisheries researchers. Most of the classification used in this ontology is in no means completed and just following the recent classification provided by the books For now our work focused more on two group of fish which is early jawless fish, and advanced jawed fishes. The classification from both of this group are structured following the reference."
FL8DSIP			
FLYGLYCODB			This ontology discripting concepts of FlyGlycoDB data.
FMPM			
FOUR-M_VOCABS			
FRMO	Fall Risk Management Ontology		We have developed an ontology representing major fall risk management entities to support approaches to text mining, data descriptions and linkage in the context of fall risk management. This ontology contains concepts related to fall risk factors, fall risk interventions, and fall consequences.
FTC			
G-PROV			
GAMUTS			
GB			
GBOL			
GCBO			
GCDFO	DFO Salmon Ontology		OWL + SKOS ontology for DFO salmon data: stocks/CUs/MUs, survey events, escapement measurements, and GSI constructs; aligns to DwC via rdfs:subClassOf; hybrid approach with SKOS for methods and OWL for events.
GDCO			The Data Collection Ontology (DCO) is an ontology designed for data collection providing classes and relations on top of the Basic Formal Ontology (BFO) to facilitate data collection processes, subjects, and data anaylsis through the use of classifiers. DCO is based on the notion of reasoning to validate incoming data through their definitions based on classifiers.
GDMT			
GDOA	Graphic Descriptor Ontology Anatomy extension	https://gdo.endlessforms.info	The Graphic Descriptor Ontology (GDO) is intended for use in describing graphics that represent the form of objects. It uses the language of visual communication, illustration, and technical drawing. The GDO is rooted in the Basic Formal Ontology (BFO) and uses several classes from the Information Entity Ontology of the Common Core Ontologies as a mid-level ontology.
GENE-CDS	Pharmacogenomic Clinical Decision Support ontology ('Genomic CDS')		If you want to contribute or report a bug, please write an e-mail to Matthias Samwald, samwald@gmx.at
GEOSPECIES	GeoSpecies Ontology		This is an early version of the new ontology. Use it as a vocabulary, since is still under development. The demonstration SPARQL queries will work without the ontology loaded into your triple store.
GERO	Gerotranscendence Ontology		The Gerotranscendence Ontology contains terms for defining and classifying concepts related to gerotranscendence, including its dimensions, experiences, and outcomes. Its concepts and relations support the development of tools and resources to better understand gerotranscendence and enable integration and interoperability of data across studies. The Gerotranscendence Ontology is developed as a subset of (http://purl.obolibrary.org/obo/phases.owl). Issues and term requests can be submitted at (https://github.com/Buffalo-Ontology-Group/phases/issues)
GFF-M4M			
GFFO			
GFO-BIO			"Copyright (c) 2006, Regents of the Research Group Ontologies in Medicine (Onto-Med), University of Leipzig, and the Max-Planck-Institute for Evolutionary Anthropology. All rights reserved. Redistribution and use in source and binary forms, with or without modification, are permitted provided that the following conditions are met: Redistributions of source code must retain the above copyright notice, this list of conditions and the following disclaimer. Redistributions in binary form must reproduce the above copyright notice, this list of conditions and the following disclaimer in the documentation and/or other materials provided with the distribution. Neither the name of the Research Group Ontologies in Medicine (Onto-Med), University of Leipzig or the Max-Planck-Institute for Evolutionary Anthropology nor the names of its contributors may be used to endorse or promote products derived from this software without specific prior written permission THIS SOFTWARE IS PROVIDED BY THE COPYRIGHT HOLDERS AND CONTRIBUTORS ""AS IS"" AND ANY EXPRESS OR IMPLIED WARRANTIES, INCLUDING, BUT NOT LIMITED TO, THE IMPLIED WARRANTIES OF MERCHANTABILITY AND FITNESS FOR A PARTICULAR PURPOSE ARE DISCLAIMED. IN NO EVENT SHALL THE COPYRIGHT OWNER OR CONTRIBUTORS BE LIABLE FOR ANY DIRECT, INDIRECT, INCIDENTAL, SPECIAL, EXEMPLARY, OR CONSEQUENTIAL DAMAGES (INCLUDING, BUT NOT LIMITED TO, PROCUREMENT OF SUBSTITUTE GOODS OR SERVICES; LOSS OF USE, DATA, OR PROFITS; OR BUSINESS INTERRUPTION) HOWEVER CAUSED AND ON ANY THEORY OF LIABILITY, WHETHER IN CONTRACT, STRICT LIABILITY, OR TORT (INCLUDING NEGLIGENCE OR OTHERWISE) ARISING IN ANY WAY OUT OF THE USE OF THIS SOFTWARE, EVEN IF ADVISED OF THE POSSIBILITY OF SUCH DAMAGE."
GFVO	Genomic Feature and Variation Ontology		The Genomic Feature and Variation Ontology (GFVO) is modeled to represent genomic data using the Resource Description Format (RDF). It is captures the contents of data files that adhere to the Generic Feature Format Version 3 (GFF3, http://www.sequenceontology.org/resources/gff3.html), the General Transfer Format (GTF, http://mblab.wustl.edu/GTF22.html), the Genome Variation Format Version 1 (GVF, http://www.sequenceontology.org/resources/gvf.html), and the Variant Call Format (VCF, http://vcftools.sourceforge.net/specs.html). The creation of the ontology was inspired by previous work of Robert Hoehndorf on RDF2OWL (http://code.google.com/p/rdf2owl).
GLYCOCOO			
GLYCORDF			
GML			title- Ontology for Geography Markup Language (GML3.0)  creator- Zafer Defne, Akm Saiful Islam and Michael Piasecki. description- Ontology for Geography Markup Language (GML3.0) of Open GIS Consortium (OGC). The Geography Markup Language (GML) is an RDF encoding for the transport and storage of geographic information, including both the geometry and properties of geographic features. Vocabulary terms are declared using OWL language to support RDF applications. publisher- Drexel University . date- 2004-09-22. format - text/xml. language - English
GMM			
GMO	Growth medium ontology		
GO-EXT			cvs version: $Revision: 1.2058 $
GO-PLUS	Gene Ontology		The Gene Ontology (GO) provides a framework and set of concepts for describing the functions of gene products from all organisms.
GOLDTERMS	gold		
GRO-CPD			This is the first version of the cereal plant growth stage ontology. This is created from the files temporal_gramene.ontology (ver 1.12) and temporal_gramene.definition (ver 1.13).
HAAURAADO			This file contains the anatomy and development ontology for Halocynthia aurantium. Stages were initially defined by K. Hotta and published on the FABA website (http://chordate.bpni.bio.keio.ac.jp/faba/). They are also used in the Aniseed system (http://www.aniseed.cnrs.fr/). This file contains anatomical territory definition from Aniseed. Difference with Ciona intestinalis: b8.19 contributes tail-tip muscle cells in Halocynthia roretzi but not in Ciona intestinalis (Nishida 1987).
HAMIDEHSGH			
HAROREADO			This file contains the anatomy and development ontology for Halocynthia roretzi. Stages were initially defined by K. Hotta and published on the FABA website (http://chordate.bpni.bio.keio.ac.jp/faba/). They are also used in the Aniseed system (http://www.aniseed.cnrs.fr/). This file contains anatomical territory definition from Aniseed. Difference with Ciona intestinalis: b8.19 contributes tail-tip muscle cells in Halocynthia roretzi but not in Ciona intestinalis (Nishida 1987).
HASCO	HASCO Ontology v1.4		
HCDR			
HCODONONT			
HDMPONTO			
HECON	HECON: Health Condition Evolution Ontology		The Health Condition Evolution Ontology represents the evolution of medical events over time. This ontology supports the representation and reasoning on possible ongoing health issues derivable from patients' electronic health records for the benefit of intelligent systems in the emergency domain.
HED	HED Schema Ontology (HEDS)	https://www.hedtags.org	This ontology only defines the structural elements of the HED schema. The actual HED tags are in HED.
HEIO	Regional Healthcare System Interoperability and Information Exchange Measurement Ontology		
HELIFIT	HeLiFit (Health, Lifestyle and Fitness) Ontology		HeLiFit (Health, Lifestyle and Fitness), a domain ontology that provides unified and event-based models that characterizes the different perspectives involved in the definiton of physical activity as per WHO guidance. Please refer to the paper https://www.mdpi.com/2076-3417/12/4/1776
HENECON			
HENEGEO			
HFO			
HGNC-NR	HUGO Gene Nomenclature Committee (HGNC) Ontology		This OWL file is autogenerated by a program script called hgnc2owl (https://github.com/johardi/hgnc2owl) that takes an input from the publicly available archive files at https://www.genenames.org/download/archive/
HHEAR	The HHEAR Ontology		The Human Health Exposure Analysis Resource (HHEAR).
HHEARP	HHEAR Properties WC		An ontology of properties that are used within the HHEAR Knowledge Graph to capture metadata about studies
HHEARVS	HHEAR Value Sets		A taxonomy for the HHEAR Value Sets used in CEDAR
HINO	HINO: Human Interaction Network Ontology		The Human Interaction Network Ontology (HINO) is an INO extension for the domain of human interaction networks. It has currently incoporated Reactome reactions and pathways. Like INO, HINO aligns with BFO. HINO is developed by following the OBO Foundry principles.
HIO			
HIVMT			
HL7	HL7 Version 3.0		RDF Version of the UMLS ontology HL7V3.0; converted with the UMLS2RDF tool (https://github.com/ncbo/umls2rdf), developed by the NCBO project.
HOME			
HOOM			
HOOM_V3			
HORD			
HP_O			The HP Ontology involves the interdisciplinary domain of knowledge from the areas of 1. diseases caused by organic dust exposure including hypersensitivity pneumonitis, and; 2. organic dusts. The (first versions) of the HP Ontology has been developed as the Final Project of the Modeling Biomedical Systems: Ontology, Terminology, Problem Solving BIOMEDIN210-011 course at the Stanford University by Marcin Golec, Kojo Worai Osei and Jared Michael Crawford.
HPIO			
HRA	hra (v2.3) graph data		The graph representation of the Human Reference Atlas (HRA) dataset.
HRAVS			
HRDO	Ontologie des maladies rares humaines		Ontologie des maladies rares établie par lors du projet de recherche OrphaOnto (2010-2012, Limics, INSERM UMRS872) à partir des données d'Orphanet, INSERM US14
HSPO	Health and Social Person-centric Ontology		
HUPSON	Basic Formal Ontology (BFO)		HuPSON - Human Physiology Simulation Ontology This is a first draft of the HuPSON ontology as a basis and starting point for shared semantics and interoperability of simulations, models, algorithms and other resources in this domain. The ontology contains annotations with MathML expressions which make the mathematical equation types therein contained computer-readable. It is based on the Basic Formal Ontology, adheres to the MIREOT principles and has been evaluated via structural features, competency questions and use case scenarios.
HW			
I2SV			
IAML-MOP			
IBD			
IBIO			
IBO			
ICD-O-3			
ICDO			
ICECI			
ICHOM-PROMS-PCB			
ICPS			Adaptation for the ICPS ontology network.
ICW			
ID-AMR			
IDG_GL	IDGene		contact: Stephan Schurer: stephan dot schurer at gmail dot com
IDQA			
IFAR			
ILLNESSINJURY			
IMGT-ONTOLOGY			"IMGT-ONTOLOGY manages the immunogenetics knowledge through diverse facets that rely on the seven axioms of the Formal IMGT-ONTOLOGY, or IMGT-Kaleidoscope: ""IDENTIFICATION"", ""CLASSIFICATION"", ""DESCRIPTION"", ""NUMEROTATION"", ""LOCALIZATION"", ""ORIENTATION"" and ""OBTENTION"". These axioms postulate that any object, any process and any relation have to be identified, classified, described, numbered, localized and orientated, and that the way it is obtained can be characterized. As the same axioms can be used to generate concepts for multi-scale level approaches, the Formal IMGT-ONTOLOGY represents a paradigm for system biology ontologies, which need to identify, to classify, to describe, to number, to localize and to orientate objects, processes and relations at the molecule, cell, tissue, organ, organism or population levels."
IMOBO			
INBANCIDO	CIDO: Ontology of Coronavirus Infectious Disease		The Ontology of Coronavirus Infectious Disease (CIDO) is a community-driven open-source biomedical ontology in the area of coronavirus infectious disease. The CIDO is developed to provide standardized human- and computer-interpretable annotation and representation of various coronavirus infectious diseases, including their etiology, transmission, pathogenesis, diagnosis, prevention, and treatment.
INBIODIV			
INCENTIVE			
INCENTIVE-VARS			
INFRARISK	Infrarisk vocabulary	hhttps://www.infrarisk-fp7.eu/	
INSECTH			
INTO			
IPD			IPD-Onto divides product injury into five unified classes (host, vector, agent, environment, and consequences) and constructs the accident process through the object properties (lead to, touch, accident, etc.)
IRD			
IRDG			
ISO-15926-2_2003			"ISO 15926-2:2003: Industrial automation systems and integration -- Integration of life-cycle data for process plants including oil and gas production facilities -- Part 2: Data model. 		This ontology is based on the EXPRESS schema lifecycle_integration_schema.exp, http://www.steptools.com/sc4/archive/oil-and-gas/15926-0002-lifecycle_integration.exp?rev=1.1&content-type=text/vnd.viewcvs-markup, which ISO 15926-2 annex B references."
ISO-ANNOTATIONS			This ontology contains a copy of the definitions, examples and notes of the ISO 15926-2:2003 entity types. An ISO published online version is available at http://www.tc184-sc4.org/wg3ndocs/wg3n1328/lifecycle_integration_schema.html.
ISO19108TO	ISO 19108:2006 Temporal Objects		
ISO19110	ISO 19110:2005 Methodology for feature cataloguing		
ISO19115			title- Ontology for Geographic Information Metadata - ISO 19115:2003. creator- Akm Saiful Islam, Luis Bermudez, Bora Beran, Stephane Fellah, and Michael Piasecki. description- Ontology for ISO 19115. Vocabulary terms are declared using OWL language to support RDF applications. publisher- Drexel University . date- 2004-08-07. format - text/xml. language - English
ISO19115CC	ISO 19115-1:2014 Common classes		
ISO19115CI	ISO 19115-1:2014 Citation and responsible party information		
ISO19115CON	ISO 19115-1:2014 Constraint information		
ISO19115DI	ISO 19115-1:2014 Distribution information		
ISO19115DTC	ISO19115 DateType Code		Date Type Codes
ISO19115EX	ISO 19115-1:2014 Extent information		
ISO19115ID	ISO 19115:2003 Identification information		
ISO19115PR			title- Ontology for Geographic Information Metadata - ISO 19115:2003. creator- Akm Saiful Islam, Luis Bermudez, Bora Beran, Stephane Fellah, and Michael Piasecki. description- Ontology for ISO 19115. Vocabulary terms are declared using OWL language to support RDF applications. publisher- Drexel University . date- 2004-08-07. format - text/xml. language - English
ISO19115ROLES			
ISO19115SRS	ISO 19115-1:2014 Reference system information		
ISO639-1			
ISO639-2			
ISPO			
ISSVA	ISSVA Ontology of Vascular Anomalies		The International Society for the Study of Vascular Anomalies (ISSVA) is a multidisciplinary international society of physicians, scientists, and health care providers united by an interest in vascular anomalies. The Society aims to promote the highest standards of care for patients with vascular anomalies by advancing clinical and scientific knowledge concerning causes, diagnosis and treatment, and by education of physicians, health care providers, patients and the community. The Society encourages the free flow of information between its members and interested groups, through workshop meetings and teaching programs, and by the dissemination of a classification scheme and pertinent scientific data. The updated classification was approved at the May, 2018 General Assembly in Amsterdam, the Netherlands and can be found at https://www.issva.org/classification. What is the ISSVA Ontology? The ISSVA ontology has been created to represent a sharable semantic data model of the ISSVA classification. This ontological representation of the ISSVA classification is machine-readable and facilitates interoperability between systems that capture data about vascular anomalies. It is structured hierarchically and contains all concepts of the ISSVA classification and the relationships between them. The ontology is available in the Web Ontology Language (OWL) format, and can be browsed and downloaded online: https://bioportal.bioontology.org/ontologies/ISSVA How to Use the ISSVA Ontology? The ISSVA ontology does not substitute the ISSVA classification, instead, it should be used as an additional component to facilitate interoperability. Every concept in the ISSVA ontology has a unique code that should be attached to the corresponding data element. In the context of databases, the ISSVA ontology codes could be added as an extra column to the existing data. Mappings to Other Ontologies? The ISSVA ontology contains machine-readable mappings to equivalent concepts in other ontologies, namely: the Orphanet Rare Disease Ontology (ORDO), SNOMED Clinical Terms (SNOMED CT), National Cancer Institute thesaurus (NCIT), and the Human Phenotype Ontology (HPO). This means that data annotated with codes from the ISSVA ontology are interoperable with data annotated with the aforementioned ontologies, without any extra effort, as long as there exists a mapping between the concepts. Issue Reporting Please contact ISSVA at info@issva.org in case you have any issues and/or feature requests for the ISSVA ontology. The ontology can then be updated accordingly.
ITEMAS			Ontología para innovación tecnológica en medicina
IXNO			
JERM			
JFO			version: 0.15
KENYAANC			
KGCL	Knowledge Graph Change Language		
KOIO	Knowledge Object Implementation Ontology		KOIO is a domain ontology that tells us what a Knowledge Object is as an artifact. It describes Knowledge Objects and their parts as they are implemented. For this reason, KOIO generally serves as an evolving formal and explicit model of Knowledge Objects. It can be used to describe the parts of many computable biomedical knowledge (CBK) artifacts found in the wild. In addition, KOIO functions as a formal specification for linked metadata relevant for describing, annotating, packaging, and handling CBK artifacts. The Knowledge Systems Lab (KSL) at the University of Michigan began work on KOIO in 2016 and continues to evolve KOIO over time. KSL’s general approach is to keep KOIO concise, connected, and common. To keep it concise, only a very small number of new terms describing key parts known to be valuable to CBK stakeholders are included in KOIO. These KOIO-defined terms include “Knowledge”, “Service”, and “Test”. As a model of Knowledge Objects, KOIO supports multiplicity of these parts meaning that a Knowledge Object may have one or more elements of knowledge plus multiple corresponding services and tests. KOIO enables the lifecycles and provenance of the key individual parts of Knowledge Objects to be tracked and documented independently. The key parts of Knowledge Objects defined in KOIO are logically connected to terms from the upper-level Basic Formal Ontology (BFO). In addition, KOIO adopts terms from the Information Artifact Ontology (IAO) and the Software Ontology (SWO) wherever possible. Finally, KOIO tries to leave implementation details out so that it can serve as a common ontology for describing nearly all CBK artifacts, regardless of the platforms or applications that support and incorporate them.
KORO	Knowledge Object Reference Ontology (KORO) version 1.3		Program Home Page www.kgrid.org
KTAO	KTAO: Kidney Tissue Atlas Ontology		KTAO (Kidney Tissue Atlas Ontology) is a community-based biomedical ontology. Its development is supported by the NIH-NIDDK supported Kidney Precision Medicine Project (KPMP).
LAND-SURFACE	Land Surface classifiers		<p>This register contains a machine-readable representation of the classifiers described in chapter 7 <i>Land Surface</i>, by R.C. McDonald, R.F. Isbell and J.G. Speight, in <a href='https://www.publish.csiro.au/book/5230'>Australian soil and land survey field handbook (3rd edn)</a>.</p> <p>Land surface is concerned mainly with surface phenomena affecting land use and soil development that have traditionally been noted at the point of soil observation.</p> <p>The data was converted from the print representation to this linked-data form by <a href='https://orcid.org/0000-0002-0693-1899'>Linda Gregory</a> and <a href='https://orcid.org/0000-0002-3884-3420'>Simon J D Cox</a>.
LANDFORM	Landform classifiers		<p>This register contains a machine-readable representation of the classifiers described in chapter 5 <i>Landform</i>, by J.G. Speight, in <a href='https://www.publish.csiro.au/book/5230'>Australian soil and land survey field handbook (3rd edn)</a>.</p> <p>In this technique for describing landforms, the whole land surface is viewed as a mosaic of tiles of odd shapes and sizes. The scheme is intended to produce a record of observations rather than inferences.</p> <p>The data was converted from the print representation to this linked-data form by <a href='https://orcid.org/0000-0002-0693-1899'>Linda Gregory</a> assisted by <a href='https://orcid.org/0000-0002-3884-3420'>Simon J D Cox</a>.
LC-CARRIERS			
LCGFT			
LDBASE			
LEGALAPA			
LEGALAPATEST2			
LEO	Living Environment Ontology		The Living Environment Ontology (LEO) is a structured framework designed to classify and standardize concepts related to human living conditions. It integrates keywords and concepts from diverse sources, such as questionnaires, references, and abstracts, to create a comprehensive ontology for assessing human living environments.
LHN			
LHO			LHO, guided by OBO Foundry principles, integrates domain knowledge and data for livestock health. The ontology covers farms, samples, geolocation, breed, diagnostic tests, and pathogen identification, including bacteria like Histophilus somni, Mannheimia haemolytica, Pasteurella multocida, Bovine coronavirus, bacterial mycoplasma, and aerobic culture results in cattle. For pigs, it includes FarmType, age, weight, and pathogens like PRRS, SI and M_Hyponemoniea. In poultry, LHO incorporates FarmType, with specific pathogen names such as Infectious Bronchitis (IB), providing a concise overview of health aspects across livestock species.
LICO			"Access to and use of lico is governed by the GNU General Public License <http://www.gnu.org/copyleft/gpl.html>. By using this ontology, you agree to be bound by the terms of the GPL. lico is distributed in the hope that it will be useful, but WITHOUT ANY WARRANTY; without even the implied warranty of MERCHANTABILITY or FITNESS FOR A PARTICULAR PURPOSE. We kindly ask you to cite the following paper whenever you use lico: ""del Mar Roldán-García, M., Uskudarli, S., Marvasti, N. B., Acar, B., & Aldana-Montes, J. F. (2018). Towards an ontology-driven clinical experience sharing ecosystem: Demonstration with liver cases. Expert Systems With Applications, 101, 176-195."" If you have any questions, feel free to contact vavlab@boun.edu.tr"
LIFO	LifO: Life Ontology		LifO is a formal ontology that represents the life processes of organisms and related entities and relations. LifO is a general purpose ontology that covers the common features associated with different types of organisms such as unicellular prokaryotes (e.g., E. coli) and multicellular organisms (e.g., humans).
LION			
LSFO			
LTER-CV			
LUNGMAP-HUMAN			
LUNGMAP-MOUSE			
LUNGMAP_H_CELL			
LUNGMAP_M_CELL			
M4M-CHAR			
MACROALGAETRAITS			
MADS-RDF			Updated: 29 October 2015
MAMO-SCR-ONTO	Mammography screening recommendation		This is an ontology that represents a variety of entities and classifications that share the knowledge of the recommendations provided by the guideline from the American Cancer Society on Breast Cancer Screening for Women at Average Risk. This ontology was developed as part of an ontology course on UdelaR Univeristy. Mentored by Regina Motz and Edelweis Rohrer
MARC-LANGUAGES			
MARC-RELATORS			
MATERIALSMINE	BIBO		A materials ontology to support data publication involving nanomaterials and metamaterials.
MCBCC			License Policy is in compliance with Creative Commons http://creativecommons.org/licenses/by/3.0/
MCCL			
MCCV	MCCV: Microbial Culture Collection Vocabulary		Version 0.97: Added property MCCV_00073 culture condition
MCO4MCRE			
MCR_TX			
MDM			
MEDO			
MEGO			
MELLO-D			
MELO			
MEO	MEO: Metagenome/Microbes Environmental Ontology		An ontology for describing organismal habitats (especially focused on microbes)
MEPO			
METABUS			
MHC			
MHCRO	MHC Restriction Ontology		The MHC Restriction Ontology is an application ontology capturing how Major Histocompatibility Complex (MHC) restriction is defined in experiments, spanning exact protein complexes, individual protein chains, serotypes, haplotypes and mutant molecules, as well as evidence for MHC restrictions.
MHMO	Mental Health Management Ontology	https://github.com/BFO-ontology/BFO	Please see the project site https://github.com/BFO-ontology/BFO, the bfo2 owl discussion group http://groups.google.com/group/bfo-owl-devel, the bfo2 discussion group http://groups.google.com/group/bfo-devel, the tracking google doc http://goo.gl/IlrEE, and the current version of the bfo2 reference http://purl.obolibrary.org/obo/bfo/dev/bfo2-reference.docx. This ontology is generated from a specification at https://github.com/BFO-ontology/BFO/tree/master/src/ontology/owl-group/specification/ and with the code that generates the OWL version in https://github.com/BFO-ontology/BFO/tree/master/src/tools/. A very early version of BFO version 2 in CLIF is at http://purl.obolibrary.org/obo/bfo/dev/bfo.clif.
MICRONT			
MIDO			An OWL Ontology of Time (OWL-Time).
MIFD			
MIFE	ExperimentSchema		
MIO	myocardial infarction ontology		The myocardial infarction ontology (MIO) is a disease-specific ontology that characterizes the knowledge field of myocardial infarction.
MIRAPIE	MIRAPIE - MInimal Requirements for Automated Provenance Information Enrichment		A description of the ontology and the undelying model, as well as exemplary usage scenarios, can be found in the related publication and supplement, respectively. <link> (will be updated once published)
MIXSCV			
ML_MCR_TX			
MLTX			
MNV			
MOC	SWEET Ontology		
MOMCARE			
MONO			
MOOCCIADO			This file contains the anatomy and development ontology for Halocynthia roretzi. Stages were initially defined by K. Hotta and published on the FABA website (http://chordate.bpni.bio.keio.ac.jp/faba/). They are also used in the Aniseed system (http://www.aniseed.cnrs.fr/). This file contains anatomical territory definition from Aniseed. Difference with Ciona intestinalis: b8.19 contributes tail-tip muscle cells in Halocynthia roretzi but not in Ciona intestinalis (Nishida 1987).
MOOCCUADO			This file contains the anatomy and development ontology for Halocynthia roretzi. Stages were initially defined by K. Hotta and published on the FABA website (http://chordate.bpni.bio.keio.ac.jp/faba/). They are also used in the Aniseed system (http://www.aniseed.cnrs.fr/). This file contains anatomical territory definition from Aniseed. Difference with Ciona intestinalis: b8.19 contributes tail-tip muscle cells in Halocynthia roretzi but not in Ciona intestinalis (Nishida 1987).
MOOCULADO			This file contains the anatomy and development ontology for Halocynthia roretzi. Stages were initially defined by K. Hotta and published on the FABA website (http://chordate.bpni.bio.keio.ac.jp/faba/). They are also used in the Aniseed system (http://www.aniseed.cnrs.fr/). This file contains anatomical territory definition from Aniseed. Difference with Ciona intestinalis: b8.19 contributes tail-tip muscle cells in Halocynthia roretzi but not in Ciona intestinalis (Nishida 1987).
MPO	MPO: Microbial Phonotye Ontology		
MSO	MS Ontology		
MSR	Mammography screening recommendation		This is an ontology that represents a variety of entities and classifications that share the knowledge of the recommendations provided by the guideline from the American Cancer Society on Breast Cancer Screening for Women at Average Risk. This ontology was developed as part of an ontology course on UdelaR Univeristy. Mentored by Regina Motz and Edelweis Rohrer
MSSMHHEAR	The HHEAR Ontology		The Human Health Exposure Analysis Resource (HHEAR).
MSTDE	MTHMST		RDF Version of the UMLS ontology MTHMST; converted with the UMLS2RDF tool (https://github.com/ncbo/umls2rdf), developed by the NCBO project.
MSV	MSV: Metagenome Sample Vocabulary		An ontology to descrive sampling environment state of metagenome sequeunce.
MVAONT			
MWLA			
MY_SYRIANCINEMA			Syrian Cinema Ontology
N-CDOH			
NAMO	namo		
NATPRO			
NCCO			
NDDO	Ontology for describing data on neurodegenerative diseases in patients		
NDDRFO	Neurodegenerative Diseases Risk Factor Ontology		Neurodegenerative Diseases Risk Factor Ontology (NDDRFO) is a disease-specific ontology that characterizes the knowledge field of risk factors for neurodegenerative diseases.
NEIO	Neural Electronic Interface Ontology		The Neural Electronic Interface Ontology represents the types of devices used to interface with the central nervous system to enhance (or augment) stimuli from a subject's external environment, the conditions under which these devices should be employed, the assessment of a subject's sensory ability, and the metrics for evaluating the performance.
NEO			
NEOMARK3			Class descriptions added manually.
NEOMARK4	relationship		This is an OWL translation of an ontology whose native representational form is .obo. The translation was performed using the oboInOwl xslt library. For details, see http://www.berkeleybop.org/obo-conv.cgi
NERO			Classes of named entity and some relationships that TM can find between them.
NEUROBRG			NeuroBridge ontology is being developed as part of the NeuroBridge project (PI: Lei Wang). The NeuroBridge ontology extends the W3C PROV ontology and the ProvCaRe ontology with terms from the SchizConnect and Data Bridge ontology aligned and merged into the original class structure of the ProvCaRe ontology. The ProvCaRe ontology developed as part of NIH BD2K Data Provenance project (Website: https://provcare.case.edu/).
NGSONTO	NGSOnto		This ontology aims to describe and anotate all pipelines of a NGS process, starting from DNA extraction from an isolate to the assembled draft genome, allowing the reproducibility of the processes. nConstructed from BFO (Basic Formal Ontology), an upper level ontology (http://www.ifomis.org/bfo) and designed based on NCBI Sequence Read Archive (http://www.ncbi.nlm.nih.gov/sra) and EMBL-EBI European Nucleotide Archive (http://www.ebi.ac.uk/ena/) public data.
NIDM-RESULTS	W3C PROVenance Interchange Ontology (PROV-O)		This document is published by the Provenance Working Group (http://www.w3.org/2011/prov/wiki/Main_Page). If you wish to make comments regarding this document, please send them to public-prov-comments@w3.org (subscribe public-prov-comments-request@w3.org, archives http://lists.w3.org/Archives/Public/public-prov-comments/). All feedback is welcome.
NIFDYS	NIF-Dysfunction (formally BIRNLex-Disease)		
NIFSUBCELL			next ID: nlx_subcell_20090212
NIGO			cvs version: $Revision: 1.470 $
NIHSS	Stroke Scale Ontology		Doménová ontologie pro popis standardizovaného neurologického vyšetření pacientů s iktem dle National Institutes of Health Stroke Scale (NIHSS). Ontologie je určena pro popis ohodnocení pacienta po mozkové mrtvici. Pacient s více omezeními je ohodnocen více body (horší stav). Ohodnocení (skóre) s hodnotou 0 (nula) značí normální stav.
NIO	Ontology for describing data on neurodegenerative diseases in patients		
NIRS			
NLMVS	NLM Value Sets Ontology		NIH NLM Value Set as a SKOS ontology
NLN			
NMDCO	NMDC Ontology		The NMDC Ontology (NMDCO) is used by the National Micrbiome Data Collaborative (NMDC, https://microbiomedata.org) to annotate multi-omic microbiome metadata. It merges a number of ontologies relevant to the NMDC (such as the plant and environment ontologies) into a single ontology. It is maintained using Github at https://github.com/microbiomedata/nmdc-ontology. Please use this GitHub repository's Issue tracker to request new terms/classes or report errors or specific concerns related to the ontology.
NMOBR			
NMOSP			
NND_CH			clinical_history
NND_ND			
NONRCTO			
NPDX			
NPHO			
NPI	Ontology for Non-Pharmacological Intervention		This version includes a taxonomy and synonyms of NPI categories
NPOKB	The Neuron Phenotype Ontology		An ontology of neuron types based on the phenotypic dimensions of cells that can be measure experimentally.
NRO			
O-REXTECH			
O3			
OBEST	Ontology of Bioethics and Ethics of Science&Technology (OBEST: 科技伦理与生物伦理本体)		The Ontology of Bioethics and Ethics of Science & Technology (OBEST) is an ontology that examines moral and ethical norms, basic ethical principles and their application in biological research, and scientific and technological practices. This constitutes a significant research area within the field of Dialectics of Nature.
OBI_BCGO			The ontology is built based on OBI release 2015-04-13
OBI_IEE			The Ontology for Biomedical Investigations (OBI) is build in a collaborative, international effort and will serve as a resource for annotating biomedical investigations, including the study design, protocols and instrumentation used, the data generated and the types of analysis performed on the data. This ontology arose from the Functional Genomics Investigation Ontology (FuGO) and will contain both terms that are common to all biomedical investigations, including functional genomics investigations and those that are more domain specific.
OBIWS			An ontology that extends the Ontology for Biomedical Investigations (OBI) to build an Ontology that supports consistent annotation of Bioinformatics Web services.
OBOE-SBC	OBOE SBC Domain Extension		Extension for Santa Barbara Coastal LTER. OBOE 1.0.
OBS			Ontobiostat
OC_E			
OCD			
OCDO			2022-01-01
OCE	OCE: Ontology of Chemical Elements		The Ontology of Chemical Elements (OCE) is an open source community-based ontology in the domain of chemical elements. OCE represents all chemical elements and their attributes, including those attributes defined in the Periodic Table of Chemical Elements.
OCHV	Ontology of Consumer Health Vocabulary		OWL and SKOS transformation of the original Consumer Health Vocabulary by Qing Zeng and University of Utah. consumerhealthvocab.org and layhealthinformatics.com.
OCIMIDO			Ocular Immune-Mediated Inflammatory Disease Ontology
OCMR	OCMR: Ontology of Chinese Medicine for Rheumatism		The Ontology of Chinese Medicine for Rheumatism (OCMR) is a biomedical ontology that represents traditional Chinese medications for treating various rheumatism diseases, their ingredients, and adverse events, and other related information.
OCO	Opencare		Open healthCare Ontology (OpenCare) is an integrated metadata vocabulary expressed as an ontological data model, to facilitate the effective reasoning of patient-specific electronic health record (EHR) data. The OpenCare model identifies the concepts and semantic types in the EHR data with the aim of enabling the representation of clinical data in a way that is accessible and usable by researchers and healthcare facility users. The development of OpenCare and its components is formalized using the Ontology Web Language (OWL). This framework aims to enhance the accessibility and user-friendliness of EHR clinical data.
OCRE			An ontology for the planning, execution and analysis of clinical research including logitudinal studies and clinical trials. This is designed to be used in conjunction with domain specific models of diseases and measurements which conform to the shared ontology of clinical concepts to provide specific models of studies and trials.
OCS	OCS -- Ontology for Computational Sociology		The ontology contains 701 classes (BFO-2020: 36, domain: 665) describing essential concepts of sociology
OCVDAE	OCVDAE: Ontology of Cardiovascular Disease Drug Adverse Events		OCVDAE is a biomedical ontology of cardiovascular disease drug-associated adverse events.
ODAE	ODAE: Ontology of Drug Adverse Events		ODAE is a biomedical ontology in the area of drug adverse events. It is developed by following OBO Foundry principles (e.g., openness, collaboration).
ODFA	Ontology of Dental care-related Fear, Anxiety, and/or Phobia		The Ontology of Dental care-related Fear, Anxiety, and/or Phobia (ODFA) contains terms for defining and classifying dental-care related fear, anxiety, and/or phobia (DFA). The ODFA’s concepts and relations facilitate the development of tools and resources capable of enhancing our understanding of the impacts of DFA, and when applied to study data, the ODFA enables the integration and interoperability of data from multiple studies. The ODFA is developed as a subset of the Oral Health and Disease Ontology (http://purl.obolibrary.org/obo/ohd.owl). Issues and new term requests can be submitted at https://github.com/oral-health-and-disease-ontologies/ohd-ontology/issues.
ODHT			
ODNAE	ODNAE: Ontology of Drug Neuropathy Adverse Events		ODNAE is an extension of OAE with a focus on drug-associated neuropathy adverse events.
OFDSIPT			
OFL			
OFSMR			
OGCO	The Original Chemical Ontology		The Original Chemical Ontology was developed by Michael Ashburner & Pankaj Jaiswal, adapted by Chris Mungall
OGDI	Ontology for Disease Genetic Investigation		Author contact: Yu Lin (linikujp@gmail.com)
OGG-MM	OGG-Mm: Ontology of Genes and Genomes - Mouse		OGG-Mm is a subset of the Ontology of Genes and Genomes (OGG) that represents the genes and genomes of mouse (ie Mus musculus).
OLAM	OLAM: Ontology of Laboratory Animal Medicine		OLAM is a biomedical ontology in the area of laboratory animal medicine.
OLAS	OLAS: Ontology of Laboratory Animal Science		OLAS is a biomedical ontology in the area of laboratory animal science.
OMCO			
OMV			
ONL-DP			
ONL-MR-DA			
ONL-MSA			
ONLIRA			Access to and use of ONLIRA is governed by the GNU General Public License <http://www.gnu.org/copyleft/gpl.html>. By using this ontology, you agree to be bound by the terms of the GPL. ONLIRA is distributed in the hope that it will be useful, but WITHOUT ANY WARRANTY; without even the implied warranty of MERCHANTABILITY or FITNESS FOR A PARTICULAR PURPOSE. If you have any questions, feel free to contact onlira@boun.edu.tr
ONSTR	Ontology for Newborn Screening Follow-up and Translational Research	https://nbsdc.org	Ontology for Newborn Screening Follow-up and Translational Research (ONSTR) is an application ontology covering data items, processes and agents involved in practices of newborn screening, short- and long-term follow-up of patients with inheritable and congenital disorders and related translational research.
ONTOAD	Bilingual ontology of Alzheimer's Disease		Bilingual domain ontology for modeling knowledge about Alzheimer's Disease and Related Syndromes
ONTODM-ALGORITHM			
ONTODM-CORE	Ontology of Core Data Mining Entities		
ONTODM-KDD	Ontology of Data Mining Investigations		
ONTODT	Ontology of General Purpose Datatypes		This ontology contains entities such as: datatype, datatype generator, datatype qualiy and others giving the possibility to represent arbitrary complex datatypes. The OntoDT ontology is based on and ISO/IEC 11404 (http://www.iso.org/iso/catalogue_detail.htm?csnumber=39479) standard and can be reused used independently by any domain ontology that requires representation and reasoning about general purpose datatypes.
ONTOKBCF			An ontology to define assertions about resources. This can be used for testing constraints in tools like Protege-OWL.
ONTOLURGENCES	OntolUrgences		Ontologie des urgences. Emergency care ontology. V3.04 proposes updates of dc and skos usages to be more compliant with norms for labels and meta-data.
ONTOMA			La première ontologie déddiée aux concepts de la médecine associée
ONTONEPHRO			Nephro minimal core ontology
ONTOPARON			Translation resources: http://www.linguee.fr/francais-anglais/ http://www.lingvo-online.ru/en/Translate/ https://translate.google.com/#fr/en/ http://www.eapcnet.eu/Portals/0/Specific%20groups/Older%20people/Publications/FinalReportLongTermCareSettings_Russian.pdf http://www.proz.com/kudoz/french_to_english/medical_general/1673144-ide.html Google SE
ONTOPARON_SOCIAL			Translation resources: http://www.linguee.fr/francais-anglais/ http://www.lingvo-online.ru/en/Translate/ https://translate.google.com/#fr/en/ http://www.eapcnet.eu/Portals/0/Specific%20groups/Older%20people/Publications/FinalReportLongTermCareSettings_Russian.pdf http://www.proz.com/kudoz/french_to_english/medical_general/1673144-ide.html Google SE
ONTOPBM	Ontology for Process-Based Modeling of Dynamical Systems		Ontology for Process-Based Modeling of Dynamical Systems (OntoPBM) developed by Panče Panov PhD, Ana Kostovska, Ilin Tolovski is licensed under CC BY 4.0 (https://creativecommons.org/licenses/by/4.0/).
ONTOPNEUMO	OntoPneumo		Ontologie de la pneumologie francaise
ONTOPSYCARE			"ontoPOF, the ""Petite Ontologie Fondationnelle"", is an ontology developed at LIMICS to act as a foundational ontology in modular ontologies in the medical domain."
ONTOPSYCHIA	OntoPsychia ontology, social module		
ONTOREPLICOV			
ONTOSIM			A Ontologia do SIM foi desenvolvida no contexto do projeto DIASUS. Ela buscou resgatar a estrutura presente na ficha de preenchimento da Declaração de Óbito - DO, do Sistema de Informação de Mortalidade - SIM, do Sistema Único de Saúde, do Brasil. As classes são os blocos de preenchimento e as propriedades de dados, os campos da ficha. Um exemplo da DO é apresentado em: https://gitlab.com/beliefchangetools/diasus/-/blob/master/OF_SIM/ficha_SIM.pdf
ONTOSINASC			A Ontologia do SINASC foi desenvolvida no contexto do projeto DIASUS. Ela buscou resgatar a estrutura presente na ficha de preenchimento da Declaração de Nascido Vivo - DN, do Sistema de Informação de Nascidos Vivos - SINASC, do Sistema Único de Saúde, do Brasil. As classes são os blocos de preenchimento e as propriedades de dados, os campos da ficha. Um exemplo da DN é apresentado em: https://gitlab.com/beliefchangetools/diasus/-/blob/master/OF_SINASC/Ficha_SINASC.pdf
ONTOSTAR			
ONTOTOXNUC	OntoToxNuc		Créée le 14/06/2011 par Jean Charlet et Pierre-Yves Vandenbussche à partir du fichier Excel corrigé
ONTRISCAL			
ONVOC			
OOEVV			
OPE			The Ontology of Physical Exercises (OPE) contains concepts related to physical exercises, affected musculoskeletal system parts, exercise equipment, monitoring devices, intended health outcomes, and target ailments for treatment or prevantion.
OPTIMAL			The purpose of the ontology is to identify adherence to physical activity or exercise based on factors characterizing patient profile (e.g., demographics, lifestyle, social support, physiological condition, etc.). The ontology is focusing on physical-activity-related adherence subject matter of patients with heart disease. The main target users are healthcare professionals working with cardiac patients in a matter of recommending or coaching of physical activity and exercise. Another group of target users is professionals involved in the development of software solutions to support patient physical activity and exercise performance.
OPTION-ONTOLOGY	OPTION - Ontology for Benchmarking Optimization Algorithms		
ORCS	Ontology for Representing CDM Semantics		
OSDI	OSDi		Ontología diseñada para recopilar e inferir los parámetros necesarios para crear una evaluación de tecnología sanitaria basada en simulación
PACO	Physical Activity Concept Ontology		this is a physical activity concept ontology that contains various types of physical activities and the modifiers used to qualify/quantify physical activities
PAE			"""Filtered from plant_ontology_assert.obo to have only plant anatomical entity terms. Matches plant_ontology.obo version #20"
PAIN	The Pain Ontology		The Pain Ontology contains terms for representing pain as defined by the International Association For the Study of Pain (IASP), meaning that pain is both an unpleasant physical sensation and unpleasant emotional experience. It includes terms and axioms to represent the multidimensional aspect of pain, such as temporality (e.g, acute, chronic), qualitative (e.g., sharp, throbbing), extent (e.g., local, widespread), biological mechanism (e.g., nociceptive, neuropathic), and specific anatomical locations (e.g., back, knee).
PANDA	Probabilistic Knowledge Assembly Ontology		Probabilistic Knowledge Assembly (PANDA) Ontology has been developed in the context of the DARPA's Big Mechanism research program. It provides a semantic interface for capturing information on molecular interactions extracted from scientific texts. Conceptually, PAF ontology supports 3 layers of representation: 1) Domain knowledge: molecular interactions, their participants, structure, and (possibly) formal relationships to some external biological models. 2) Textual evidence: sentences extracted from text, speaking about those interactions, and their provenance-related information. 3) Probabilisitic information associated with different aspects of the representation (see the imported Uncertainty Ontology).
PARTUMDO			
PATCT			
PATEL			
PATGV			
PATHLEX			
PATIT			
PATMHC			
PBO			
PCAO			
PCMO			
PDO_CAS			
PDON			
PDQ			RDF Version of the UMLS ontology PDQ; converted with the UMLS2RDF tool (https://github.com/ncbo/umls2rdf), developed by the NCBO project.
PE			
PE-O	Basic Formal Ontology (BFO)		
PEAO			
PEDTERM			
PEO			
PEO_ONTOLOGY	PEO ontology: an ontology for prompt engineering and large language models.		The PEO ontology is a modern ontology that covers state-of-art prompt engineering techniques and large language models. The ontology is designed to support students, researchers and developers who want to know more about prompt engineering, applying prompting techniques in solving tasks.
PESONT			
PGHDPROV	PGHDPROVO		Patient Generated Health Data (PGHD) refer to health data collected by patient or their relatives. This ontology seeks to capture information about the data, the provenance and data quality associated with PGHD shared with an EHR.
PHAGE			
PHARE			The aim of this ontology is to be used in the text extraction of pharmacogenomics relationships. It enables the comparison, standardization and integration of relations expressed in an heterogeneous manner in natural langage.
PHASES	Promoting Health Aging through Semantic Enrichment of Solitude Research (PHASES) Ontology		PHASES provides an ontology for integrating research in solitude and gerotranscendence. By integrating these areas of study, we aim to deepen our understanding of each and how they promote healthy aging.
PHFUMIADO			This file contains develomental stages for Ciona intestinalis. Stages were initially defined by K. Hotta and published on the FABA website (http://chordate.bpni.bio.keio.ac.jp/faba/). They are also used in the Aniseed system (http://www.aniseed.cnrs.fr/). File contains anatomical territory definition from Aniseed
PHMAMMADO			This file contains develomental stages for Phallusia mammillata. Stages were initially defined by K. Hotta and published on the FABA website (http://chordate.bpni.bio.keio.ac.jp/faba/). They are also used in the Aniseed system (http://www.aniseed.cnrs.fr/). File contains anatomical territory definition from Aniseed
PHYLONT			
PICO	Pathogen-related Informed Consent Ontology (PICO：病原体相关知情同意本体)	https://github.com/BFO-ontology/BFO	The Pathogen-related Informed Consent Ontology (PICO) is an ontology for the informed consent and informed consent process in the pathogen-related medical fields, especially for pathological data use.
PIERO			PierO (Enzyme Reaction Ontology for Partial Information) intends to describe enzyme reactions even if the only partial information is available, aiming at the use for metabolomics studies. It contains hierarchical classification and ontology of functional groups and chemical substructures, which is originally obtained from BiSSCat database (http://bisscat.org/) and has been modified.
PINO			
PLANTSO	Plant Stress Ontology		An ontology describing biotic and abiotic plant stresses.
PLIO			Protein-Ligand Interaction (PLIO) is an ontology focused on protein-ligand interactions at micro-scale level and it captures the key areas of knowledge describing parameters and forces involved in protein-ligand interactions.
PMA			
PMAPP-PMO	PMO		The Precision Medicine Ontology focuses on the development of a high level patients-centric ontology for the academic research, it systematically integrates biomedicine vocabularies from GO, NCBI Gene, DrugBank, HPO, MeSH, SNOMED CT, etc.
PMD			
PMDO			The Parkinson Movement Disease Ontology (PMDO) is an application ontology developed to support epilepsy focused informatics tools for patient care and clinical research. PMDO is released by the Case Western Reserve University, Cleveland, OH, USA and University of Vermont Medical Center under the Creative Commons Non-Commercial, Share Alike and Unported License. Authors: Deepak K. Gupta, Satya S. Sahoo Contributors: Raj Contact: satya.sahoo at case.edu
PMO			
PNADO			Pneumonia Diagnosis Ontology (PNADO) provides the necessary knowledge to diagnose infective pneumonia. It covers symptoms and clinical signs, clinical history, pathogens, laboratory tests and results, imaging, differential diagnosis and pneumonia complications.
POEM	Psychometric Ontology of Experience and Measures		The Psychometric Ontology of Experience and Measures provides an ontology of domain concepts for the measurement of symptoms and syndromes related to psychiatric conditions.
PREMEDONTO			
PREO	Presence Ontology v1.0.0		This is the first version of the Presence Ontology. Presence Ontology aims to capture the psychosocial aspects of healthcare and disease prevention. We will make changes henceforth in the reorganization of the class/property hierarchies and incorporating other concepts.
PROJ	A Project ontology		"The PROJECT ontology is designed to enable publication of information describing projects, including research projects. It is not designed to support project management, though sub-activities are included. As far as possible PROJECT is intended to be domain-neutral, and it is expected that domains and applications will specialize or extend this ontology for more specific purposes. The ontology gives terms to support the representation of: - project planning, funding, goals - project stakeholders and relationships - project activities and timeline One specialization is included - the **Research Project** - which has been the subject of several predecessor designs that have informed the design of this ontology, including: - In [FOAF](http://xmlns.com/foaf/0.1/) the foaf:Project class is a stub (no specific properties) which was included primarily to act as the topic of a homepage - [Description of a Project ontology (DOAP)](https://en.wikipedia.org/wiki/DOAP) is oriented to software development projects - [Funding, Research Administration and Projects Ontology (FRAPO)](http://purl.org/cerif/frapo) is aimed at describing administrative information relating to grant funding and research projects. - [Project Documents Ontology (PDO)](http://vocab.deri.ie/pdo) relates to various documents in a project-specific setting, like meeting minutes, status reports etc - In [VIVO-ISF](https://github.com/openrif/vivo-isf-ontology) the [vivo:Project](http://vivoweb.org/ontology/core#Project) class is very lightweight, characterised only by its timing and geographic focus The [DBPedia ontology](http://dbpedia.org/ontology/) provides what is probably the most general purpose class for projects: [dbo:Project](http://dbpedia.org/ontology/Project) is described as ""a temporary endeavor undertaken to achieve defined objectives"" and has key properties relating to timing, objectives, and classification (keywords). PROJECT extends the W3C PROV-O ontology. Otherwise, it has no dependencies except for the normal RDF/OWL infrastructure ([RDF](https://www.w3.org/TR/rdf11-concepts/), [RDFS](https://www.w3.org/TR/rdf-schema/), [OWL2](https://www.w3.org/TR/owl2-quick-reference/)), [Dublin Core](http://dublincore.org/documents/2010/10/11/dcmi-terms/) for some ontology metadata, and [SKOS](https://www.w3.org/TR/skos-reference/) to support some relationships between Role values, and project classification. A summary of the main classes and relationships in PROJECT is shown in the diagram below, including the key superclass `prov:Activity`. ![summary of PROJECT ontology](../images/Project-overview.png) Core classes from PROJECT vocabulary."
PSDS			Filtered from plant_ontology_assert.obo to have only plant structure development stage terms. Matches plant_ontology.obo Release Version #20.
PSO_2			
PTO	Plant Trait Ontology		An ontology that describes phenotypic traits in plants. Each trait is a distinguishable feature, characteristic, quality or phenotypic feature of a developing or mature plant.
PTRANS	Pathogen Transmission Ontology		The Pathogen Transmission Ontology describes the transmission methods of human disease pathogens describing how a pathogen is transmitted from one host, reservoir, or source to another host. The pathogen transmission may occur either directly or indirectly and may involve animate vectors or inanimate vehicles.
PTRO			The Ontology for Preclinical Trials in Radiation Oncology (PTRO), is a domain-specific ontology designed to integrate SEND-standardized preclinical data using semantic web technologies. PTRO incorporates the Semantic Types Ontology (STY) as a framework for broad concept categorization.
PTS			
QUANTUM-MIND			A formal ontology of the psychodynamic architecture of consciousness as detailed in the Quantum Mindfulness source material. This model defines the sequential process from Observation to the emergence of a final Mental State, and the mechanism of Belief Formation.
QUDT2	Quantities, Units, Dimensions and Types (QUDT) Schema		
RAO			
RB			Revision 114
RCTONT			
RCTV2			
RDA-CONTENT			
RDA-ISSUANCE			
RDAO		https://github.com/BFO-ontology/BFO	Please see the project site https://github.com/BFO-ontology/BFO, the bfo2 owl discussion group http://groups.google.com/group/bfo-owl-devel, the bfo2 discussion group http://groups.google.com/group/bfo-devel, the tracking google doc http://goo.gl/IlrEE, and the current version of the bfo2 reference http://purl.obolibrary.org/obo/bfo/dev/bfo2-reference.docx. This ontology is generated from a specification at https://github.com/BFO-ontology/BFO/tree/master/src/ontology/owl-group/specification/ and with the code that generates the OWL version in https://github.com/BFO-ontology/BFO/tree/master/src/tools/. A very early version of BFO version 2 in CLIF is at http://purl.obolibrary.org/obo/bfo/dev/bfo.clif.
RDL			
RDO			
REGN_BRO			
REGN_GO	Gene Ontology		The Gene Ontology (GO) provides a framework and set of concepts for describing the functions of gene products from all organisms.
REPO			
RH-MESH			
RNPRIO			
RNRMU			
ROADMAP			
ROO			
ROS			This ontology describes commonly contoured structures for radiation treatment planning. It was created to ease and standardize radiation oncology data integration into clinical datawarehouse.
RPO			
SARSMUTONTO			SARSMutOnto is an ontology that describes the SARS-CoV2 genome structure by detailing its component genes. It also describes all the variants listed by the researchers while keeping the hierarchical relationship (variant / sub-variant) between the variants
SATUSEHATTHESIS			
SCIO			
SCO	Semantic Modeling of Cohort Descriptions in Research Studies		The Study Cohort Ontology encodes the vocabulary to represent population desriptions in research studies, and provides the ability to model the aggregative descriptive statistical measures defined on the variables of subjects who are participants in the study population. We make it possible to represent a study component considered for determining the patient alignment to a research study, and we assist physicians in evaluating the fit of their patient population to the study population. In SCO, we are building a world-view inspired by the upper level Ontology SemanticScience Integrated Ontology (SIO) to model the descriptive statistics of characteristics on a set of patients (patient group) administered a medical intervention, and studied for an outcome in a research study. Since we capture the various definitions of patient groups (ie. by interventional measures or by control mechanisms), we provide the basic framework for filtering searches and to define cohort similarity at different granularities. ( cohort level and the study group levels ). For researchers who wish to contribute to the expansion of our ontology, we advise that they refer to our ontology documentation to familiarize themselves with the structure and term annotations ( such as definitions and labels).
SCO-U	Sustainability Core Ontology (SCO)		SCO is a middle-level ontology, representing the major theoretical challenges to sustainability: 1) The polysemy of the term sustainability. 2) The relationship between sustainability and sustainable development. 3) The complexity underlying sustainability. SCO aims to play a pivotal role in harmonizing and integrating top-level and domain ontologies regarding sustainability.
SCO_V1	Sustainability Core Ontology (SCO)		SCO is a middle-level ontology, representing the major theoretical challenges to sustainability: 1) The polysemy of the term sustainability. 2) The relationship between sustainability and sustainable development. 3) The complexity underlying sustainability. SCO aims to play a pivotal role in harmonizing and integrating top-level and domain ontologies regarding sustainability.
SD3	Medical Simulation Scenario Deviations		A taxonomy that categorizes scenario delivery and documentation deviations during high-fidelity simulations
SDO			
SDOED			
SDOHO			
SEDI			(c) SOHARD Software GmbH 2015
SEPON	Sepsis Ontology (SO)		
SHR			
SIMM			
SITBAC			
SK			
SL_DIS			This ontology aims to facilitate- the diagnostic procedure of sleep disorders
SLEEP	SLEEP2 ontology		The SLEEP ontology aims to facilitate the collection of PGHD related to sleep patterns and behaviors. It was created by organizing sleep-related terms gathered from sleep questionnaires and specialized literature.
SNMI			RDF Version of the UMLS ontology SNMI; converted with the UMLS2RDF tool (https://github.com/ncbo/umls2rdf), developed by the NCBO project.
SNPO	SNP-Ontology full		A domain representation of genomic variations.
SOCPRES			
SOHO			
SOLO	Solitude Ontology		The Solitude Ontology contains terms for defining and classifying concepts related to solitude, including its dimensions, experiences, and outcomes. Its concepts and relationships support the development of tools and resources that enhance understanding of solitude. The Solitude Ontology is developed as a subset of (http://purl.obolibrary.org/obo/phases.owl). Issues and term requests can be submitted at (https://github.com/Buffalo-Ontology-Group/phases/issues).
SOY			
SP	SMART Protocols Ontology		The SMART Protocols ontology represents the document and workflow aspects of a experimental protocol in life sciences.
SP_ONTOLOGY			
SPO	Skin Physiology Ontology		An ontology that describes physiological processes and functions in the skin, across a wide range of spatial scale.
SPTO			
SSBD	SSBD Ontology		The SSBD Ontology is an ontology of SSBD (https://ssbd.riken.jp). SSBD is a platform for sharing and reusing bioimaging data. SSBD:database is an added-value database for bioimages and biological dynamics data. It provides a rich set of open resources for analyzing microscopy images and qunatitative data of biological objects, such as single-molecule, cell, tissue, individual, etc., and software tools for analysis. Microscopy images and quantitative biological data are collected from a variety of species, sources, and methods. These include data obtained from both experiments and computational simulations.
SSE	Memorial Sloan-Kettering Cancer Center: Surgical Secondary Events Ontology		Developed for Memorial Sloan-Kettering Cancer Center by Marcinko Enterprise, Inc. (dba MEI)
SSO			
STMSO			STMSO is an OWL 2 ontology for symptomatic treatment for multiple sclrosis patients. The ontology is based on BFO and OGMS.
STO-DRAFT	Stroke Ontology (STO)		The Stroke Ontology (STO) is a disease-specific ontology to representation of the Stroke knowledge domain.
STRONG	Mental Stress Ontology		This ontology is a module of the human stress ontology, developed in the context of the PGHD(person-generated health data) project, supported by the National Research Foundation of Korea. This ontology included such extension for 11 relatively standard instruments: (1) Stress Appraisal Measure (SAM) (2) Perceived Stress Scale (PSS-10) (3) The Ardell Wellness Stress Test (4) Stress and Adversity Inventory (STRAIN) Screener for Adults (5) Stress Level Test(Self-assessment) (6) The Work Stress Questionnaire(WSQ) (7) The Social Readjustment Rating Scale(SRRS) (8) Depression, Anxiety and Stress Scale-21 Items(DASS-21) (9) International Stress Management Association UK(ISMA) (10) The Carver Brief COPE Inventory(COPE) (11) Coping Resources Inventory for Stress(CRIS).
SUICIDEO			Clinical Psychology Terms is a controlled vocabulary with a wide variety of concepts used in the psychological literature to facilitate the search and retrieval about specific concepts.
SURGICAL			This ontology was generated from a transitional care graph from a domain expert.
SVU_MWS_WSM			Syrian Cinema Ontology
SVU_MWS_WSM_F23			Syrian Cinema Ontology
SYRIANDRUGS			
TAON			TAON is a comprehensive ontology of the therapeutic antibody, which included antibody terms and drug terms.
TARA	TARA Acupoints Ontology		The TARA Acupoints Ontology is an ontology developed as part of the Topological Atlas and Repository for Acupoint Research (TARA) project funded by the National Institute of Health (NIH). The goal of TARA is to establish a new comprehensive resource for the acupuncture research and clinician community. The ontology will be used to support semantic search and annotations for anatomical maps, atlases, and data sets relevant to the TARA project.
TCO			
TDWGSPEC	TDWG Specimen LSID Ontology		Ontology describing the metadata returned for LSIDs that are used for specimen   records.
TEO			
TEST_A			
TESTEX			
THREE-ST			
TIMEBANK	Timebank Ontology		An ontology to describe poeple and requests for timebanks. This includes the poeple's skills, limitations, and environment.
TM-SIGNS-AND-SYMPTS			
TMO	Translational Medicine Ontology		The Translational Medicine Ontology (TMO) is a high-level, patient-centric ontology that extends existing domain ontologies to integrate data across aspects of drug discovery and clinical practice. The ontology has been developed by participants in the World Wide Web Consortium’s Semantic Web for Health Care and Life Sciences Interest Group.
TOK	Ontology Describing terminological and ontological Knowledge resources		
TOP-MENELAS	OntoMénélas, top-ontology, core-ontology, and cardiac surgery ontology		
TP_REL_FAM			
TRAK			
TRIAGE			
TRON			
TYPON	TypOn - The Microbial Typing Ontology		TyPon provides a comprehensive description of the existing microbial typing methods for the identification of bacterial Isolates and their classification. Such a description constitutes an universal format for the exchange of information on the microbial typing field, providing a vehicle for the integration of the numerous disparate online databases. In its current version, TyPon describes most used microbial typing methods but it is, and always will be, a work in progress given the constant advances in the microbial typing field.
UCVA			UCV Analysis Ontology
UGANDA_DISEASES			
UHC-METADATA			Public Hleath ontology put together at the UHC 2023 SUmmer Institute course on FAIR and CARE principles.
UMMS			Ontology for Univeristy of Maryland Medical System's Enterprise Data & Aalytics
UNITSONT			This is a subset of the measurement units needed for the Sleep Domain Ontology.
URL	Towards Autonomous Data Curation Agents: A URL Annotation Standard		This ontology provides a standardized approach for annotating URLs to support autonomous data curation agents in the biomedical domain. It includes detailed representations of URL components, parameters, and associated metadata.
VDOT	Viral Desease Ontology Trunk		
VEMO	Veterinary Epidemiology Metadata Ontology (VEMO) v0.2		A lightweight application ontology that aligns a veterinary epidemiology metadata template to existing vocabularies (DCAT, DCTERMS, PROV-O, DQV, FOAF, SKOS, OBO/OBI). Version 0.2 includes full DQV integration with proper Dimensions, Metrics, and Quality Measurements. Complete coverage of Appendix 1-3 metadata requirements.
VEO			Visual Emotion Ontology (VEO) is an ontology that links visualizations with specific emotions from the Ortony, Clore, and Collins' description of human emotions.
VFB_DRIVERS	VFB Driver Ontology		An ontology of Drosophila melanogaster drivers and expression patterns. All genetic objects are created using data taken directly from FlyBase.
VICO			The vaccination informed consent Ontology (VICO) is an ontology in the domain of vaccination/immunization informed consent.
VIMM			
VIO	VIO: Vaccine Investigation Ontology		VIO is an VO-extended ontology with the aim to standardize the metadata types in various vaccine investigation studies.
VIVO-ISF	VIVO-ISF Ontology version 1.6		
VODAN_ANC			
VODANA-GENERAL			
VODANA-MI			
VODANA-MIGRANTS			
VODANA-MPA			
VODANACOVID			
VODANADISEASES			
VODANANIGERIA			
VVMM			
VVO	VVO -- Vitis Vinifera Ontology	https://www.edithlaszny.eu/	The VVO (Vitis Vinifera Ontology) is a controlled vocabulary that formally describes the morphological structures, phenological growth and developmental stages, quality parameters, dispositions, roles, and information entities of Vitis vinifera L., the common grapevine.
WC			distributed under the MIT License (https://github.com/KarrLab/wc_lang/blob/master/LICENSE)
WETAXTOPICS			
WSIO			Acknowledgement for technical support: Torbjorn Lium, Lorand Janos Szentennai, Stanislav Oltu.
WWECA			Version date: September 9, 2022
XREF-FUNDER-REG			
ZONMW-ADMIN-MD			
ZONMW-CONTENT			
ZONMW-GENERIC			
