prefix	name	homepage	description
ABD	Anthology of Biosurveillance Diseases	http://brd.bsvgateway.org/disease	Our disease ontology provides information on infectious diseases, disease synonyms, transmission pathways, disease agents, affected populations and disease properties. Diseases have been grouped into syndromic disease categories, such that programmers can look through relevant categories, as well as at specific diseases. Organisms, linked to both agents and populations, are structured hierarchically, to provide multiple levels of organism resolution. In addition, both disease transmission and relevant disease properties are available to search. Disease properties include tags like 'notifiable diseases' and 'economic importance' to flag particular disease characteristics that may be of interest, but are not captured elsewhere.
ACESO	Adverse Childhood Experiences Ontology		
ACGT-MO	Cancer Research and Management ACGT Master Ontology	http://www.ifomis.org/acgt	The intention of the ACGT Master Ontology (MO) is to represent the domain of cancer research and management in a computationally tractable manner.
ACVD_ONTOLOGY	Atherosclerotic Cerebrovascular Disease Ontology		
AD-CDO	Alzheimer's Disease Common Data Element Ontology for Clinical Trials		The Alzheimer’s Disease Common Data Element Ontology for Clinical Trials (AD-CDO) is a semantically enriched, lightweight ontology designed to represent and standardize key eligibility criteria concepts in Alzheimer’s disease (AD) clinical trials. It bridges the gap between broad biomedical ontologies and the task-specific needs of trial modeling. AD-CDO was constructed by extracting high-frequency concepts from over 1,500 AD interventional trials registered on ClinicalTrials.gov. To balance coverage with manageability, the ontology utilizes the Jenks Natural Breaks method to identify the most representative concepts. The key feature of AD-CDO is its extensive mapping to standardized biomedical vocabularies to support data integration and phenotyping.
AD-DROP	Alzheimer Disease Relevance Ontology by Process		Alzheimer Disease Relevance Ontology by Process (AD-DROP) aimed at classifying Disease Relevant Process according to their specificity, frequency and pathogenic intensity properties toward AD
ADALAB	AdaLab ontology		AdaLab ontology
ADALAB-META	AdaLab-meta ontology		
ADAR	Autism DSM-ADI-R ontology		The autism DSM-ADI-R (ADAR) ontology extends an ontology by Tu et al. with additional SWRL rules to infer phenotypes from ADI-R items. It includes OWL class definitions representing DSM IV diagnostic criteria for autistic disorder and ASD criteria for Autism Spectrum Disorder OWL Reasoners can thus infer autism-related phenotypes from ADI-R questionnaire results Tu SW, Tennakoon L, Connor MO, Das A. Using an Integrated Ontology and Information Model for Querying and Reasoning about Phenotypes : The Case of Autism. AMIA Annu Symp Proc 2008;727–31
ADHER_INTCARE_EN	Adherence and Integrated Care		This ontology includes concepts in English related to adherence to therapeutic plans in the context of integrated care. Includes maps with Snomed CT, bibliographic references and definitions from the Dictionary of the Royal Academy of Medicine of Spain. Ontology developed with the support of the project StandICT.eu. The equivalent ontology in Spanish is ADHER_INTCARE_SP.
ADHER_INTCARE_SP	Adherence and Integrated Care in Spanish		
ADICAP	Association pour le Développement de l'Informatique en Cytologie et Anatomie Pathologique		
ADMF	alzhaimer dessiese main factors		
ADMIN	Nurse Administrator		This is an ontology showing a nurse administrator's process domain
ADMO	Alzheimer Disease Map Ontology		
AGROCYMAC	Control y Monitoreo de afecciones en los cultivos		Agrocymac es una ontología creada para estructurar información sobre el control y monitoreo de plagas, malezas y enfermedades que afectan específicamente a los cultivos de Arroz, Café y Cacao.
AGROMOP	Control de Cacao		
AHSO	Animal Health Surveillance Ontology	http://datadrivensurveillance.org/ahso	(Work in progress - please contact ahso@datadrivensurveillance.org before using this ontology) This is an ontology for health surveillance, assuming that surveillance data is recorded at three main levels: SAMPLE data - data about specific collected samples; OBSERVATIONS, which can aggregate several samples; and OBSERVATIONAL CONTEXT, which is the context in which the observations were made (for instance clinical observation, surveillance sampling, etc). HEALTH EVENT is the occurrence in the real World to be modeled. This occurrence is an abstract concept, as it generally cannot be determined what are its boundaries in time, space, or population units. We assume that several OBSERVATIONS are derived from each health event, and recorded in the same or different databases - for instance clinical journal, laboratory database, abattoir. At the same time or not. AHSO attempts to model these time specific observations. The ontology is focused on the modeling of the animal and health information connected to a single observation, made at a specific point on time. All the information recorded is relative to that specific point in time. For instance, an animal belongs to a herd, which belongs to an owner, AT THE TIME OF THE OBSERVATION. We do not attempt to model how that animal changed herds on time. Similarly, we do not model clinical progression. It is up to those using the data to create definitions of when two observations should be connected to the same event.
AI	Artificial Intelligence		
AI-RHEUM	Artificial Intelligence Rheumatology Consultant System Ontology	https://www.nlm.nih.gov/research/umls/sourcereleasedocs/current/AIR/index.html	AI/RHEUM is used for the diagnosis of rheumatologic diseases. AI/RHEUM contains findings, such as clinical signs, symptoms, laboratory test results, radiologic observations, tissue biopsy results, and intermediate diagnosis hypotheses. Findings and hypotheses, which include definitions, are used to reach diagnostic conclusions with definite, probable, or possible certainty. AI/RHEUM is used by clinicians and informatics researchers.
AIDENTIFYAGE	AIdentifyAGE		The AIdentifyAGE ontology provides a comprehensive vocabulary description for forensic age assessment using dental biological markers, promoting the transparent assessment processes in forensic odontology and age diagnostics. It formalizes expert knowledge according to IOFOS, AGFAD, ABFO, ADA and ISO standards, ensuring semantic interoperability and ethical AI integration. This ontology is a work in progress developed under the AIdentifyAGE project (FCT Grant 2024.07444.IACDC), within the national investment RE-C05-i08 – More Digital Science, measure RE-C05-i08.M04 – Support to R&D projects for advanced cybersecurity, artificial intelligence and data science systems in public administration. This work is being developed in collaboration with researchers from the University of Lisbon (Portugal), the University of Münster (Germany), and the University of Zagreb (Croatia), within the framework of the AIdentifyAGE international consortium. This ontology is described in detail in this preprint https://doi.org/10.48550/arXiv.2602.16714 Base Ontology for use in AIdentifyAGE Project, within the framework of the AIdentifyAGE international consortium., Base Ontology for use in AIdentifyAGE Project
ALLERGIDOC	Allergy Ontology		
ALLERGYDETECTOR	Allergy Detector II		
ALTPROTON	An Ontology for integration and interoperability of multi-aspect data of Protein food production chains		The ALTPROTON ontology is the foundation of a cloud-based interoperable data platform specifically tailored to address the complexities of the protein food production chain. The ALTPROTON consists of three main domains food quality, sustainability, and food processing. The multi-aspect data generated within each domain are connected via the most representative concepts to effectively integrate and interoperable for future advancement in the food industry and protein food research sector. The paper describes the concepts, classes, and relationships used in ALTPROTON to fill the gaps in existing food ontologies and databases.
AMINO-ACID	Amino Acid Ontology		
ANCO	ANC Ontology		
AO	Asthma Ontology	http://www.clininf.eu	Asthma ontology
APACOMPUTER	Computer Cluster		APA Computer Cluster
APADISORDERS	Disorders cluster		APA Disorders cluster, owls loaded from urls.
APAEDUCLUSTER	Educational Cluster		
APANEUROCLUSTER	APA Neuro Cluster		APA Neuropsychology and Neurology Cluster
APAOCUEMPLOY	APA Occupational and Employment cluster		APA Occupational and Employment Cluster
APASTATISTICAL	APA Statistical Cluster		
APATANDT	APA Tests and Testing cluster		
APATREATMENT	APA Treatment Cluster		APA Treatment Cluster
ARCRC	Arctic Report Card	https://github.com/DataONEorg/sem-prov-ontologies/tree/master/arctic-report-card	An ontology associated with the National Oceanic and Atmospheric Administration's (NOAA) Arctic Report Card: https://arctic.noaa.gov/Report-Card project.
ASDPTO	Autism Spectrum Disorder Phenotype Ontology		Autism Spectrum Disorder Phenotype Ontology encapsulates the Autism Spectrum Disorder behavioral phenotype, informed by the standard ASD assessment instruments and the currently known characteristics of this disorder. http://www.ncbi.nlm.nih.gov/pubmed/24163114
ASPECT	ASPECT: wind energy vAriableS, ParametErs and ConsTants	http://purl.org/aspect	This is a taxonomy (i.e. controlled vocabulary) of variables, parameters, and constants used in the wind energy community.
ASSAYNODE	Assaynode		An ontology providing controlled vocabularies for Sequence Analysis and sequencing instrument model.
AURA	KB_Bio_101	http://www.ai.sri.com/people/chaudhri	KB_Bio_101 is the ontology of the AURA + Inquire project @ SRI International, Menlo Park. This work is owned by Vulcan Inc. and is licensed for use under the Creative Commons Attribution-NonCommerical-ShareAlike 3.0 license (http://creativecommons.org/licenses/by-nc-sa/3.0/). Vulcan Inc., June 2013
BAO-GPCR	G Protein-Coupled Receptor BioAssays Ontology	http://www.bioassayontology.org/	The G protein-coupled receptors (GPCRs) ontology (http://www.bioassayontology.org/bao_gpcr) describes pharmacology, biochemistry and physiology of these important and therapeutically promising class of academic and pharmaceutical research targets. Incorporation and comparison of various small molecule screening data sets, such as those deposited in PubChem, ChEMBL, KEGG, PDSP, and/or IUPHAR databases, requires a formalized electronic organization system. In order to bridge the gap between the overflow of HTS data and the bottleneck of integrated analysis tools, herein, we provide the first comprehensive GPCR ontology. The development and utility of GPCR ontology was based on previously developed BioAssay Ontology (BAO). The GPCR ontology contains information about biochemical, pharmacological, and functional properties of individual GPCRs as well as GPCR-selective ligands inclusive of their HTS screening results and other records. This provides the first all-inclusive GPCR ontology with all available data to model the relationship between the GPCR binding sites and their physiologic and pharmacologic role in physiology via small molecule chemical structures. We developed this system using emerging semantic technologies, by leveraging existing and descriptive domain level ontologies.
BBO	Biomedical Burden Ontology	https://git.soton.ac.uk/meldb/ontologies/	The Biomedical Burden Ontology (BBO) is a BFO-aligned OWL ontology for representing and integrating burden-related aspects of patient experience in biomedicine. It models burden as an affective, appraisal-based process that links situations (e.g., symptom, treatment, disease-course, and side-effect processes) to their perceived impacts on goals and expectations, informed by predictive processing/active inference accounts of cognition. BBO reuses and extends MFO, MFOEM, OGMS, and CCO/IAO, and provides patterns to annotate questionnaire-based measurements (e.g., PETS, MTBQ, MDASI), enabling semantic interoperability, automated reasoning, and analysis of burden across research and clinical settings. , The Biomedical Burden Ontology is an ontology of biomedical burdens. It includes support for burden-related entities, such as treatment burden, symptom burden, and burden appraisals.
BCGO	Breast Cancer Grading Ontology		
BCI-O	Brain-Computer Interaction (BCI) Ontology	http://lov.okfn.org/dataset/lov/vocabs/bci	The BCI ontology specifies a foundational metadata model set for real-world multimodal Brain-Computer Interaction (BCI) data capture activities. Its structure depicts a conceptual framework that BCI applications can extend and use in their implementations, to define core concepts that capture a relevant and interoperable metadata vocabulary. This ontology is aligned to the Semantic Sensor Network Ontology (SSN): a domain-independent and end-to-end model for sensor/actuator applications. Hence, its structure has been normalized to assist its use in conjunction with other ontologies or linked data resources to specify any particular definitions (such as units of measurement, time and time series, and location and mobility), that specialized applications in the BCI domain might need. Its spec provides general alignment data modeling guidelines for core concepts, to help BCI applications in their design.
BCLION	Breast Cancer Lifestyle Ontology		The Breast Cancer Lifestyle Ontology (BCLION) captures various factors related to lifestyle choices and behaviors that may influence the risk of developing breast cancer. It provides a structured representation of these factors in a hierarchical manner, allowing for a comprehensive understanding of the different aspects of breast cancer lifestyle.
BCMO	Breast Cancer-Microbiome Ontology		The aim of BCMO is to construct a comprehensive and standardized data collection method to study the interaction between the microbiome and breast cancer, including clinical data, pathology, epidemiology, demographic characteristics and lifestyle of breast cancer. Through standardized methods, research results in related research fields can be structured, shareable and comparable. It will contribute to the study of how the microbiome interacts with breast cancer.
BCON	Breast Cancer Ontology		
BCS7	Breast Cancer Staging - 7th Edition	https://cancer-staging-ontology.github.io	Breast Cancer Staging axioms as per the AJCC 7th Edition Guidelines.
BCS8	Breast Cancer Staging - 8th Edition	https://cancer-staging-ontology.github.io	Breast Cancer Staging axioms as per the AJCC 8th Edition Guidelines.
BCSR-ONTO	Breast cancer screening recommendation ontology		BCSR-Onto represents knowledge about risk assessment and recommendations by diverse guidelines for breast cancer screening both for women at high and average risk of developing breast cancer.
BCTEO	Bone and Cartilage Tissue Engineering Ontology		Ontology that describes the field of Tissue Engineering for what concerns bone and cartilage tissues.
BCTT	Behaviour Change Technique Taxonomy		
BDO	Bone Dysplasia Ontology		The Bone Dysplasia ontology provides a comprehensive and formal representation of the different domain concepts involved in documenting the full complexity of the skeletal dysplasia domain. It captures and combines the genetic features that discriminate the bone dysplasias with the multitude of phenotypic characteristics manifested by patients and required to be taken into account in order to support the diagnosis process.
BDPM	Base de Données Publique des Médicaments		
BE	Bioentities		
BERO	Biological and Environmental Research Ontology	https://github.com/berkeleybop/bero	Biological and Environmental Research Ontology (BERO) is an application ontology developed by the combination of many ontologies (base or subsets) namely : ChEBI, ECOCORE, EDAM, ENVO, GO, MeSH, MOP, NCBITaxon, NCIT, OBI, OMO, PATO, PO and TO.
BFLC	LC BIBFRAME 2.0 Vocabulary Extension	http://id.loc.gov/ontologies/bflc.html	An experimental extension to BIBFRAME 2.0 primarily for use by the Library of Congress, but with additions also applicable for other users
BFPO	Bioreactor Fermentation Process Ontology		Domain ontology for the formalization of knowledge about the fermentation bioprocess in bioreactor. Developed as part of the CDT+KG project at Universidad del Cauca, Colombia - Ontología de dominio que formaliza el conocimiento del bioproceso de fermentación en biorreactor. Desarrollada como parte del proyecto CDT+KG en la Universidad del Cauca. Caso de uso: fermentación de café de especialidad.
BHN	Biologie Hors Nomenclature		
BHO	Bleeding History Phenotype Ontology		
BIBLIOTEK-O	The Biblioteko Ontology		
BIFO	Biofilm Ontology	https://github.com/biofilmDB/ontology	BIFO is intended to provide a biofilm ontology capable of understanding fundamental terminologies the relations between common biofilm terminologies following the guidelines of the Basic Formal Ontology (BFO).
BIM	Biomedical Image Ontology	https://sites.google.com/site/bimontology/	Biomedical images published within the scientific literature play a central role in reporting and facilitating life science discoveries. Existing ontologies and vocabularies describing biomedical images, particularly sequence images, do not provide sufficient semantic representation for image annotations generated automatically and/or semi-automatically. We present an open ontology for the annotation of biomedical images (BIM) scripted in OWL/RDF. The BIM ontology provides semantic vocabularies to describe the manually curated image annotations as well as annotations generated by online bioinformatics services using content extracted from images by the Semantic Enrichment of Biomedical Images (SEBI) system. The BIM ontology is represented in three parts; (i) image vocabularies - which holds vocabularies for the annotation of an image and/or region of interests (ROI) inside an image, as well as vocabularies to represent the pre and post processing states of an image, (ii) text entities - covers annotations from the text that are associated with an image (e.g. image captions) and provides semantic representation for NLP algorithm outputs, (iii) a provenance model - that contributes towards the maintenance of annotation versioning. To illustrate the BIM ontology’s utility, we provide three annotation cases generated by BIM in conjunction with the SEBI image annotation engine., The BIM ontology provides semantic vocabularies to describe the manually curated image annotations as well as annotations generated by online bioinformatics services using content extracted from images by the Semantic Enrichment of Biomedical Images (SEBI) system. The BIM ontology is represented in three parts; (i) image vocabularies - which holds vocabularies for the annotation of an image and/or region of interests (ROI) inside an image, (iii) a provenance model - that contributes towards the maintenance of annotation versioning.
BIN	Body in Numbers project terminology		
BIOMO	Biological Observation Matrix Ontology		The BIOMO ontology maps the HDF5 based BIOM format (http://biom-format.org/) to OWL, offering a method to convert a BIOM file to RDF and therefore publish it as Linked Data
BIOMODELS	BioModels Ontology	https://code.google.com/p/sbmlharvester/	OWL Representation of the models in the BioModels repository.
BIOPAX	BioPAX Level 3 ontology		
BIPOM	Biological interlocked Process Ontology for metabolism		
BIPON	Bacterial interlocked Process ONtology		BiPON is an ontology permitting a multi-scale systemic representation of bacterial cellular processes and the coupling to their mathematical models. BiPON is further composed of two sub- ontologies, bioBiPON and modelBiPON. bioBiPON aims at organizing the systemic description of biological information while modelBiPON aims at describing the mathematical models (including parameters) associated to each biological process.
BIRTHONTO	BirthOnto: Birth Data Analysis		
BLLM	Large Language Model Ontology		
BMS-LM	BioMedical Study Lifecycle Management		Biomedical research data reuse and sharing is essential for fostering research progress. To this aim, data producers need to master data management and reporting through standard and rich metadata, as encouraged by open data initiatives such as the FAIR (Findable, Accessible, Interoperable, Reusable) guidelines. This helps data re-users to understand and reuse the shared data with confidence. Therefore, dedicated frameworks are required. The provenance reporting throughout a biomedical study lifecycle has been proposed as a way to increase confidence in data while reusing it. The Biomedical Study - Lifecycle Management (BMS-LM) data model has implemented provenance and lifecycle traceability for several multimodal-imaging techniques but this is not enough for data understanding while reusing it. Actually, in the large scope of biomedical research, a multitude of metadata sources, also called Knowledge Organization Systems (KOSs), are available for data annotation. In addition, data producers uses local terminologies or KOSs, containing vernacular terms for data reporting. The result is a set of heterogeneous KOSs (local and published) with different formats and levels of granularity. To manage the inherent heterogeneity, semantic interoperability is encouraged by the Research Data Management (RDM) community. Ontologies, and more specifically top ontologies such as BFO and DOLCE, make explicit the metadata semantics and enhance semantic interoperability. Based on the BMS-LM data model and the BFO top ontology, the BioMedical Study - Lifecycle Management (BMS-LM) core ontology is proposed together with an associated framework for semantic interoperability between heterogeneous KOSs. It is made of four ontological levels: top/core/domain/local and aims to build bridges between local and published KOSs. In this paper, the conversion of the BMS-LM data model to a core ontology is detailed. The implementation of its semantic interoperability in a specific domain context is explained and illustrated with examples from small animal preclinical research.
BMT	Biomedical Topics		An ontology of biological and biomedical topics, created from merging the EDAM Topics sub-ontology with auxiliary topics that are out of scope of EDAM.
BNO	Bionutrition Ontology		The Bionutrition Ontology relates concepts and terminologies used for human nutrition in a clinical and biomedical setting.
BOSHI	boshra		
BP	BioPAX Ontology of Biological Pathways		
BP-METADATA	BioPortal Metadata Ontology	http://www.bioontology.org/wiki/index.php/BioPortal_Metadata	This ontology represents the structure that BioPortal uses to represent all of its metadata (ontology details, mappings, notes, reviews, views)
BPFORMS	Ontology of chemically concrete, composable DNA, RNA, and protein residue and crosslinks		
BPT	Biological Pathway Taxonomy		Biological Pathway Taxonomy (BPT) - hierarchical taxonomy of cellular and molecular mechanisms, metabolic reactions, and diseases that can be shown as signaling pathways. BPT was created manually based on the Elsevier Pathway Collection available for public usage.  There are 3 types of entities in BPT – pathway, group, and folder of pathways and groups.  Group is the list of genes and proteins associated with biological function and diseases.  Pathway is an interactive model of molecular interactions in human and mammalian cells described in the literature. Each model was reconstructed based on facts published in peer-reviewed journals, with manually quality control.  BPT pathway entity includes several properties such as link to the model in Pathway Studio software which allows reading supported sentences from published articles and additional information about members. A list of members for each model can be provided by request. Property “network” describes maps without logical causal relationships between members to distinguish them from actual models of molecular mechanisms (“signaling”).  The index folder contains all pathways and groups sorted alphabetically.
BRAIN-COF	Computational Ontology Framework for Brain Profiles		
BRCT	Brain Region & Cell Type terminology		The BRCT stands for Brain Region and Cell Type terminology, which was built with the purpose of organizing the knowledge domain of brain anatomy with a top-down granularity, from gross regions to cell types. This resource has been created for use in the IMI-funded AETIONOMY project (www.aetionomy.org).
BRIDG	Biomedical Research Integrated Domain Group Model	http://www.bridgmodel.org/	The Biomedical Research Integrated Domain Group (BRIDG) Model is a collaborative effort engaging stakeholders from the Clinical Data Interchange Standards Consortium (CDISC), the HL7 Regulated Clinical Research Information Management Technical Committee (RCRIM TC), the National Cancer Institute (NCI) and its Cancer Biomedical Informatics Grid (caBIG®), and the US Food and Drug Administration (FDA). The BRIDG model is an instance of a Domain Analysis Model (DAM). The goal of the BRIDG Model is to produce a shared view of the dynamic and static semantics for the domain of protocol-driven research and its associated regulatory artifacts. This domain of interest is further defined as: Protocol-driven research and its associated regulatory artifacts: i.e. the data, organization, resources, rules, and processes involved in the formal assessment of the utility, impact, or other pharmacological, physiological, or psychological effects of a drug, procedure, process, or device on a human, animal, or other subject or substance plus all associated regulatory artifacts required for or derived from this effort, including data specifically associated with post-marketing adverse event reporting. This OWL version of the BRIDG model is create by the National Cancer Institute (NCI). Source repository: https://ncisvn.nci.nih.gov/WebSVN/listing.php?repname=bridg-model&path=%2Ftrunk%2FModel+-+OWL%2F&
BRO	Biomedical Resource Ontology	http://www.ncbcs.org/biositemaps/	A controlled terminology of resources, which is used to improve the sensitivity and specificity of web searches.
BRSO	Biological Resource Schema Ontology		
BSAO	Botryllus schlosseri anatomy and development ontology		
BT	BioTop Ontology		
BT-ONTOLOGY	BrainTeaser Ontology (BTO)		
BTO-BFO	Brinell Test Ontology-BFO		Brinell Test Ontology (BTO) has developed for representing the Brinell testing process, testing equipment requirements, test pieces charactristics, and related testing parameters and their measurement procedure according to DIN EN ISO 6506-1 standard., KupferDigital project (www.materialdigital.de/project/1)
BTO-EMMO	Brinell Test Ontology-EMMO		
BTO-PROVO	Brinell Test Ontology-PROVO	https://gitlab.com/kupferdigital/process-graphs/brinell-hardness-test/	Brinell Test Ontology (BTO) has developed for representing the Brinell testing process, testing equipment requirements, test pieces charactristics, and related testing parameters and their measurement procedure according to DIN EN ISO 6506-1 standard. Versions info: V4 developed using PROVO+PMDco top-level ontologies.
BTO_ONTOLOGY	Brain Tumour Ontology	https://github.com/subhashishhh/BTO-Ontology/blob/master/BrainTumour_ontology.owl	The purpose of this work is to develop an ontology-based framework for developing an information retrieval system to cater to specific queries of users. For creating such an ontology, information was obtained from a wide range of information sources involved with brain tumour study and research. The information thus obtained was compiled and analysed to provide a standard, reliable and relevant information base to aid our proposed system. Facet-based methodology has been used for ontology formalization for quite some time. Ontology formalization involves different steps such as identification of the terminology, analysis, synthesis, standardization and ordering. A vast majority of the ontologies being developed nowadays lack flexibility. This becomes a formidable constraint when it comes to interoperability. We found that a facet-based method provides a distinct guideline for the development of a robust and flexible model concerning the domain of brain tumours. Our attempt has been to bridge library and information science and computer science, which itself involved an experimental approach. It was discovered that a faceted approach is really enduring, as it helps in the achievement of properties like navigation, exploration and faceted browsing. Computer-based brain tumour ontology supports the work of researchers towards gathering information on brain tumour research and allows users across the world to intelligently access new scientific information quickly and efficiently.
C19M	COVID-19		
CABRO	Computer Assisted Brain Injury Rehabilitation Ontology		
CANCO	Cancer Chemoprevention Ontology		The Cancer Chemoprevention Ontology constitutes a vocabulary that is able to describe and semantically interconnect the different paradigms of the cancer chemoprevention domain.
CANONT	Upper-Level Cancer Ontology		
CARELEX	Content Archive Resource Exchange Lexicon	http://www.carelex.org	Contains controlled vocabulary terms from National Cancer Institute used to classify clinical trial electronic content (documents, images, etc). A Content model contains content classification categories (classes) and metadata properties (data properties). Data properties should be assigned to each Content Type. This model has been published as part of the new OASIS eTMF Standard, a draft specification available at: http://oasis-open.org/committees/etmf. CareLex is a non-profit organization formed to promote eClinical application and content interoperability for the life sciences and healthcare industries. For more info go to www.CareLex.Org
CARESSES	CARESSES Ontology		The CARESSES Ontology encodes guidelines defined by experts in Transcultural Nursing, with the aim of offering a specific tool for endowing social assistive robots (assisting older adults) with cultural competence.
CAROLIO	Caroli's Disease and Syndrome Ontology		
CARRE	CARRE Risk Factor ontology	http://www.carre-project.eu	Clinical risk factors, evidence and observables
CASE-BASE-ONTO	Case-base ontology for gastric dystemperament in Persian medicine		The case-base ontology was developed for a CBR system to diagnose gastric dystemperament in the Persian medicine.
CATALOG-THEMES	Catalog Themes		
CBCTX	CalendarBench Context	https://github.com/MaaniBeigy/calendar-bench	Curated dictionary of *momentary* context-feature IRIs for persona-based simulation. Stable user characteristics (full Big Five score, identity, etc.) belong in persona `characteristics:`, NOT here. Trait STATES (e.g. currently behaving in a high-extraversion manner) are included under `trait_state`. behaviour_state and capability_opportunity entries carry theory_mappings tying the IRI to TDF / COM-B / HAPA / TTM / SDT.
CBHT	CalendarBench Health Tasks		
CBO	Cell Behavior Ontology		
CCONT	Cell Culture Ontology		CCONT is an ontology for the formal representation of cell lines and their correspnding culture conditions.
CCTOO	Cancer Care: Treatment Outcome Ontology		The Cancer Care: Treatment Outcomes Ontology (CCTOO) catalogues various clinical endpoints used in evaluating outcomes of cancer treatment. In addition to a vocabulary list, CCTOO also curates the dependencies between individual concepts, in form of production rules, for translating clinical findings recorded in the electronic medical records (EMR) into literature-based concepts. An earlier version of this ontology was presented as a scientific abstract alongside the American Society of Clinical Oncology annual meeting 2017, Chicago, USA (J Clin Oncol 2017; 35 suppl; abstr e18137). Full paper on http://ascopubs.org/doi/abs/10.1200/CCI.18.00026
CDMONTO	Common Diabetes Medications Ontology		The Common Diabetes Medications Ontology (CDMOnto) is an ontology-based decision support system that has been developed with the objective of providing appropriate treatment suggestions for diabetic patients. The CDMOnto Ontology serves as a foundation for shared semantics, domain-specific, standard, and interoperable knowledge pertinent to common diabetes medications. It encompasses the knowledge of diabetes medications and offers a unified terminology that can be disseminated and processed by medical professionals, pharmacists, and diabetic patients.
CDO	Chinese Diabetes Mellitus Ontology		
CDOH	Commercial determinant of Health Ontology		
CDPEO	Chronic Disease Patient Education Ontology		This ontology is used to recommend personalized education materials to chronic disease patients. The constructed ontology mainly consists of two levels. Level 1 includes 5 terms: demographic, disease, vital sign, lifestyle and medication, which describe the characteristics contained in the patient data, as well as the topics of education materials. Leve 2 contains the detailed elements for each Level 1 class. The patient profile class is used to generate the instance of patient data, using object properties to connect to the specific characteristic class. The patient data will be mapped to a vector space generated from the Level 2 classes. SWRL rules are added to implement the semantic logic of mapping from patient original data to the ontology vector space. The pulblication of the ontology is in preperation.
CDSSONTOBRIEF	Clinical Decision Support System Ontology-Brief Version		This is a beta version of CDSS ontology-brief version for community feedback and imporvement.
CEDARPC	CEDAR Provisional Classes	http://metadatacenter.org/	CEDAR Provisional Classes
CEDARVS	CEDAR Value Sets	http://cedar.stanford.edu	Value Sets used by the CEDAR project
CHD	Congenital Heart Defects Ontology	http://homes.esat.kuleuven.be/~bioiuser/chdwiki	An ontology that describes the Congenital Heart Defects data.
CHEAR	Children's Health Exposure Analysis Resource		Children's health and wellbeing are influenced by interactions between environmental and genetic factors. NIEHS is establishing an infrastructure, the Children's Health Exposure Analysis Resource (CHEAR), to provide the extramural research community access to laboratory and data analyses that add or expand the inclusion of environmental exposures in children's health research. The goal of CHEAR is to provide tools so researchers can assess the full range of environmental exposures which may affect children's health. We anticipate that CHEAR will be used by children's health researchers conducting epidemiological or clinical studies that currently have limited consideration of environmental exposures, or those who have collected exposure data but seek more extensive analyses.
CHEMBIO	Systems Chemical Biology and Chemogenomics Ontology		
CHO	ChemoOnto		ChemoOnto, an ontology to qualify the course of chemotherapies
CHRO	Chromatin Regulator Ontology		Functional and biochemical description of covalent histone modifiers and chromatin remodeler proteins.
CIINTEADO	Ciona intestinalis Anatomy and Development Ontology	http://www.aniseed.cnrs.fr/	The first ontology describing the anatomy and the development of Ciona intestinalis, based on the Hotta developmental table.
CISAVIADO	Ciona savignyi Anatomy and Development Ontology	http://www.aniseed.cnrs.fr/	The first ontology describing the anatomy and the development of Ciona savignyi, based on the Hotta developmental table.
CKDO	Chronic Kidney Disease Ontology	http://clininf.eu	The Chronic Kidney Disease Ontology was developed to assist routine data studies and case identification of CKD in primary care.
CMDO	Clinical MetaData Ontology		
CMR-QA	Cardiovascular Magnetic Resonance Quality Assessment Ontology		
CN	computer network		
CNO	Computational Neuroscience Ontology		CNO is a controlled vocabulary of terms used in Computational Neurosciences to describe models of the nervous system. This first release of CNO is an alpha version and should be further aligned with other ontologies accessible on Bioportal and should be made compliant with the OBO foundry recommendations. This work is licensed under the Creative Commons Attribution 3.0 Unported License. To view a copy of this license, visit http://creativecommons.org/licenses/by/3.0/ or send a letter to Creative Commons, 444 Castro Street, Suite 900, Mountain View, California, 94041, USA. If you have any comments, questions or suggestions, please contact Yann Le Franc at ylefranc(at)gmail.com.
CO	Crop Ontology		
CO-WHEAT	Wheat Trait Ontology	http://cropontology.org/	This ontology defines traits of the International Wheat Information System (IWIS) database and wheat descriptor.
COCHRANE	Cochrane Core Vocabulary Ontology		
CODO	CODO: an Ontology for collection and analysis of COviD-19 data		
COGAT	Cognitive Atlas Ontology	http://www.cognitiveatlas.org	The Cognitive Atlas is a collaborative knowledge building project that aims to develop an ontology that characterizes the state of current thought in cognitive science. It defines a set of mental concepts along with a set of mental tasks, and the measurement relations between those classes.
COGITO	Cognitive Task Ontology		
COGMEMO	Thesaurus of the Cognitive Psychology of Human Memory	https://loterre.istex.fr/P66/en/	The Thesaurus of the Cognitive Psychology of Human Memory (CogMemo), developed at Inist-CNRS, is a bilingual (French-English) terminological resource covering concepts from cognitive research on human memory: memory systems and processes, empirical effects, memory disorders, study methods, measures, theories, and models. The majority of concepts are documented with a definition and a selective bibliography. Some entries are further enriched with scope notes, examples, moderating variables, and images. References to open datasets and replication studies are also provided. The architecture of the thesaurus is based on hierarchical (broader/narrower), associative, and equivalence (synonyms) relations. To reflect the structure of knowledge in the field of memory, other relations specify the links between concepts.
COGPO	Cognitive Paradigm Ontology		
COHSI2STUDY	cohsi2study		
COHSI2TERMSWEEKX	cohsi2termsweekx		
COID	Combined Ontology for Inflammatory Diseases	https://github.com/sap218/coid	A domain ontology for inflammatory diseases, with ICD-10 used as a foundation. Ontology is expanded to include medical therapies, anatomy, and symptoms. With the addition of synonyms and lay terms derived from embedding models.
COKPME	COKPME - COVID19 Ontology for analyzing the Karnataka Private Medical Establishments Data		
COMET	LinkML Common Metadata Elements and Terms	https://github.com/linkml/linkml-common	A collection of common metadata elements and terms for constructing LinkML Schemas and Data Models
COMO	Context and Measurement Ontology		Ontological terms to describe experimental data, probably useful for other environmental microbiology projects. Used in several CORAL (Contextual Ontology-based Repository Analysis Library) deployments. See more about this platfom at https://github.com/jmchandonia/CORAL
COMODI	COMODI		
CONDOR	Liver Cancer Ontology Diagnosis Treatment	https://www.ki.uni-stuttgart.de/departments/ac/research/projects/ATLAS/	The CONDOR is a comprehensive framework designed to encapsulate the multifaceted aspects of liver cancer patient care. It encompasses essential elements ranging from patient profiles to disease classifications and treatment options. This ontology aims to streamline the process of liver cancer analysis and treatment, enabling more personalized and effective patient care strategies.
CONTSONTO	Continuity of care	http://purl.org/net/for-coc	The Ontology of Continuity of care (ContSOnto) is an emerging research area consisting of the extension of a healthcare ontology to inform the continuity of care domain. This field is positioned at the confluence of health informatics, nursing informatics, process modelling, and artificial intelligence. This research relating to ContSOnto is underpinned by health informatics standard ISO 13940 Systems of Concepts for Continuity of Care ContSOnto focuses on how information flows from different information systems across and between services for clinical applications and health care professionals to use. Figure 14.2 provides an illustration (see https://contsys.org/pages/Guest%20blog/FormalOntology)of how the different classes and relationships in the standard are represented. The subject of care refers to the individual service user and health care actors can be human or non-human, for example, a health care professional or an organization. We have added concepts related to social determinants of health (SDH) in version 1.6.
COPDO	COPD Ontology	http://clininf.eu	The COPD Ontology is a biomedical ontology used for modelling concepts associated to chronic obstructive pulmonary disease in routine clinical databases.
COPPER	COntextualised and Personalised Physical activity and Exercise Recommendations		The Contextualised and Personalised Physical activity and Exercise Recommendations (COPPER) ontology was created in order to support action and coping planning in the context of physical activity promotion by providing personalised recommendations for activities, activity context, barriers and coping strategies.
COSTART	Coding Symbols for a Thesaurus of Adverse Reaction Terms	http://www.nlm.nih.gov/research/umls/sourcereleasedocs/current/CST/	Coding Symbols for Thesaurus of Adverse Reaction Terms (COSTART). 5th ed. Rockville (MD). COSTART is used for coding, filing, and retrieving post-marketing adverse drug and biologic experience reports. COSTART is organized in body system and pathophysiology hierarchies, as well as a separate fetal/neonatal category of less than 20 terms. COSTART has been superseded by the Medical Dictionary for Regulatory Activities (MedDRA) Terminology. For more information about MedDRA in the Metathesaurus, see the MedDRA source synopsis. COSTART was last updated in the Metathesaurus in 1999.
COVID-19-ONT-PM	COVID-19OntologyInPatternMedicine	https://blog.51.ca/u-345129/2020/11/13/the-preliminary-researches-on-the-data-dynamics-of-covid-19/	This ontology will focus on the COVID-19 fields in order to help the hard efforts against the outbreak of the pandemic. It is expected, through the ontology, to understand the medical events or conditions and make medical decisions in more integrated or systematic ways, based on more engineered or calculation methods. This ontology will also be involved in the explorations on the Pattern Medicines (PMs) and so called the Generalized Biology Mechanics (GBM), raised by the author in his Biomedical Knowledge Integration (BMKI), a pilot topic full of challenges.
COVID19-IBO	Covid19 Impact on Banking Ontology		
COVIDCRFRAPID	WHO COVID-19 Rapid Version CRF semantic data model		
CPRO	Computer-Based Patient Record Ontology	https://code.google.com/p/cpr-ontology/	A uniform core set of data elements (whose formal semantics are captured in OWL) for use in a Computer-Based Patient Record (CPR)
CPTAC	CPTAC Proteomics Pipeline Infrastructure Ontology		a basic ontology which describes the proteomics pipeline infrastructure for CPTAC project
CRENO	Culture, Race, Ethnicity and Nationality Ontology		
CS	Coping Strategies for Adverse Drug Events Ontology		
CSEO	Cigarette Smoke Exposure Ontology	https://publicwiki-01.fraunhofer.de/CSEO-Wiki/index.php/Main_Page	The CSEO has potential to become a widely used standard within the academic and industrial community. Mainly because of the emerging need of systems toxicology to controlled vocabularies and also the lack of suitable ontologies for this domain, the CSEO prepares the ground for integrative systems-based research in the exposure science.
CSSO	Clinical Signs and Symptoms Ontology	http://mdb.bio.titech.ac.jp/csso	An ontology for describing clinical signs and symptoms.
CST	Cancer Staging Terms		This ontology consists of cancer staging terms that specify higher-level terms that are useful in classifying cancer, specifically breast cancer, according to the AJCC 7th and 8th editions.
CSTD	Clinical smell and taste disorders		This is an knowledge domain about smell and taste disoders. The aim of this ontology domain is the facilitate high throughput and deep-phenotyping assessment in clinical smell and taste research.
CTGO	Clinical Trials Gov Ontology	http://mraas.ai/ontologies/ctgo.ttl	The Clinical Trials Gov Ontology (CTGO) is based on the AACT database schema for Aggregate Analysis of ClinicalTrials.gov. AACT contains information about clinical studies that have been registered at ClinicalTrials.gov. AACT includes all of the protocol and results data elements for studies publicly available at ClinicalTrials.gov.
CTO-NDD	Clinical Trials Ontology - Neurodegenerative Diseases		The CTO-NDD stands for Clinical Trial Ontology-Neurodegenerative Diseases, which was built with the purpose of organizing the knowledge domain of clinical trials in neurodegeneration field. This resource has been created for use in the IMI-funded AETIONOMY project (www.aetionomy.org).
CTONT	Epoch Clinical Trial Ontology		
CTU_BEREADY_GEM	CTU Bern BEReady Gemeinden		
CTX	Cerebrotendinous Xanthomatosis Ontology	http://www.usc.es/keam/~mariataboada/	The ontology represents CTX phenotypes, genetic variants, and bidirectional relationships between them though a patient model. The CTX ontology was build reusing the Human Phenotype Ontology (HPO) and the Snomed ct ontologies. A set of temporal clinical manifestations are semantically annotated with a domain phenotype ontology and registered with a time-stamped value.
CU-VO	Venom Ontology		
CVAO	STO		Stroke ontology
CWD	Consumer Wearable Device		Consumer Wearable Devices (CWD) enable passive, low-burden, longitudinal collection of data relevant to health behaviors, human performance, and biometrics. Such data are increasingly used to tailor clinical and public health interventions and as outcome measures in clinical trials. The uptake of CWD in research applications warrants an examination of the data collected from these products. This ontology was developed based on a review of publicly available documentation and data sets from three CWD vendors and is open for researchers to modify + extend as new features become available.
CXSO	Cathexis Somatic Ontology		A formal vocabulary for representing body-based therapeutic experience in computational systems. The Cathexis Somatic Ontology (CSO) defines 29 anatomical zones, 20 sensation qualities, 7 primary affect systems, 19 brain regions, 11 functional networks, 5 ecological context layers, and 16 territories of human experience. Designed for digital mental health platforms, AI agent integration via Model Context Protocol (MCP), and clinical research. Grounded in constructed emotion theory (Barrett), predictive processing (Friston), primary affect systems (Panksepp), somatic markers (Damasio), neuropsychoanalysis (Solms), the entangled brain (Pessoa), and memory systems and reconsolidation (Kandel)., A formal vocabulary and relational schema for encoding body-based therapeutic experience computationally. Defines entity classes for anatomical zones, sensation qualities, neurobiological organization patterns (territories), therapeutic change mechanisms, brain regions, ecological layers, and intervention architectures, organized within a Markov blanket framework.
CYTO	CYTOKINE		
D3O	DSMZ Digital Diversity Ontology	https://hub.dsmz.de/	The DSMZ Digital Diversity Ontology (D3O) is an ontology designed to standardize and integrate data related to microbial diversity and associated resources within the context of the DSMZ’s Digital Diversity Knowledge Graph. This ontology provides a structured framework to represent various aspects of microbial data, including taxonomic information, strain properties, cultivation conditions, and media links. D3O facilitates cross-referencing between internal DSMZ datasets and external biological resources, supporting enhanced data discovery, interoperability, and research in microbiology, genomics, and metabolomics. The ontology includes both object properties, which link entities such as bacterial strains to external resources (e.g., literature references or media descriptions), and data properties, which associate entities with literal values (e.g., taxonomic identifiers, growth conditions). Designed for use in RDF-based knowledge graphs, D3O supports flexible integration with other life science ontologies, promoting consistency and reuse in the broader scientific community.
DATACITE-VOCAB	DATACITE V4.4		
DATAHUB	RADx Data Hub Ontology		
DBM	DBM Ontology		
DCAT-FDC	Data Catalog Vocabulary (DCAT)		
DCAT3	DCAT3	https://www.w3.org/TR/vocab-dcat-3/	Data Catalog Vocabulary (DCAT) - Version 3 is an RDF vocabulary designed to facilitate interoperability between data catalogs published on the Web. By using DCAT to describe datasets in data catalogs, publishers increase discoverability and enable applications easily to consume metadata from multiple catalogs. It further enables decentralized publishing of catalogs and facilitates federated dataset search across sites. Aggregated DCAT metadata can serve as a manifest file to facilitate digital preservation., هي أنطولوجية تسهل تبادل البيانات بين مختلف الفهارس على الوب. استخدام هذه الأنطولوجية يساعد على اكتشاف قوائم البيانات المنشورة على الوب و يمكن التطبيقات المختلفة من الاستفادة أتوماتيكيا من البيانات المتاحة من مختلف الفهارس., Το DCAT είναι ένα RDF λεξιλόγιο που σχεδιάσθηκε για να κάνει εφικτή τη διαλειτουργικότητα μεταξύ καταλόγων δεδομένων στον Παγκόσμιο Ιστό. Χρησιμοποιώντας το DCAT για την περιγραφή συνόλων δεδομένων, οι εκδότες αυτών αυξάνουν την ανακαλυψιμότητα και επιτρέπουν στις εφαρμογές την εύκολη κατανάλωση μεταδεδομένων από πολλαπλούς καταλόγους. Επιπλέον, δίνει τη δυνατότητα για αποκεντρωμένη έκδοση και διάθεση καταλόγων και επιτρέπει δυνατότητες ενοποιημένης αναζήτησης μεταξύ διαφορετικών πηγών. Συγκεντρωτικά μεταδεδομένα που έχουν περιγραφεί με το DCAT μπορούν να χρησιμοποιηθούν σαν ένα δηλωτικό αρχείο (manifest file) ώστε να διευκολύνουν την ψηφιακή συντήρηση., DCATは、ウェブ上で公開されたデータ・カタログ間の相互運用性の促進を目的とするRDFの語彙です。このドキュメントでは、その利用のために、スキーマを定義し、例を提供します。データ・カタログ内のデータセットを記述するためにDCATを用いると、公開者が、発見可能性を増加させ、アプリケーションが複数のカタログのメタデータを容易に利用できるようになります。さらに、カタログの分散公開を可能にし、複数のサイトにまたがるデータセットの統合検索を促進します。集約されたDCATメタデータは、ディジタル保存を促進するためのマニフェスト・ファイルとして使用できます。, DCAT è un vocabolario RDF progettato per facilitare l'interoperabilità tra i cataloghi di dati pubblicati nel Web. Utilizzando DCAT per descrivere i dataset nei cataloghi di dati, i fornitori migliorano la capacità di individuazione dei dati e abilitano le applicazioni al consumo di dati provenienti da cataloghi differenti. DCAT permette di decentralizzare la pubblicazione di cataloghi e facilita la ricerca federata dei dataset. L'aggregazione dei metadati federati può fungere da file manifesto per facilitare la conservazione digitale. DCAT è definito all'indirizzo http://www.w3.org/TR/vocab-dcat/. Qualsiasi scostamento tra tale definizione normativa e questo schema è da considerarsi un errore di questo schema., DCAT je RDF slovník navržený pro zprostředkování interoperability mezi datovými katalogy publikovanými na Webu. Poskytovatelé dat používáním slovníku DCAT pro popis datových sad v datových katalozích zvyšují jejich dohledatelnost a umožňují aplikacím konzumovat metadata z více katalogů. Dále je umožňena decentralizovaná publikace katalogů a federované dotazování na datové sady napříč katalogy. Agregovaná DCAT metadata mohou také sloužit jako průvodka umožňující digitální uchování informace. DCAT je definován na http://www.w3.org/TR/vocab-dcat/. Jakýkoliv nesoulad mezi odkazovaným dokumentem a tímto schématem je chybou v tomto schématu., DCAT is an RDF vocabulary designed to facilitate interoperability between data catalogs published on the Web. By using DCAT to describe datasets in data catalogs, publishers increase discoverability and enable applications easily to consume metadata from multiple catalogs. It further enables decentralized publishing of catalogs and facilitates federated dataset search across sites. Aggregated DCAT metadata can serve as a manifest file to facilitate digital preservation. DCAT is defined at http://www.w3.org/TR/vocab-dcat/. Any variance between that normative document and this schema is an error in this schema., DCAT est un vocabulaire développé pour faciliter l'interopérabilité entre les jeux de données publiées sur le Web. En utilisant DCAT pour décrire les jeux de données dans les catalogues de données, les fournisseurs de données facilitent leur découverte et permettent que les applications consomment facilement les métadonnées de plusieurs catalogues. Il permet de plus la publication décentralisée des catalogues et facilite la recherche fédérée des données entre plusieurs sites. Les métadonnées DCAT aggrégées peuvent servir comme un manifeste pour faciliter la préservation digitale des ressources. DCAT est définie à l'adresse http://www.w3.org/TR/vocab-dcat/. Toute différence entre ce document normatif et le présent vocabulaire est une erreur dans le vocabulaire., DCAT es un vocabulario RDF diseñado para facilitar la interoperabilidad entre catálogos de datos publicados en la Web. Utilizando DCAT para describir datos disponibles en catálogos se aumenta la posibilidad de que sean descubiertos y se permite que las aplicaciones consuman fácilmente los metadatos de varios catálogos., DCAT er et RDF-vokabular som har til formål at understøtte interoperabilitet mellem datakataloger udgivet på nettet. Ved at anvende DCAT til at beskrive datasæt i datakataloger, kan udgivere øge findbarhed og gøre det gøre det lettere for applikationer at anvende metadata fra forskellige kataloger. Derudover understøttes decentraliseret udstilling af kataloger og fødererede datasætsøgninger på tværs af websider. Aggregerede DCAT-metadata kan fungere som fortegnelsesfiler der kan understøtte digital bevaring. DCAT er defineret på http://www.w3.org/TR/vocab-dcat/. Enhver forskel mellem det normative dokument og dette schema er en fejl i dette schema.
DCCDFV	Dublin Core Collection Description Frequency Vocabulary	http://dublincore.org/groups/collections/accrual-policy/	The Collection Description Accrual Policy Vocabulary provides a set of terms that can be used as values of the dcterms:accrualPolicy property in descriptions of collections.
DCM	DICOM Controlled Terminology		
DCO	Dispedia Core Ontology		
DDIEM	Drug Database for Inborn Errors of Metabolism (DDIEM) Ontology	http://ddiem.phenomebrowser.net/	DDIEM Ontology for the Drug Database for Inborn Errors of Metabolism. The DDIEM database is a database of therapeutic strategies and treatments for inborn errors of metabolism. These strategies are classified by mechanism and outcome using the DDIEM Ontology. The DDIEM database also includes descriptions of the phenotypes addressed by the treatment, together with drugs and procedures applied.
DDSS	Health_ontology		
DEB	Devices, Experimental scaffolds and Biomaterials Ontology	https://projectdebbie.github.io/	An ontology developed to facilitate information curation in the area of medical devices, experimental scaffolds and biomaterials. The ontology was designed to complement existing medical vocabularies, with emphasis on material processing, structures and features associated with biomaterials and experimental scaffolds. It is used as part of an automated text mining pipeline which populates the database of Experimental Biomaterials and their Biological Effect (DEBBIE). DEBBIE is an EU Horizon 2020 funded project. For more information visit https://projectdebbie.github.io/
DECIDE	DECIDE ONTOLOGY	https://github.com/decide-project-eu	DECIDE ontology provides a semantic framework for describing and integrating knowledge related to both aquaculture and terrestrial livestock species. This ontology was developed as part of the DECIDE EU 2020 project to support data integration, classification, and knowledge modeling in the domain of aquaculture. It provides a structured, upper-level framework for representing species (such as salmon, cattle, poultry, and pigs), production systems, measurement events, and health-related information including clinical signs, diagnostics, and interventions. The ontology is designed to be modular and extensible, and it can be adapted or reused for terrestrial livestock species such as cattle, poultry, and pigs. seeAlso: LivestockHealthOntology https://bioportal.bioontology.org/ontologies/LHO Its purpose is to facilitate harmonized data representation for improved disease surveillance, risk assessment, and decision support across livestock sectors.
DEMLAB	Dem@Care Lab Ontology for Dementia Assessment	http://www.demcare.eu/ontologies/demlab.html	The ontology has been developed in the framework of the Dem@Care project for representing the experimentation protocol towards diagnostic support and assessment of Dementia in a controlled environment. The aim of the protocol is to provide a brief overview of their health status of the participants during consultation (cognition, behaviours and function), and to correlate the system (sensor) data with the data collected using typical dementia care assessment tools., and to correlate the system (sensor) data with the data collected using typical dementia care assessment tools. The ontology describes the basic Steps of the experimentation protocol (Directed Activities, Semi-directed Activities and Free Discussion with the Clinician), the Tasks that are involved, as well as the measurement types relevant to each Task. The defined protocol can be reused and further extended, adding new steps, tasks and measured data. Documentation regarding the ontology vocabulary can be found at http://www.demcare.eu/ontologies/demlab.html
DERMLEX	Dermatology Lexicon		
DFO	Databank Family Ontology	https://w3id.org/dfo	The Databank Family Ontology describes groups of data banks with similar record prompts and originators.
DHMO	RADx Data Hub Metadata Ontology		
DIAB	BioMedBridges Diabetes Ontology		Diabetes ontology
DIAGONT	Diagnostic Ontology		
DIKB	Drug Interaction Knowledge Base Ontology	http://dbmi-icode-01.dbmi.pitt.edu/dikb-evidence/front-page.html	An evidence taxonomy for pharmacologic studies that, when combined with a set of inclusion criteria, enable drug experts to specify what their confidence in a drug mechanism assertion would be if it were supported by a specific set of evidence. Boyce R, Collins C, Horn J, Kalet I. Computing with evidence Part I: A drug-mechanism evidence taxonomy oriented toward confidence assignment. J Biomed Inform. 2009 Dec;42(6):979-89. Epub 2009 May 10. PubMed PMID: 19435613; PubMed Central PMCID: PMC2783801.
DILON	Dietary lifestyle ontology		
DLORO	Dependency Layered Ontology for Radiation Oncology	https://ont2bn.radonc.washington.edu/IROK/	Dependency Layered Ontology for Radiation Oncology
DMDSONT	Diabetes Mellitus Diagnosis and Support Ontology		"Diabetes Mellitus Diagnosis and Support Ontology (DMDSOnt) is created using OWL 2.0 according to the directions given in the IDF’s guidelines (2022). As required and directed in the IDF’s guidelines, DMDSOnt contains concepts and relations about the signs and symptoms observed in DM, active lifestyle expected from patients, genetic conditions of patients, physical activities to be followed, laboratory tests, other factors/criteria in the diagnosis of DM, and supportive treatment recommendations for the proper management of DM risk. IDF:	American Diabetes Association Professional Practice Committee. (2022). 2.Classification and diagnosis of diabetes: standards of medical care in diabetes—2022. Diabetes Care, 45, (Supplement_1), S17-S38, DOI: /10.2337/dc22-S002, http://diabetesjournals.org/care/article-pdf/45/Supplement_1/S17/637547/dc22s002.pdf."
DMTO	Diabetes Mellitus Treatment Ontology		
DOCCC	Diagnosis Ontology of Clinical Care Classification		
DOREMUS-KEYS	Doremus List of Keys		
DOVES	Digital medicine Outcomes Value Set (DOVeS) Ontology		
DPCO	Diabetes Pharmacology Ontology		
DRANPTO	Dementia-Related Agitation Non-Pharmacological Treatment Ontology		DRANPTO is developed for representing the domain knowledge specific to non-pharmacological intervention for agitation in dementia, particularly for the long-term care setting.
DREAMDNPTO	Dementia-Related Emotional And Mood Disturbance Non-Pharmacological Treatment Ontology		
DRMO	Dental Restorative Material Ontology		The DrMO ontology is a domain ontology that represents knowledge underlying the composition, characterization and standardization of different materials involved in the dental restoration procedure. It will assist dentists in selecting appropriate materials based on up-to-date scientific knowledge to satisfy a patient’s specific requirements, without jeopardizing their clinical time. It reuses several ontologies from the OBO foundry, especially the Oral Health and Disease (OHD) Ontology. However, the dental restoration domain is complex and also requires concepts from materials science and engineering. Thus, DrMO also incorporates knowledge from the Devices, Experimental scaffolds, and Biomaterials (DEB) and Functionally Graded Materials (FGM) ontologies to provide more comprehensive knowledge of this area of dental material than previous ontologies. However, much of the terminology from FGM is different than that used in clinical dentistry. Thus, DrMO has changed the appropriate classes to make them consistent with terminology common in dentistry. DrMO also follows ontology design best practices by reusing meta-data properties from the Dublin Core vocabulary. It captures knowledge from a large set of the most recent and influential papers in Dental Materials and related fields. Links to these papers are included in the ontology as meta-data defined with Dublin Core. It is implemented in OWL2 and was developed with the Protégé 5.5 ontology editor. The ontology was created using the Ontology Development 101 methodology by Natalya et.al. Several domain experts in addition to Dr. Dutta also provided their expertise. The ontology is available on GitHub and licensed via an open source license. The GitHub project includes a corresponding file of SPARQL queries that answer the competency questions defined as part of the ontology development methodology.
DRPSNPTO	Dementia-Related Psychotic Symptoms Non-Pharmacological Treatment Ontology		The DRPSNPTO ontology represents the domain knowledge specific to non-pharmacological treatment of psychotic symptoms in dementia in the long-term care setting.
DSAV	Digital Specimen Accessibility Vocabulary		
DSEO	Data Science Education Ontology		
DSIP	Pharmacy mock data		
DSIP1V	DSIP1_vocabulary		This is vocabularies for the DSIP Group 1 FieldLabs
DSIP2324_DEMO	DSIP2324_Demonstration		
DSIP7	DSIP_FieldLab_7		
DSIP8	DSIP8REFUGEE		
DSIP_FL_7	DSIP_FL_7		The Human Trafficking Vocabulary is an essential resource for researchers and analysts working with raw interview data gathered from refugees affected by human trafficking. It offers a standardized framework for categorizing and understanding various aspects of human trafficking incidents. The vocabulary includes terms for describing the nationality and location of human traffickers, the number of times traffickers are mentioned by independent sources, the type of observation obtained (first-hand or second-hand), and more. This vocabulary was created as part of Data Science in Practice Fieldlab-7, with guidance from Kai Smiths. It is continuously updated to reflect new insights and developments in the field of human trafficking research.
DSIPF7	DSIP FiledLab7		The Human Trafficking Vocabulary is an essential resource for researchers and analysts working with raw interview data gathered from refugees affected by human trafficking. It offers a standardized framework for categorizing and understanding various aspects of human trafficking incidents. The vocabulary includes terms for describing the nationality and location of human traffickers, the number of times traffickers are mentioned by independent sources, the type of observation obtained (first-hand or second-hand), and more. This vocabulary was created as part of Data Science in Practice Fieldlab-7, with guidance from Kai Smiths. It is continuously updated to reflect new insights and developments in the field of human trafficking research.
DSIPFL7	DSIP_Fieldlab_7		
E-PPO	Enhanced Personal Profile Ontology		
EBP	EmpowerBP		Clinical practice guidelines, behaviour change theories, and associated behaviour change strategies for the management of hypertension.
ECDO	Elderly Care Dementia Ontology		
ECM4M-MD-VOCABS	EarthCube M4M Metadata Vocabulary	https://github.com/go-fair-us/EarthCubeM4M	Collection of EarthCube M4M vocabularies for sample metadata definitions.
ECOSIM	ecosim ontology	https://github.com/cmungall/ecosim-ontology	An ontology of variables for earth system simulation, derived from the ecosim framework.
ECP	Electronic Care Plan	http://iris.med.duth.gr/research/ecp/ontology	Our focus in this work is to define in a formal way (ontology-based) and platform independent representative metadata and relationships of care plans. This approach has as goal to work as an umbrella over all these systems and provides some advantages regarding the management, the organization and the searching of formal care plans.
EDAM-BIOIMAGING	EDAM Bioimaging ontology	https://webprotege.stanford.edu/#projects/2ce704bf-83ed-4d2e-985f-84c4841fac71/edit/Classes	An ontology of imaging and related techniques and technologies, image processing and analysis, image data and formats, within bio- and other sciences. EDAM Bioimaging is an extension to the EDAM ontology (edamontology.org), dedicated to imaging and (bio)image informatics. It has been developed by an open, global community of contributors, including consortia and projects such as NEUBIAS/GloBIAS, COMULIS, ELIXIR, Euro-BioImaging, vEM, QUAREP-LiMi, foundingGIDE, EOSC OSCARS, and more, within bio- and other sciences.
EDDA_PT	EDDA Publication Types Taxonomy		
EDEM-CONNECTONTO	eDEM-Connect: Ontology of Dementia-related Agitation and Relationship between Informal Caregivers and Persons with Dementia		
EDONTOLOGY	Emergency Department Ontology		This research work contributes in the field of Information logistics and ontology development in healthcare. An ontology based model that can fix information flow problems in the ward-round process of hospital unit. The ontology based model can be used to provide relevant information to the domain users according to their needs and demands. The ontology based model projects domain users profiling and describes their roles, information demands with competencies: skills, qualifications and experiences. The ontology based model will be implemented in OWL language that can be used in an application to support ward-round activities for achieving effective patient’s treatment process. For ontology development is concerned, different ontology development methodologies have been reviewed from literature review by the author to analyze the existing problems in the ward-round. This thesis incorporates Hybrid Methodology (HM) that helps to develop ontology based model that addresses information flow problems in ward-round. The proposed ontology based model is developed in web Ontology Language (OWL) supported tool protégé 4.0.2 that can be considered as foundation to develop a software product with the help of IT practitioners and developers to fulfill medical practitioner’s demands in ward-round’s context.
EGO	Epigenome Ontology	https://github.com/EGO-ontology	The Epigenome Ontology (EGO) a biomedical ontology for integrative epigenome knowledge representation and data analysis.
ELD	EthiopianListOfDiseases		This is the list of Ethiopian Diseases approved by MOH Ethiopia
ELECTRICA	Ontology for ELEctronic tool for Clinicians, Trainers and Researchers In Child Abuse	https://github.com/fatibaba/electrica	An ontology to help describe data for ELEctronic tool for Clinicians, Trainers and Researchers In Child Abuse
ELIG	Eligibility Feature Hierarchy		We derived a set of 1,437 eligibility features that were organized into a feature hierarchy using 80 breast cancer trials.
ELTER_CL	eLTER Controlled Lists		eLTER Controlled Lists are used in different environmental projects related to the eLTER community.
EMIF-AD	EMIF-AD ontology		
EMO	Enzyme Mechanism Ontology		This ontology describes the components of an enzyme and its reaction mechanism including the roles that the components play in the reaction mechanism.
ENDOH	Environmental Determinants of Health		Clean air, stable climate, adequate water, sanitation and hygiene, safe use of chemicals, protection from radiation, healthy and safe workplaces, sound agricultural practices, health-supportive cities and built environments, and a preserved nature are all prerequisites for good health.
ENTITY	ISO-15926-2_2003_entityMembership		
ENVS_VARIABLES	ENVS variables		
EO	Ethnicity Ontoloy		
EO1	Example Ontology		Ontology with some information about patient's origin and disabilities
EP	Cardiac Electrophysiology Ontology		
EPIE	Epigenetic Entity		Biological entities associated with changes in the regulation of gene activity without alteration of genetic structure. Development of this terminology was funded by the National Institute of Child Health and Human Development in support of the Placental Atlas Tool (PAT) with final verification by the PAT External Scientific Panel. This terminology was developed through a combination of resources including existing biomedical ontology resources, such as the Gene Ontology and the National Cancer Institute Thesaurus, web-based content, and epigenetic literature.
EPILONT	Epilepsy Ontology	http://www.epilepsiae.eu	Ontology about the epilepsy domain and epileptic seizures. Based on the diagnosis proposed by the International League Against Epilepsy (ILAE).
EPIP	Epigenetic Process		Biological processes associated with changes in the regulation of gene activity without alteration of genetic structure. Development of this terminology was funded by the National Institute of Child Health and Human Development in support of the Placental Atlas Tool (PAT) with final verification by the PAT External Scientific Panel. This terminology was developed through a combination of resources including existing biomedical ontology resources, such as the Gene Ontology and the National Cancer Institute Thesaurus, web-based content, and epigenetic literature.
EPISEM	Epilepsy Semiology		
EPO	Early Pregnancy Ontology		The early pregnancy ontology contains the concepts to describe ectopic pregnancy ultrasound images, organized into several subsumption hierarchies for types of ectopic pregnancies and the signs, anatomical structures and technical elements of imaging associated with ectopic pregnancy. Version 1.1 was used for ultrasound image annotations (Dhombres et al. Developing a knowledge base to support the annotation of ultrasound images of ectopic pregnancy. J Biomed Semantics, 2017)
ESFO	Enzyme Structure Function Ontology		
ESO_C	Epilepsy Semiology Ontology		Semiology of Epilepsy
ESSO	Epilepsy Syndrome Seizure Ontology		
ETANC	ETHIOPIANC		Ethiopian Antenatal care (ANC) register vocabulary
ETHANC	ETHANC		
ETHOPD	Ethiopian OPD		
EVI	Evidence Graph Ontology		
EVS	Exposure Value Set		A collection of curated and standardized values used in metadata specifications produced by ADAMS (Accelerating DAta and Metadata Standards in the Environmental Health Sciences Study of Emerging Water Contaminants) group. These values are designed to ensure uniformity in the description of the various metadata standards produced by the group.
EXACT	An ontology for experimental actions		
EXON	Experimental Ontology		
EXTRACT	EXTeRnAl Conditions Taxonomy (EXTRACT)	https://github.com/DTUWindEnergy/EXTRACT-taxonomy	Controlled vocabularies such as taxonomies allow an accurate and controlled approach in describing datasets. One of such controlled vocabulary is Wind Energy Taxonomy of External Conditions. This taxonomy is the result of EERA JP WIND IRPWind Open Data initiative that took place in 2017 in which wind energy experts generated the first version of the taxonomy as an input for defining and structuring wind energy metadata.
FALL	MyOntoServiceFull_FallDetection		
FALLS	falls prevention		This ontology is about a falls prevention intervention record.
FARMACI	FARMACI AIFA		
FAST-CHRONO	FAST (Faceted Access of Subject Terminology) Chronological Facet		
FAST-EVENT	FAST (Faceted Application of Subject Terminology) Event	http://www.oclc.org/research/themes/data-science/fast/download.html	FAST is an enumerative, faceted subject heading schema derived from the Library of Congress Subject Headings (LCSH). The purpose of adapting the LCSH with a simplified syntax to create FAST is to retain the very rich vocabulary of LCSH while making the schema easier to understand, control, apply, and use. The schema maintains upward compatibility with LCSH, and any valid set of LC subject headings can be converted to FAST headings. This is the Event facet.
FAST-EVENT-SKOS	FAST (Faceted Application of Subject Terminology) Event Facet		This is a test of submitting FAST-EVENT with Format dropdown set to SKOS (instead of OWL)
FAST-FORMGENRE	FAST (Faceted Application of Subject Terminology) FormGenre facet		FAST is an enumerative, faceted subject heading schema derived from the Library of Congress Subject Headings (LCSH). The purpose of adapting the LCSH with a simplified syntax to create FAST is to retain the very rich vocabulary of LCSH while making the schema easier to understand, control, apply, and use.
FAST-GENREFORM	FAST (Faceted Access of Subject Terminology) GenreForm		
FAST-TITLE	FAST (Faceted Application of Subject Terminology) Title Facet	http://www.oclc.org/research/themes/data-science/fast/download.html	FAST (Faceted Application of Subject Terminology) is an enumerative, faceted subject heading schema derived from the Library of Congress Subject Headings (LCSH). The purpose of adapting the LCSH with a simplified syntax to create FAST is to retain the very rich vocabulary of LCSH while making the schema easier to understand, control, apply, and use.
FASTO	HL7 FHIR and SSN ontology based Type 1 Diabetes Mellitus Ontology		
FCC1	Fernald Community Cohort N	http://www.semanticweb.org/diwaleva/ontologies/2019/9/fcc-ontology	Fernald Community Cohort meta data
FDC-GDMT	Ontology for Generic Dataset Metadata Template	https://github.com/fair-data-collective/generic-dataset-metadata-template	Controlled terms and semantic properties used in the FAIR Data Collective's Generic Dataset Metadata Template.
FDSAJFAHSJK	OWL_XML_Tool5		
FDT-O	FAIR Data Train Ontology		The FAIR Data Train Ontology provides the definitions of concepts and relations used in the FAIR Data Train environment.
FENICS	Functional Electrophysiology Nomenclature for Ion Channels		
FG	FAIR Genomes		
FGNHNS	FoodGroupNHNS		
FHHO	Family Health History Ontology		
FIRE	Fire Ontology		The ontology of Fire was created in order to represent the set of concepts about the fire occurring in natural vegetation, its characteristics, causes and effects, with focus on Cerrado vegetation domain. The fire plays a determinant role on the structure and composition of Cerrado physiognomies.
FISH-AST	FISH Archaeological Sciences Thesaurus	http://heritagedata.org/live/schemes/560.html	Terminology used for recording the techniques, recovery methods and materials associated with archaeological sciences. Maintained by Historic England on behalf of the FISH Terminology Working Group.
FISHO	Fish Ontology		"This Fish Ontology is an ontology created as how the author views the fish structure following the book ""The Diversity of Fishes: Biology, Evolution and Ecology"" as the main reference, which covers one part of view on ichthyology, with an emphasis on diversity and adaptation. This ontology is created with the mindset of categorizing fish automatically based on the attributes and terms mined from the fish specimen. Most of the basic organization from this ontology follows Nelson's research due to its synthetic and broad approach, while recognizing that Nelson's conclusions are one of many alternative interpretations of the literature, which is mostly agreed by our main references, and many fish and fisheries researchers. Most of the classification used in this ontology is in no means completed and just following the recent classification provided by the books For now our work focused more on two group of fish which is early jawless fish, and advanced jawed fishes. The classification from both of this group are structured following the reference."
FIT_BIT	Fitbit Vocabularies		This contains vocabulary information for Fitbit data for a single source user from the online API
FITBIT	Fitbit Vocabulary		
FL8DSIP	Fieldlab 8 - Ontology		
FLDLB3	FIELDLAB3_2023_2		
FLYGLYCODB	FlyGlycoDB		
FMPM	Food Matrix for Predictive Microbiology		
FNS-H	FNS-Harmony	https://github.com/panovp/FNS-Harmony	Application ontology for the FNS-Cloud project ontology PURL: https://purl.org/fns-h
FO	Fern Ontology		
FOUR-M_VOCABS	AGE-FRIENDLY 4M VOCABULARY		
FRMO	Fall Risk Management Ontology		We have developed an ontology representing major fall risk management entities to support approaches to text mining, data descriptions and linkage in the context of fall risk management. This ontology contains concepts related to fall risk factors, fall risk interventions, and fall consequences. Title: Developing an Ontology Representing Fall Risk Management Domain Knowledge Link to the article: https://link.springer.com/article/10.1007/s10916-024-02062-2
FTC	Functional Therapeutic Chemical Classification System	https://www.ebi.ac.uk/chembl/ftc	The Functional Therapeutic Chemical Classification System (FTC) defines over 20'000 mechanisms and modes of action for approuved drugs. The resource abstracts away from the traditional chemical structure-based approach and focuses solely on the mode of action of drugs. The classification sorts therapeutic agents based on their function in the human body.
G-PROV	Guideline Provenance	https://tetherless-world.github.io/GProv/	The ontology provides the vocabulary for enabling provenance in clinical decision support systems.
G4-DSIP	Group 4-Data Science in Practice		Group 4 Data Science in Practice
GAMUTS	Radiology Gamuts Ontology	https://www.gamuts.net/	"In radiology, a ""gamut"" is the set of conditions that can cause a specified imaging finding. The Radiology Gamuts Ontology (RGO) links more than 16,000 diseases and imaging findings. The causal relation (may_cause; inverse, may_be_caused_by) connects findings and possible causes. This work is made available under provisions of the Creative Commons Attribution-NonCommercial-NoDerivatives 4.0 International (CC BY-NC-ND 4.0) license."
GB	GlycanBind		
GBM	Glioblastoma		Ontology of Glioblastoma
GBOL	GBOL		
GCBO	Global Code Book Ontology		An initial version of the RADx Global Code Book Ontology. This ontology describes Tier 1 data elements that are used in the RADx Global Code Book.
GCDFO	DFO Salmon Ontology		
GCO	Genome Component Ontology		The Genome Component Ontology is intended to define the abstract division of the total genetic information of an organism by its physical separation into different components, thereby providing a high level reference point to which more specific descriptions of the characteristics of these components can be linked.
GDCO	Data Collection Ontology		The Data Collection Ontology (DCO) is an ontology designed for data collection providing classes and relations on top of the Basic Formal Ontology (BFO) to facilitate data collection processes, subjects, and data anaylsis through the use of classifiers. DCO is based on the notion of reasoning to validate incoming data through their definitions based on classifiers.
GDMT	Generic Dataset Metadata Template Vocabulary		
GDOA	Graphic Descriptor Ontology Anatomy Extension	https://gdo.endlessforms.info	For the best browsing experience, see our illustrated browser at https://gdo.endlessforms.info that provides visual depictions of many classes and individuals. The GitHub repository is at https://github.com/endlessforms-info/GDO-GDOA. <br><br> The version of the GDO/A here is the GDOA and the GDO merged. The version number applies to the merged variant. For separate GDOA and GDO artifacts, please visit the GitHub repo above. <br /><br /> The Graphic Descriptor Ontology (GDO) is intended for use in describing graphics that represent the form of objects. The Graphic Descriptor Ontology Anatomy extension (GDOA) extends the GDO to the domain of anatomical graphics by providing classes for anatomical views and anatomically-relevant region mark roles, such as representing a type of body tissue or body fluid., The Graphic Descriptor Ontology (GDO) is intended for use in describing graphics that represent the form of objects. It uses the language of visual communication, illustration, and technical drawing. The GDO is rooted in the Basic Formal Ontology (BFO) and uses several classes from the Information Entity Ontology of the Common Core Ontologies as a mid-level ontology., The Graphic Descriptor Ontology (GDO) is intended for use in describing graphics that represent the form of objects. The Graphic Descriptor Ontology Anatomy extension (GDOA) extends the GDO to the domain of anatomical graphics by providing classes for anatomical views and anatomically-relevant region mark roles
GECCO	COVID-19 Common Datamodel		To ensure the interoperability and compatibility among COVID-19 datasets, we present here a Common Data Model (CDM) which has been built from 11 different COVID-19 datasets from various geographical locations. The current version of the CDM holds 4639 data variables related to COVID-19 such as basic patient information (age, biological sex, and diagnosis) as well as disease-specific data variables, for example, Anosmia and Dispnea. Each of the data variables in the data model is associated with specific data types, variable mappings, value ranges, data units, and data encodings that could be used for standardizing any dataset.
GENAI	Generative AI Ontology	https://ruslanmv.com/	The Generative AI Ontology - This is an OWL ontology that provides a comprehensive representation of concepts, relationships, and processes in generative AI. It covers various model types (e.g., LLMs, GANs, VAEs), architectural components (e.g., transformers, diffusion models), training techniques (e.g., RLHF, self-supervised learning), fine-tuning methods (e.g., LoRA, Prompt Tuning), tools, deployment strategies, and ethical considerations. This ontology serves as a resource for research and proof-of-concept development, allowing detailed exploration and understanding of generative AI systems.
GENDER	Gender Identity		This vocabulary makes up the different gender identities - Female, Male and Other.
GENE-CDS	Genomic Clinical Decision Support Ontology		
GENEVIEVE	Charlotte		
GERO	Gerotranscendence Ontology		The Gerotranscendence Ontology contains terms for defining and classifying concepts related to gerotranscendence, including its dimensions, experiences, and outcomes. Its concepts and relations support the development of tools and resources to better understand gerotranscendence and enable integration and interoperability of data across studies. The Gerotranscendence Ontology is developed as a subset of (http://purl.obolibrary.org/obo/phases.owl). , and outcomes. Its concepts and relations support the development of tools and resources to better understand gerotranscendence and enable integration and interoperability of data across studies. The Gerotranscendence Ontology is developed as a subset of (http://purl.obolibrary.org/obo/phases.owl). Issues and term requests can be submitted at (https://github.com/Buffalo-Ontology-Group/phases/issues)
GFF-M4M	GO FAIR M4M	https://github.com/gofair-foundation/m4m-vocabulary	Controlled vocabularies allow an accurate and controlled approach in describing physical and digital assets (e.g., data). One of such controlled vocabulary is M4M Vocabulary. This controlled vocabulary is produced in Metadata 4 Machine (M4M) Workshop. sheet2rdf is used to build and serve M4M Vocabulary, while PURL is used to persist identifiers for the vocabulary: http://purl.org/m4m/
GFFO	Genetic Feature Format Ontology	https://github.com/mpievolbio-scicomp/GenomeFeatureFormatOntology	An ontology to represent genome feature annotations in gff3 format.
GFO-BIO	General Formal Ontology for Biology		
GFVO	Genomic Feature and Variation Ontology	https://www.codamono.com/biointerchange/	The Genomic Feature and Variation Ontology (GFVO) is modeled to represent genomic data using the Resource Description Format (RDF) or Linked Data using JSON (JSON-LD). It is captures the contents of data files that adhere to the Generic Feature Format Version 3 (GFF3, http://www.sequenceontology.org/resources/gff3.html), the General Transfer Format (GTF, http://mblab.wustl.edu/GTF22.html), the Genome Variation Format Version 1 (GVF, http://www.sequenceontology.org/resources/gvf.html), and the Variant Call Format (VCF, http://vcftools.sourceforge.net/specs.html), as well as the FASTA format (http://en.wikipedia.org/wiki/FASTA_format). The creation of the ontology was inspired by previous work of Robert Hoehndorf on RDF2OWL (http://code.google.com/p/rdf2owl). NOTE: GFVO in BioPortal is a simplified version without ontology imports and having class/property equivalences removed. The full ontology is available at: http://www.biointerchange.org/gfvo
GLYCO	Glycomics Ontology	http://glycomics.ccrc.uga.edu/core4/informatics-ontologies.html	The GlycO ontology provides an up-to-date knowledge base of experimentally verified glycan structures. Glycan (oligosaccharide or polysaccharide) structures are represented as trees of monosaccharide residues. Linkage to proteins and lipids is supported as well. Insertion of a new glycan is controlled by curation process that includes matching the new glycan against a canonical glyco-tree (a highly branched representation for a family of glycans).
GLYCOCOO	GlycoConjugate Ontology	https://github.com/glycoinfo/GlycoCoO	GlycoConjugate Ontology (GlycoCoO) as a standard semantic framework to describe and represent glycoconjugate data in RDF.
GLYCORDF	GlycoRDF	https://github.com/glycoinfo/GlycoRDF	GlycoRDF is a standard representation for storing Glycomcis data (glycan structures, publication information, biological source information, experimental data) in RDF.
GML	Ontology for Geography Markup Language (GML3.0)		The Geography Markup Language (GML) is an RDF encoding for the transport and storage of geographic information, including both the geometry and properties of geographic features. Vocabulary terms are declared using OWL language to support RDF applications.
GMM	GoMapMan		
GMO	Growth Medium Ontology		
GO-EXT	Gene Ontology Extension		
GO-PLUS	go-plus		
GOLDTERMS	GOLD Ecosystem Classification	https://github.com/cmungall/gold-ontology	A rendering of the JGI GOLD ecosystem classification (https://gold.jgi.doe.gov/ecosystem_classification)
GRO-CPD	Cereal Plant Development Ontology		
GS1GDSN	GS1 Global Data Model		The GS1 Global Data Model (GDM) and Attribute Definitions for Business (ADB) standards enable greater data quality within the GS1 Global Data Synchronisation Network (GS1 GDSN). The GS1 Global Data Model standard defines a globally consistent set of foundational product attributes needed to list, order, store, move and sell products. Implementing the GS1 Global Data Model standards within GS1 GDSN will improve data accuracy and completeness for consumers across their omnichannel purchasing journey, and increase operational efficiency for brand owners, retailers and data pools. By providing a consistent business language and usage statements for these foundational attributes, the ADB standard clarifies sometimes difficult technical terminology, and helps data senders get their content right.
GS1GPC	GS1 Global Product Classification		
GS1WEBVOC	GS1 Web Vocabulary		
GVO	Genome Variation Ontology	http://genome-variation.org/resource/gvo	The Genome Variation Ontology (GVO) is an ontology for the systematic description of various genomic variations, including complex structural variations in genomes.
HAAURAADO	Halocynthia aurantium Anatomy and Development Ontology		
HAMIDEHSGH	Inherited Retinal Dystrophy		
HAROREADO	Halocynthia roretzi Anatomy and Development Ontology		
HASCO	Human-Aware Science Ontology		
HC	Habronattus Courtship Ontology		
HCDR	Homelessness and Clinical Data Recording		This ontology utilizes the European Typology of Homelessness and Housing Exclusion (ETHOS), a respected conceptual framework used to define degrees of housing insecurity and homelessness internationally, to conceptualize, define, and link homelessness in SNOMED, Read CTV3, and Read 2 codes to clinical data extraction. The ontology uses the ETHOS as a general framework, leading to endpoints represented by codes from across the three databases. This is useful for researchers and medical professionals seeking to understand how homelessness is represented in clinical data, how homelessness is defined internationally, and what types of services are available for homeless individuals.
HCMO	Home Cage Monitoring Ontology		
HCODONONT	HGeneCodonOntology	http://blog.51.ca/u-345129/	This ontology contains the information of the frequency of usage and the relative frequency of usage of Human Gene Codons, to be used to the operations by The Project Of HIV Ontology.
HDMPONTO	HierarchicalDMProcessOnto		A Hierarchical Data Mining Process Ontology, by combined OntoKDD and DMWF.
HDS	Humanitarian Data Space		
HECON	HECON: Health Condition Evolution Ontology	http://kmi.open.ac.uk/conrad/HECON	Health Condition Evolution Ontology (HECON), is a formal model representation of the evolution of medical events over time.
HED	Hierarchical Event Descriptors	http://www.hedtags.org	HED (Hierarchical Event Descriptors) is a standardized vocabulary for describing what happens during experiments and a framework for mapping these terms and other metadata onto the experimental timeline to enable analysis. HED is a subtag system organized by the top-level categories: Event, Agent, Action, Item, Property, and Relation. Users create HED annotations as comma-separated, parenthesized lists of terms. See https://www.hed-resource.org for documentation, tutorials and other resources. Recently we have created an ontology representation of the HED vocabulary (HED schema) to provide a better mechanism for linking the HED terms to terms from other ontologies and to provide better provenance information. The HED tags as well as auxiliary information such as types of units and types of values are represented as classes. The HED schema attributes are represented either as DataProperty or ObjectProperty depending on their range. Some additional attributes that are not inherited are represented as AnnotationProperty. HED is the standard used for event annotation in BIDS (Brain Imaging Data Structure) a standard for storing neuroimaging repository and is used by datasets on several repositories such as openNeuro and Nemar.
HEIO	Regional Healthcare System Interoperability and Information Exchange Measurement Ontology		The purpose of this ontology is to develop a model for regional healthcare system interoperability and information exchange quantification (measured by the electronic health information exchange (eHIE) indicator). The eHIE is hypothesized as a leading measure of regional healthcare system integration. A publication associated with this ontology is currently under review.
HELIFIT	HeLiFit-Ontology		
HENECON	Head and Neck Cancer Ontology		
HENEGEO	Head and Neck Cancer - Clinical and Gene Ontology		HeNeGeO (Head and Neck Cancer - Clinical and Gene Ontology) presents a data model that encompasses both clinical and genomic aspects of Head and Neck Cancer (HNC) across every stage of the disease, covering prognosis, treatment and follow-up. This ontology builds upon the foundation laid by HENECON (Head and Neck Cancer Ontology) and has been significantly expanded with a focus on information pertaining to cancer recurrence, alongside a comprehensive list of genes that offer valuable insights throughout the entire head and neck cancer progression. To enhance clarity, novel medical terms have been thoughtfully annotated with their respective semantic meanings. This comprehensive update includes the incorporation of 29,770 genes, featuring essential details such as NCBI GeneID (EntrezID), gene symbol, gene name, gene alias, and the HGNC ID. The development of this ontology underwent rigorous review and validation by experts in both clinical and genomic domains.
HERO	Healthcare Monitoring and Emergency Response Ontology		"This ontology is designed to support a healthcare monitoring system that leverages wearable devices and Semantic Web technologies to continuously monitor patient vital signs, assess their medical conditions, and provide timely alerts and interventions in case of abnormalities or emergencies. It aims to enhance patient care, safety, and decision-making by integrating ontology-based reasoning, SWRL rules, and real-time data from various sources. Main Features: - Integration of Diverse Data Sources: The ontology integrates different data models like FHIR (for electronic health records and medical data), SOSA (for sensor data and vital signs), and FOAF (for patient profile management). This integration allows for a comprehensive representation of both static and dynamic patient data, supporting more accurate monitoring and decision-making. - Vital Sign Monitoring: It includes classes and properties for representing vital signs such as Temperature, Blood Pressure, Heart Rate, Respiratory Rate, and Oxygen Saturation. Each vital sign is associated with corresponding observations and results, following the SOSA ontology pattern. - Health Condition Assessment: The ontology defines multiple classes to represent different health conditions: 1- Normal Situation: Represents a state where all monitored vital signs fall within their normal ranges. 2- Abnormal Situation: Represents a state where one or more vital signs fall outside their normal range, but there is no indication of device malfunction. 3- Wrong Situation: Represents a condition where at least one vital sign is classified as ""wrong,"" indicating a possible malfunction of the wearable device. This triggers alerts to the patient to check or repair the device. - Emergency and Critical Emergency Handling: In abnormal situations, SWRL rules are used to infer whether the situation is an emergency or a critical emergency: Emergency Situation: Requires additional evaluation by healthcare providers. If the situation matches a previously stored case, the system retrieves and recommends the previous prescription. Otherwise, a ""risky alarm"" is generated, and the patient's current and historical data are reviewed to make clinical decisions. Critical Emergency Situation: In such cases, the system immediately alerts the emergency center, dispatches the nearest ambulance, and informs the hospital of the patient's condition and estimated arrival time. SWRL Rules for Decision Making: The ontology utilizes SWRL rules to automate reasoning processes for determining the patient's condition based on real-time data. These rules help classify patient situations into normal, abnormal, or critical states, enhancing the responsiveness of the healthcare system. Emergency Response Workflow: The ontology supports a detailed emergency response workflow, which involves identifying the nearest hospital, dispatching an ambulance, informing the ambulance crew, alerting the receiving hospital, and continuously updating the patient with the ambulance's status. Range and Classification Definitions: The ontology defines ranges for normal, and wrong values for each vital sign across various age groups, ensuring that the system provides age-appropriate assessments. Data Provenance and History Tracking: The ontology captures data provenance, tracking the source and history of observations, which is crucial for clinical decision-making and system transparency., The Friend of a Friend (FOAF) RDF vocabulary, described using W3C RDF Schema and the Web Ontology Language."
HFO	Heart Failure Ontology		Heart failure ontology is an attempt to define heart-failure-relevant information including the causes and risk factors, signs and symptoms, diagnostic tests and results, and treatment.
HGNC-NR	HGNC New Releases Ontology		
HHEAR	Human Health Exposure Analysis Resource	https://hheardatacenter.mssm.edu	The Human Health Exposure Analysis Resource (HHEAR) Ontology was developed as an application ontology to represent data collected within the HHEAR program and support data pooling efforts across studies in the environmental health sciences. If you are interested in using the HHEAR ontology for a source of standard terminology, please view the HHEAR Value Sets available on BioPortal.
HHEARP	HHEAR Properties		An ontology of properties used to annotate the studies included in the Human Health Exposure Analysis Resource (HHEAR) knowledge graph; visit https://hheardatacenter.mssm.edu for more information regarding HHEAR.
HHEARVS	HHEAR Value Sets		
HIFM	HIFM Ontology		
HINO	Human Interaction Network Ontology		
HIO	Hearing Impairment Ontology		The Hearing Impairment Ontology (HIO) is a common controlled hearing impairment (HI) vocabulary, which is expected to enhance collaborative research. This ontology is currently the most comprehensive and standardized human- and machine-readable resource that unambiguously defines HI concepts and terminology for researchers, patients and clinicians in order to help process, reuse and re-apply existing HI knowledge in biomedical research and health-care systems. In the context of big data analytics, this ontology may facilitate a retrospective data harmonization and contribute to mapping HI datasets to functional knowledge to enable the subsequent HI research translation into clinical applications and policy guidelines. The HIO will allow researchers, clinicians and patients to readily access standardized HI-related knowledge in a single location and promote HI data integration, interoperability and sharing, including epidemiological, socio-environmental, biomedical, genetic and phenotypic datasets.
HIV	HIV ontology		The HIV ontology encompasses all knowledge about HIV
HIVCRS	HIVCompoundRels	http://blog.51.ca/u-345129/	The Ontology to express the ternary relations of HIV1
HIVHPV	HIVHPV		
HIVHPVFGS	HIV, HPV, FGS vocabulary		
HIVHPVSCHISTOSOM	HIVHPVSchistosomiasis		
HIVHPVSTOM	HIVHPVStom		The data of HIVHPV and Schistosomiasis
HIVMT	HIVMutation		
HIVO004	HIVOntologymain.owl	http://biomedinteg.org	A Project of Biomedical Ontology for Systems Biomedicine. The Project includes, so far, a main ontology (HIVOnt0**.owl) which is imported by several other sub ontologies AIDSClinic0**.owl, etc. The goals of the Project include: (1). To pilot the novel researches on AIDS and HIV or other diseases by viruses, by means of the ontology and other biomedical informatics technologies, connecting the insights of the Biomedical Knowledge Integration (BMKI), systems biomedicine, complexity sciences etc. (2). To Carry out the methodology explorations for the goals above.
HL7	Health Level Seven Reference Implementation Model, Version 3.0	http://www.hl7.org	HL7 specifies a standardization that allows computer systems in healthcare organizations to communicate with each other. The HL7 vocabulary consists of hierarchical Concept Domains, which are categories of like concepts that will be bound to one or more coded elements; code systems, which are the contexts in which concepts are defined; and value sets, which are lists of intended values for a Concept Domain or sub-domain.
HMADO	Human Microbiome Associated Disease Ontology		Human Microbiome Associated Disease Ontology.
HMIS033B	HMIS 033		Ontology for Uganda HMIS 033b Health Unit wekkly Epidemiological Surveillance report
HMISLAB0115	HMIS LAB 011 5		Assignment for group 5 of DSIP
HNS	HNS_Ontolgoy	https://github.com/subhashishhh/HNS-Ontology/blob/master/HNS_ontology.owl	The purpose of this research is to develop an ontology with subsequent testing and evaluation, for identifying utility and value. The domain that has been chosen is human nervous system (HNS) disorders. It is hypothesized here that an ontology-based patient records management system is more effective in meeting and addressing complex information needs of health-care personnel. Therefore, this study has been based on the premise that developing an ontology and using it as a component of the search interface in hospital records management systems will lead to more efficient and effective management of health-care. It is proposed here to develop an ontology of the domain of HNS disorders using a standard vocabulary such as MeSH or SNOMED CT. The principal classes of an ontology include facet analysis for arranging concepts based on their common characteristics to build mutually exclusive classes. We combine faceted theory with description logic, which helps us to better query and retrieve data by implementing an ontological model. Protégé 5.2.0 was used as ontology editor. The use of ontologies for domain modelling will be of acute help to doctors for searching patient records. In this paper we show how the faceted approach helps us to build a flexible model and retrieve better information. We use the medical domain as a case study to show examples and implementation.
HO	Histological Ontology		
HOME	Health Ontology for Minority Equity		An ontology to record the physical, emotional and psychological effects resulting from differences in treatment that citizens receive based on their identity when entering healthcare institutions. We present the first version of such a Health Ontology for Minority Equity (HOME)
HOOM	HPO - ORDO Ontological Module		
HOOM_V3	HOOM_New_Model		Orphanet provides phenotypic annotations of the rare diseases in the Orphanet nomenclature using the Human Phenotype Ontology (HPO). HOOM is a module that qualifies the annotation between a clinical entity and phenotypic abnormalities according to a frequency and by integrating the notion of diagnostic criterion. This new model of HOOM, used between ORDO and HPO is no more based on OBAN modelisation. It provides ORDO diseases concept annotated with HPO terms in a lightweight new dataset.
HORD	Holistic Ontology of Rare Diseases		
HOSP	Hospital Vocabulary		A RDF Schema that defines concepts and relationships used for Hospital data.
HP_O	Hypersensitivity pneumonitis ontology		
HPIO	Host Pathogen Interactions Ontology		Ontology for host pathogen interactions in farmed animals
HRA	Human Reference Atlas		The Human Reference Atlas (HRA) is a comprehensive, high-resolution, three-dimensional atlas of all the cells in the healthy human body. The Human Reference Atlas provides standard terminologies and data structures for describing specimens, biological structures, and spatial positions linked to existing ontologies., The graph representation of the Human Reference Atlas (HRA) dataset.
HRAVS	HuBMAP Research Attributes Value Set		A collection of curated and standardized values used by the HuBMAP (Human BioMolecular Atlas Program) and SenNet (Cellular Senescence Network) metadata records to ensure uniformity in the description of samples and single-cell data produced by the consortium.
HRDO	Disease core ontology applied to Rare Diseases		This resource was designed during a PhD in medical informatics (funded by INSERM, 2010-2012). Its components are (i) a core ontology consistent with a metamodel (disorders and groups of disorders, genes, clinical signs and their relations) and (ii) an instantiation of this metamodel with Orphanet Data (available on http://orphadata.org). </ br> Research experiments demonstrated (i) efficient classifications generation based on SPARQL Construct, (ii) perspectives in semantic audit of a knowledge base, (iii) semantic comparison with OMIM (www.omim.org) using proximity measurements and (iv) opened perspectives in knowledge sharing (LORD, http://lord.bndmr.fr). Current production services of Orphanet developed ORDO, released in 2014, an ontology synchronized with their production database. This ontology is now available on Bioportal.
HSCLO38	Homo sapiens Chromosomal Location Ontology for GRCh38		"HSCLO38's purpose is to simplify the integration of genomic experimental data at different resolution scales within biomedical knowledge graphs. It defines chromosomal locations within the GRCh38 release for chr 1-22, X,Y and M. HSCLO38 provides 3,431,153 classes at five distinct resolution levels: whole chromosome, 1 megabase pair (Mbp), 100 kilobase pairs (kbp), 10 kbp, and 1 kbp. Each node within these class levels is interconnected to its scale parent and to the immediate neighbors on either side to support mapping and association between genomic datasets and features. For example, the 1kbp element HSCLO38:chr1.20517001-20518000 is_a connected to its ""scale parent"" HSCLO38:chr1.20510001-20520000 as well as to the 5' neighbor HSCLO38:chr1.20516001-20517000 and 3' neighbor HSCLO38:chr1.20518001-20519000. We provide knowledge-graph-ready files for HSCLO38 on the project home page."
HSPO	Health and Social Person-centric Ontology		
HTNCO	Hypertension Clinical Ontology		Hypertension Clinical Ontology is an OWL ontology designed to represent clinical knowledge related to hypertension. It includes concepts such as blood pressure classifications, hypertension types, symptoms, risk factors, biomarkers, complications, and treatment-related relationships. The ontology supports semantic organization, reasoning, and DL query-based exploration of hypertension-related biomedical knowledge.
HUPSON	Human Physiology Simulation Ontology		
I2SV	Integration and Implementation Sciences Vocabulary		
IAML-MOP	IAML Medium of Performance Vocabulary		Instruments and/or voices, devices and other performers which make up a musical work.
IBD	Indian Biodiversity Ontology		Indian Biodiversity Ontology contains the semantic information about the domain of Indian Biodiversity
IBIO	IndianBiodiversity		
IBO	Imaging Biomarker Ontology		
ICD-O-3	International Classification of Diseases for Oncology, 3rd edition		
ICDO	International Classification of Diseases Ontology	https://github.com/icdo/ICDO	A biomedical ontology for logical representation of the terms and relations related to the International Classification of Diseases (ICD)
ICECI	International Classification of External Causes of Injuries		
ICHOM-PROMS-PCB	ICHOM Set Pregnancy and Childbirth		
ICNP	International Classification for Nursing Practice		
ICOP	International Classification of Orofacial Pain Ontology		The International Classification of Orofacial Pain Ontology (ICOP) contains terms for defining and classifying orofacial pain. The ICOP’s classes and relations facilitate the development of tools and resources capable of enhancing our understanding of orofacial pain. The ICOP is developed as a subset of the Oral Health and Disease Ontology (http://purl.obolibrary.org/obo/ohd.owl). Issues and new term requests can be submitted at https://github.com/oral-health-and-disease-ontologies/ohd-ontology/issues., The International Classification of Orofacial Pain Ontology (ICOP) contains terms for defining and classifying Orofacial Pain types. The ICOP’s concepts and relations facilitate the development of tools and resources capable of enhancing our understanding of orofacial pain. The ICOP is developed as a subset of the Oral Health and Disease Ontology (http://purl.obolibrary.org/obo/ohd.owl). Issues and new term requests can be submitted at https://github.com/oral-health-and-disease-ontologies/ohd-ontology/issues.
ICPC2P	International Classification of Primary Care - 2 PLUS	http://www.fmrc.org.au/	Australian Modification of ICPC-2, known as ICPC-2 Plus. ICPC-2 Plus is primarily used in Australia and provides greater specificity for data input than ICPC-2.
ICPS	International Classification for Patient Safety		
ICW	International Classification of Wellness		The International Classification of Wellness (ICW) is Wellness taxonomy. ICW provides a scheme for classifying Wellness events (activities) in which persons (users) can participate. ICW furthers the goals of preventative medicine and population health by supporting goal setting, quantifying user engagement in wellness activities, and correlating user engagement in wellness activities with health outcomes.
ID-AMR	Infectious Diseases and Antimicrobial Resistance		
IDEM	IDEM: wInD Energy Models Taxonomy		
IDG_GL	IDG gene list		List of genes studied under the IDG project
IDOBRU	Brucellosis Ontology	http://www.phidias.us/bbp/idobru/index.php	Brucellosis Ontology is a biomedical ontology in the domain of zoonotic disease brucellosis that is caused by Brucella, a facultative intracellular baterium.
IDQA	Image and Data Quality Assessment Ontology	http://idqa.wordpress.com	Image and Data Quality Assessment for scientific data management
IFAR	Fanconi Anemia Ontology	http://lab.rockefeller.edu/smogorzewska/ifar/	An application ontology devoted to the standardized recording of data related to Fanconi Anemia (FA). This ontology was created using an OWL file provided by Dr. Ada Hamish (and Francois Schiettecatte) at the Centers for Mendelian Genetics, with their permission. Their original ontology can be found at: http://phenodb.net/help/features. Modifications were made using HPO, OMIM, NCI, and SNOMED. Novel classes pertaining to FA were added and defined as appropriate.
ILLNESSINJURY	Illness and Injury		"This list of Illness and Injury (Morbidity and Mortality) classifications is an abbreviated version of the World Health Organization's (WHO) Startup Mortality List (ICD-10-SMoL). ICD-10-SMoL is the WHO's application of ICD-10 for low-resource settings initial cause of death collection. ICD-10-SMoL was chosen because it is a simplified version of the ICD-10. ICD (International Classification of Diseases) ""is the foundation for the identification of health trends and statistics globally, and the international standard for reporting diseases and health conditions. It is the diagnostic classification standard for all clinical and research purposes. ICD defines the universe of diseases, disorders, injuries and other related health conditions"" [http://www.who.int/classifications/icd/en/]. Version 1.0 of this ontology was compiled for the Canadian Writing Research Collaboratory (CWRC) ontology project and reflects the need to have causes of death and health issues organized in a way to allow for analysis of cultural data. A simplified list was deemed sufficient since the domain under study (cultural documents) will not have detailed medical information with regards to cause of death or health issues. But instead of accepting a list of general usage terms for causes of death or health issues that appear in some sources (e.g. Wikipedia, Wikidatak, etc.), a standardized, medical classification was selected so that it could be of use for future analysis regarding questions involving the intersection of health and culture. ICD-10-SMoL was chosen since it was the latest version of this list (June, 2018). A stable version of ICD-11 was to be available in June 2018 but there was no ICD-11-SMoL available at this time. To obtain the ICD10-SMoL: http://www.who.int/healthinfo/civil_registration/ICD_10_SMoL.pdf?ua=1"
IMGT-ONTOLOGY	Immunogenetics Ontology	http://www.imgt.org/	"IMGT-ONTOLOGY is the first ontology for immunogenetics and immunoinformatics. It provides a semantic specification of the terms to be used in immunogenetics and immunoinformatics and manages the related knowledge, thus allowing the standardization for immunogenetics data from genome, proteome, genetics, two-dimensional (2D) and three-dimensional (3D) structures. IMGT-ONTOLOGY manages the knowledge through diverse facets relying on seven axioms, ""IDENTIFICATION"", ""CLASSIFICATION"", ""DESCRIPTION"", ""NUMEROTATION"", ""LOCALIZATION"", ""ORIENTATION"" and ""OBTENTION"". These axioms postulate that any object, any process and any relation can be identified, classified, described, numbered, localized and orientated, and the way it is obtained can be characterized. The axioms constitute the Formal IMGT-ONTOLOGY, also designated as IMGT-Kaleidoscope. As the same axioms can be used to generate concepts for multi-scale level approaches, the Formal IMGT-ONTOLOGY represents a paradigm for system biology ontologies, which need to identify, to classify, to describe, to number, to localize and to orientate objects, processes and relations at the molecule, cell, tissue, organ, organism or population levels. IMGT®, the international ImMunoGeneTics information system®, has been built on IMGT-ONTOLOGY. The version 1.0.3 of IMGT-ONTOLOGY includes the concepts of IDENTIFICATION and an update of the concepts of CLASSIFICATION."
IMOBO	Intelligent Medicine oriented Biobank Ontology		
INBANCIDO	Assessment of Indian Economy During Covid-19		InBan-CIDO ontology is an extension of the CIDO ontology to show the impact of Covid-19 on the Indian economy sector.
INBIODIV	An Ontology for Indian Biodiversity Knowledge Management		
INCENTIVE	INCENTIVE Community Controlled Vocabulary	https://raw.githubusercontent.com/gofair-foundation/vocabs_archive/main/M4M22.ttl	DEMO vocabulary only! Controlled vocabularies allow an accurate and controlled approach in describing physical and digital assets (e.g., data). One of such controlled vocabulary is INCENTIVE Controlled Vocabulary. This controlled vocabulary is a result of Metadata 4 Machine (M4M) Workshop 18 and 22 (M4M.18 and M4M.22) provided to the INCENTIVE community. sheet2rdf and OntoStack are used to build and serve INCENTIVE Controlled Vocabulary, while PURL is used to persist identifiers for the vocabulary terms.
INCENTIVE-VARS	INCENTIVE Variables		
INFECTION_TRANS	Infection Transmission Ontology	https://raw.githubusercontent.com/UtrechtUniversity/summer-fair/master/src/create_ontology/map_ontology/infection_trans.owl#	The Infection Transmission Ontology is developed in order to make transmission data reusable and interoperable. The ontology captures every step of analysing data from the transmission process, especially for quantification of trans- mission parameters. It is applicable to animal and human (hospital) data from both experimental and observational stud- ies. The lack of a common terminology in the infection transmission experiments leads to repetition of costly experiments. By developing a domain ontology we can reuse and combine the transmission data, which leads to the improvement of an estimation of transmission parameters and prediction of outcomes of yet unobserved situations.
INFRA-EN	Infrastructure		
INFRARISK	InfraRisk Ontology	https://www.infrarisk-fp7.eu	The InfraRisk Ontology: Enabling Semantic Interoperability for Critical Infrastructures at Risk from Natural Hazards. This InfraRisk ontology may be used for representing relevant information about natural hazard events and their impact on infrastructure components. Earthquakes, landslides, and other natural hazard events have severe negative socio-economic impacts.
INJURYTYPES	Injury Types		This class is associated with the different injury types.
INSECTH	insectH		NeuroMorpho.Org insect brain regions ontology is compiled to create data annotation standard for depositing insect data. Currently at v6.2, NeuroMorpho.Org hosts over 17k neuronal reconstructions mostly from the fly. The insect ontology follows the standard nomenclature of the insect brain (Ito et al., 2013) and the virtualfly.org.
INSNAME	VODANAINSNAMES		This is the list of facilities participating in FAIRification of data.
INTO	Indian Terrorism Ontology		
INTVEETYPE	Interviewee Type		This class refers to the different types of Interviewees.
INTVMODE	Interview Mode		
INVERSEROLES	ISO-15926-2_2003_inverseRoles		ISO inverse roles ontology for oil and gas
IPD	injury process description ontology		IPD-Onto divides product injury into five unified classes (host, vector, agent, environment, and consequences) and constructs the accident process through the object properties (lead to, touch, accident, etc.)IPD-Onto is used to realise the transformation and reorganisation from product injury to injury information, to reproduce the process of accident occurrence, and realise human-computer interactions to meet the needs of data query.
IRAEO	Immune-Related Adverse Event Ontology		
IRD	Inherited Retinal Dystrophies		
IRDG	Data harmonization ontology for cross border malaria surveillance		
ISO-15926-2_2003	ISO-15926-2_2003_oil		This ontology describes gas and oil field process level descriptions
ISO-ANNOTATIONS	ISO-15926-2_2003_annotations		Oil and Gas Annotations
ISO-FOOD	A formal representation of the knowledge within the domain of Isotopes for Food Science	http://cs.ijs.si/repository/ISO-FOOD/ISO-FOOD_Ontology.zip	To link and harmonize different knowledge repositories with respect to isotopic data, we propose an ISO-FOOD ontology as a domain ontology for describing isotopic data within Food Science. The ISO-FOOD ontology consists of metadata and provenance data that needs to be stored together with data elements in order to describe isotopic measurements with all necessary information required for future analysis. The new domain has been linked with existing ontologies, such as Units of Measurements Ontology, Food, Nutrient and the Bibliographic Ontology. So linked ontology consists of several superclasses, and for each of these the relevant subclasses, object properties and data properties are defined. To show how such an ontology can be used in practice, it was populated with 20 isotopic measurements of Slovenian food samples. Describing data in this way offers a powerful technique for organizing and sharing stable isotope data across Food Science.
ISO19108TO	ISO 19108 Temporal Objects		ISO 19108 Temporal Objects
ISO19110	ISO 19110 Methodology for Feature Cataloguing		
ISO19115	ISO 19115		
ISO19115CC	ISO 19115 Common Classes		
ISO19115CI	ISO 19115 Citation Information		
ISO19115CON	ISO 19115 Constraints Information		
ISO19115DI	ISO 19115 Distribution Information		
ISO19115DTC	ISO 19115 Date Type Code		ISO 19115 Date Type Codes
ISO19115EX	ISO 19115 Extent Information		ISO 19115 Extent Information
ISO19115ID	ISO 19115 Identification Information		ISO 19115-1:2014 Identification Information Section for describing Geospatial Datasets
ISO19115MI	ISO 19115 Metadata Information		ISO 19115 Metadata Information section
ISO19115PR	ISO 19115 Codelists		
ISO19115ROLES	ISO 19115 Role Codes		Role Codes for use in ISO 19115-1:2014 metadata
ISO19115SRS	ISO 19115 Reference Systems		
ISO19115TCC	ISO 19115 Topic Categories		
ISO639-1	ISO 639-1: Codes for the Representation of Names of Languages - Part 1: Two-letter codes for languages		Language codes from ISO 639-1, as expressed in https://www.w3schools.com/tags/ref_language_codes.asp and converted to SKOS using http://labs.sparna.fr/skos-play/convert.
ISO639-2	ISO 639-2: Codes for the Representation of Names of Languages	http://id.loc.gov/vocabulary/iso639-2.html	ISO 639-2 is part of the ISO 639 language code family, which provides also a two-character code set (ISO 639-1) for the representation of names of languages. ISO 639-2 contains codes for all languages contained in ISO 639-1 and several hundred additional languages. The ISO 639-2 (Bibliographic) codes were devised for use in bibliographic metadata, e.g., for libraries, information services, and publishers, and ISO 639-2 (Terminology) targets terminology, lexicography, and linguistic applications. The lists are the same except for 20 languages that have different Bibliographic and Terminology codes. The list contains over 500 discrete codes.
ISPO	Integrated Ontology for Symptom Phenotype Terminologies		
ISSVA	International Society for the Study of Vascular Anomalies (ISSVA) Ontology	https://www.issva.org	The International Society for the Study of Vascular Anomalies (ISSVA) is a multidisciplinary international society of physicians, scientists, and health care providers united by an interest in vascular anomalies. The Society aims to promote the highest standards of care for patients with vascular anomalies by advancing clinical and scientific knowledge concerning causes, diagnosis and treatment, and by education of physicians, health care providers, patients and the community. The Society encourages the free flow of information between its members and interested groups, through workshop meetings and teaching programs, and by the dissemination of a classification scheme and pertinent scientific data. The updated classification was approved at the May, 2018 General Assembly in Amsterdam, the Netherlands and can be found at https://www.issva.org/classification. What is the ISSVA Ontology? The ISSVA ontology has been created to represent a sharable semantic data model of the ISSVA classification. This ontological representation of the ISSVA classification is machine-readable and facilitates interoperability between systems that capture data about vascular anomalies. It is structured hierarchically and contains all concepts of the ISSVA classification and the relationships between them. The ontology is available in the Web Ontology Language (OWL) format, and can be browsed and downloaded online: https://bioportal.bioontology.org/ontologies/ISSVA How to Use the ISSVA Ontology? The ISSVA ontology does not substitute the ISSVA classification, instead, it should be used as an additional component to facilitate interoperability. Every concept in the ISSVA ontology has a unique code that should be attached to the corresponding data element. In the context of databases, the ISSVA ontology codes could be added as an extra column to the existing data. Mappings to Other Ontologies? The ISSVA ontology contains machine-readable mappings to equivalent concepts in other ontologies, namely: the Orphanet Rare Disease Ontology (ORDO), SNOMED Clinical Terms (SNOMED CT), National Cancer Institute thesaurus (NCIT), and the Human Phenotype Ontology (HPO). This means that data annotated with codes from the ISSVA ontology are interoperable with data annotated with the aforementioned ontologies, without any extra effort, as long as there exists a mapping between the concepts. Issue Reporting Please contact ISSVA at info@issva.org in case you have any issues and/or feature requests for the ISSVA ontology. The ontology can then be updated accordingly.
ITEMAS	Medical Technology Innovation in healthcare centers	http://www.itemas.org	The defined ontology is focused on addressing medical innovation technology in public healthcare institutions. This ontology is currently only in Spanish language. It has been developed the Platform for Innovation Medical and Health Technology (ITEMAS) a network composed by 67 Spanish healthcare organizations (including hospitals, healthcare centers, Ministry of Health, Social Services and Equality and more than 100 organizations focused on medical technology innovation. The ITEMAS Platform has been by Carlos III National Health Institute (PT13/0006/0036), both co-funded by FEDER from European Regional Development Funds (European Union).
IVAN	IVAN OTERO		
IXNO	Interaction Ontology		
JERM	Just Enough Results Model Ontology	https://fair-dom.org/	The JERM ontology is an application ontology that describes the relationships between the data, models and other research assets that can be shared through the FAIRDOM platform, for sharing Systems and Synthetic Biology experiments. JERM 2 includes a new model for describing Biosamples, developed during the ELIXIR-lead Biosamples club
JFO	Japanese Food Ontology		JFO v0.57 - FoodAtlasEntity moved under BFO:0000020 (not top-level), The Japanese Food Ontology (JFO) is a comprehensive ontology of Japanese foods that integrates FGNHNS (National Health and Nutrition Survey) food groups, the Standard Tables of Food Composition in Japan (foodcomp), FoodOn cross-references, MeSH/OMOP medical terminologies, allergen data, microbiome literature, and UECFOOD256 image dataset categories. Version 0.60 adds WorldCuisine branch for non-Japanese foods., allergen data (including hasExposure, hasAllergyEvidence, allergyMechanism, allergySite, cross-reactivity mapping with PFAS/latex/LTP), microbiome literature (Prevotella, etc.), and UECFOOD256 image dataset categories. Version 0.70 adds 29 specific allergen individuals with exposure routes, mechanism/site annotations, literature evidence (PMID), and cross-reactivity relationships (pollen-food, latex-fruit, LTP, α-Gal).
JSO	JS Ontology		
KENYAANC	kenyaancfile		
KGCL	Knowledge Graph Change Language	https://github.com/INCATools/kgcl	Knowledge Graph Change Language ontology.
KOIO	Knowledge Object Implementation Ontology		
KORO	Knowledge Object Reference Ontology		
KTAO	Kidney Tissue Atlas Ontology		
KUSIIMA	naava		
LAND-SURFACE	Land Surface classifiers		
LANDFORM	Landform classifiers		Machine-readable representation of the classifiers described in chapter 5 Landform, by J.G. Speight, in Australian soil and land survey field handbook (3rd edn). In this technique for describing landforms, the whole land surface is viewed as a mosaic of tiles of odd shapes and sizes. The scheme is intended to produce a record of observations rather than inferences. The data was converted from the print representation to this linked-data form by Linda Gregory assisted by Simon J D Cox.
LC-CARRIERS	Library of Congress Carriers Scheme		
LC-MEDIA	Library of Congress Media Types Scheme	http://id.loc.gov/vocabulary/mediaTypes.html	Media Types Scheme is derived from a controlled list of values reflecting the general type of intermediation device required to view, play, run, etc., the content of a resource, which is principally used in RDA cataloging.
LCDGT	Library of Congress Demographic Group Terms		
LCGFT	Library of Congress Genre/Form Thesaurus for Library and Archival Materials		
LDA	Ontology of Language Disorder in Autism		
LDBASE	LDbase	http://LDbase.org	LDbase is an NIH-funded behavioral research data repository. The LDbase taxonomy includes project descriptors for projects in the fields of educational and developmental sciences. Developed as a collaboration between researchers and librarians, this first-of-its-kind project-oriented data repository contains decades of knowledge and includes data on individuals across the full range of abilities. The LDbase ontology is used to describe research projects in the developmental sciences.
LEGALAPA	legalapa		this is a test with the legal cluster of apa ontology
LEGALAPATEST2	apalegal		Legal cluster for APA ontology
LEO	Living Environment Ontology		
LHN	Loggerhead Nesting Ontology		
LHO	LivestockHealthOntology	https://bioportal.bioontology.org/ontologies/LHO	The Livestock Health Ontology (LHO) extends the DECIDE ontology specifically designed for salmon usecase. LHO contains information on the health and well-being of livestock animal species such as cattle, pigs, and poultry. Furthermore, it represents the explicit structured and standardized framework for specific domain knowledge and data integration of livestock species. During the development process, knowledge can be retrieved from domain experts, and after the retrieving process, the prototype is designed for reasoning and planning of data related to cattle, pigs, and poultry. Moreover, LHO contains information regarding farms Identifications, their samples, geolocation, breed, diagnostic tests, Pathogen identifications, and Pathogen results for specific bacteria such as Histophilus Somni (HS), Mannheimia Haemolytica (MH), Pasteurella Multocida (PM), Bovine Coronavirus (BCV) bacterial mycoplasma and aerobic culture results for the respiratory diseases in cattle. This information is represented as concepts of classes, subclasses, and their relationship in the form of object and data properties. For pigs, it includes FarmType, age, weight, and pathogens like PRRS, SwineInfluenza, and M_Hyponemoniea. In poultry, LHO incorporates FarmType, with specific pathogen names such as Infectious Bronchitis (IB), providing a concise overview of health aspects across livestock species. ), Salmon case study demonstrates the semantic modeling and integration of aquaculture-specific attributes such as hasMortality, hasActualBiomass, hasWaterType, and hasLocalAuthority. The data supports epidemiological analysis of fish health by mapping samples and measurements to environmental and production factors.
LIB	MWS-WSM		
LIBRARY	wsm24		
LICO	Liver Case Ontology (LiCO)		
LIFO	Life Ontology	https://github.com/lifeontology/lifo	The Life Ontology (LifO) is an ontology of the life of organism. LifO represents the life processes of organisms and related entities and relations. LifO is a general purpose ontology that covers the common features associated with different organisms such as unicellular prokaryotes (e.g., E. coli) and multicellular organisms (e.g., human).
LION	LipidOntology	http://www.lipidontology.com	Lipid ontology (LION) associates >50,000 lipid species to biophysical, chemical, and cell biological features.
LONGCOVID	Long Covid Phenotype Ontology		
LSFC	LSFC		
LTER-CV	LTER Controlled Vocabulary		Duplicate of https://vocab.lternet.edu/vocab/vocab
LUNGMAP-HUMAN	Anatomic Ontology for Human Lung Maturation	https://www.lungmap.net/breath-ontology-browser/	Anatomic Ontology for Human Lung Maturation (LungMAP Human Anatomy (LMHA) Developed by Susan E Wert, Gail H. Deutsch, Helen Pan, and the NHLBI Molecular Atlas of Lung Development Program Consortium Ontology Subcommittee
LUNGMAP-MOUSE	Anatomic Ontology for Mouse Lung Maturation	https://lungmap.net/breath-ontology-browser/	Anatomic ontology for Mouse Lung Maturation (LungMAP Mouse Anatomy (LMMA) Developed by Susan E Wert, Gail H. Deutsch, Helen Pan, and the NHLBI Molecular Atlas of Lung Development Program Consortium Ontology Subcommittee
LUNGMAP_H_CELL	Cell Ontology for Human Lung Maturation		
LUNGMAP_M_CELL	Cell Ontology for Mouse Lung Maturation	https://www.lungmap.net/breath-ontology-browser/	Cell Ontology for Mouse Lung Maturation (LungMAP Mouse Anatomy (LMMA)) Developed by Susan E Wert, Gail H. Deutsch, Helen Pan, and the NHLBI Molecular Atlas of Lung Development Program Consortium Ontology Subcommittee
M	May		
M4M-20-SUBJECTS	M4M.20 FAIRWare Subjects		
M4M-20-VARIABLES	M4M.20 FAIRWare Variables	https://raw.githubusercontent.com/gofair-foundation/vocabs_archive/main/M4M20_variables.ttl	DEMO vocabulary only! Controlled vocabularies allow an accurate and controlled approach in describing physical and digital assets (e.g., data). One of such controlled vocabulary is Psychology Variables. This controlled vocabulary is produced in Metadata 4 Machine (M4M) Workshop 20 (M4M.20 FAIRware Psychology), which is one of deliverables of FAIRware project funded by RoRi. sheet2rdf is used to build and serve Psychology Variables, while PURL is used to persist identifiers for the vocabulary, which resolve on BioPortal (Stanford's ontology service):
M4M-21-SUBJECTS	M4M.21 FAIRWare Subjects	https://raw.githubusercontent.com/gofair-foundation/vocabs_archive/main/M4M21_subjects.ttl	DEMO vocabulary only! Controlled vocabularies allow an accurate and controlled approach in describing physical and digital assets (e.g., data). One of such controlled vocabulary is Neuroscience Subjects. This controlled vocabulary is produced in Metadata 4 Machine (M4M) Workshop 21 (M4M.21 FAIRware Neuroscience), which is one of deliverables of FAIRware project funded by RoRi. sheet2rdf is used to build and serve Neuroscience Subjects, while PURL is used to persist identifiers for the vocabulary, which resolve on BioPortal (Stanford's ontology service).
M4M-21-VARIABLES	M4M.21 FAIRWare Variables		
M4M-CHAR	M4M-CHAR		
M4M19-SUBS	M4M19 Subjects	https://raw.githubusercontent.com/gofair-foundation/vocabs_archive/main/M4M19_subjects.ttl	DEMO vocabulary only. Controlled vocabularies allow an accurate and controlled approach in describing physical and digital assets (e.g., data). One of such controlled vocabulary is NICEST-2 Subjects. This controlled vocabulary is a result of Metadata 4 Machine (M4M) Workshop 19 (M4M.19 funded by EOSC-Nordic ) provided to the NICEST-2 project. sheet2rdf and OntoStack, developed by FAIR Data Collective, are used to build and serve NICEST-2 Subjects, while PURL will be used to persist identifiers for the vocabulary terms and properties:
M4M19-VARS	M4M19 Variables	https://raw.githubusercontent.com/gofair-foundation/vocabs_archive/main/m4m19_vars.ttl	DEMO vocabulary only. Controlled vocabularies allow an accurate and controlled approach in describing physical and digital assets (e.g., data). One of such controlled vocabulary is NICEST-2 Variables. This controlled vocabulary is a result of Metadata 4 Machine (M4M) Workshop 19 (M4M.19 funded by EOSC-Nordic ) provided to the NICEST-2 project. sheet2rdf and OntoStack, developed by FAIR Data Collective, are used to build and serve NICEST-2 Subjects, while PURL will be used to persist identifiers for the vocabulary terms and properties: http://purl.org/m4m19/variables/
MACROALGAETRAITS	Macroalgae Traits Thesaurus	http://thesauri.lifewatchitaly.eu/Macroalgae/index.php	The Macroalgae Traits Thesaurus contains several concepts on demographic and functional traits. It has been developed and published by LifeWatch Italy, the Italian node of the e-science European infrastructure for biodiversity and ecosystem research (LifeWatch ERIC). It reflects the agreement of a scientific expert community to fix semantic properties (e.g. label, definition) of approximately 100 traits.
MADS-RDF	Metadata Authority Description Schema in RDF	http://www.loc.gov/standards/mads/rdf/	MADS/RDF (Metadata Authority Description Schema in RDF) is a knowledge organization system (KOS) designed for use with controlled values for names (personal, corporate, geographic, etc.), thesauri, taxonomies, subject heading systems, and other controlled value lists. It is closely related to SKOS, the Simple Knowledge Organization System and a widely supported and adopted RDF vocabulary. MADS/RDF has been fully mapped to SKOS. It is presented as an OWL ontology. The MADS/RDF is designed as a data model for authority and vocabulary data used within the library and information science (LIS) community, which is inclusive of museums, archives, and other cultural institutions. For example, MADS/RDF provides a means to record data from the Machine Readable Cataloging (MARC) Authorities format in RDF for use in semantic applications and Linked Data projects.
MAMO-SCR-ONTO	Mammography Screening Ontology		The Mammography Screening Ontology (MAMO-SCR-Onto) is designed to provide mammography application recommendations for the early detection of breast cancer in patients at average risk of the disease.
MARC-LANGUAGES	MARC List for Languages	http://id.loc.gov/vocabulary/languages.html	MARC List for Languages provides three-character lowercase alphabetic strings that serve as the identifiers of languages and language groups. The codes are usually based on the first three letters of the English form or, in some cases, vernacular form of the corresponding language name. The codes are varied where necessary to resolve conflicts and are not intended to be abbreviations of a language name. When the name of a language is changed in the list, the original code is generally retained. The codes in this list are equivalent to those of ISO 639-2 (Bibliographic) codes and some codes from ISO 639-5, although the language name labels may differ. They are linked to the equivalent codes in ISO 639-2 and ISO 639-5 and the corresponding two-character codes in ISO 639-1.
MARC-RELATORS	MARC Code List for Relators		
MATERIALSMINE	MaterialsMine Ontology	https://materialsmine.org/nm/	A materials ontology to support data publication involving nanomaterials and metamaterials.
MATR	Material		
MATRCOMPOUND	Material Compound		Material Compound details from SWEET ontology
MATRELEMENT	Material Element		Material Element part of SWEET ontology
MATRROCK	Material Rock		RocK material
MATRROCKIGNEOUS	Material Rock Igneouus		matrRockIgneous
MCBCC	Breast Tissue Cell Lines Ontology	http://www.molecularconnections.com	Contains a comprehensive list of cell lines derived from breast tissue, both normal and pathological. The ontology in built in OWL with cross relation to classes- genetic variation, pathological condition, genes, chemicals and drugs. The relations built enable semantic query across different classes
MCCV	Microbial Culture Collection Vocabulary		Structured controlled vocabulary for describing meta information of microbial calture collection maintained in biological research centers
MCHVODANATERMS	MCHVODANATERMS		Ontology containing the controlled terms and semantic properties used in the Maternal Child Health Care generic template used within different facilities in VODANA
MCO4HKE	Multiplex Classification Ontology for the HyperKvasir Experiment		"Ontology used for one of the experiments from the Multiplex Classification Framework (paper under review). This ontology is based on the set of classes from the HyperKvasir dataset. The HyperKvasir dataset is a manually annotated, multi-class image and video dataset for gastrointestinal endoscopy (Borgli et al., 2020). For the Multiplex experiment, only pathological finding labels were used (such as “Esophagitis grade A,” “Esophagitis grade B-D,” and “Hemorrhoids""). Data Article: Borgli et al. (2020). HyperKvasir, a comprehensive multi-class image and video dataset for gastrointestinal endoscopy. Scientific Data, 7(1), 283. https://doi.org/10.1038/s41597-020-00622-y"
MCO4MCRE	Multiplex Classification Ontology for the MultiCaRe Experiment		
MCR_TX	MultiCaRe Taxonomy		
MDDB	Master Drug Data Base Clinical Drugs	http://www.medispan.com	Master Drug Data Base provides pricing and descriptive drug information on name brand, generic, prescription and OTC medications, and herbal products. It includes industry standard identifiers for all brand and generic drugs on the market including National Drug Code (NDC), Universal Product Code (UPC) and Health Related Item (HRI) numbers.
MDM	Mapping of Drug Names and MeSH 2022		
MEDEON	Medical Error Ontology		
MEDICALINFO	mymedicalinformation		this ontology is for my thesis research demo
MEDO	Mouse Experimental Design Ontology		A representation of experimental design for high-throughput mouse analysis pipelines.
MEDRED	MedRed ontology: clinical data acquisition model		This ontology aims to model generic Medical Data Acquisition Instruments, which can be interoperable across different clinical data management systems. The ontology is developed in the context of the MedRed project (https://www.hevs.ch/en/rad-institutes/institute-of-information-systems/projects/medical-research-data-acquisition-platform-14092), Esta ontología has sido diseñada para representar Instrumentos de captura de datos clínicos, dentro del contexto del proyecto MedRed (https://www.hevs.ch/en/rad-institutes/institute-of-information-systems/projects/medical-research-data-acquisition-platform-14092), Cette ontologie a été conçue pour representer des Instruments pour l'aquisition de données cliniques, dans le contexte du projet MedRed project (https://www.hevs.ch/en/rad-institutes/institute-of-information-systems/projects/medical-research-data-acquisition-platform-14092)
MEGO	Mobile Genetic Element Ontology	http://aclame.ulb.ac.be	MeGO is a Gene Ontology under construction dedicated to the functions of mobile genetic elements. The terms defined in MeGO are used to annotate phage and plasmid protein families in ACLAME.
MELLO-D	MEdical LifeLog Ontology for people with Disability		MEdical LifeLog Ontology for the people with Disability
MELO	Melanoma Ontology		Ontology of melanoma disease, composed of terms of disease, drug, symptoms, molecular abnormality，anatomical structure, diagnosis, treatment and relationships between them.
MEO	Metagenome and Microbes Environmental Ontology		
MEPO	Mapping of Epilepsy Ontologies	https://www.zbmed.de/	The Mapping of Epilepsy Ontologies (MEPO) provides owl:sameAs relationships of similar concepts for the ontologies EpSO, ESSO, EPILONT, EPISEM, and FENICS. Two concepts are considered similar if they share the same concept name or the same synonym. Additional synonyms for each of the concepts are generated using the Snowball stemming algorithm. The software implementation is available on github within the Maven project snoke in the module snoke.ontology: https://github.com/bernd-mueller/snoke/tree/master/snoke.ontology
MERA	Medical Educational Resource Aggregator	https://edu.carre-project.eu	The educational resource ontology is designed in order to provide structure to resources aggregated by the educational resource aggregator. The aim of the educational resource aggregator is to harvest educational resources from 3rd party repositories, present these to the medical expert for annotation and rating, and output the results of the annotation (together with resource metadata) to the CARRE public RDF repository. The main parts of this aggregator are: the Resource Retriever, the Resource Rating, the Resource Metadata Processing, and the User Application. The educational metadata involve the Resource Metadata processing module.This module is a combination of 3 services that collect data per article, making multiple SPARQL requests to enrich the data and finally store it as a unique identified resource into the local datastore. Then data is transformed into RDF triples in order to be inserted to CARRE educational repository. The ontology is developed using the Protégé v5.0 , a free, open-source ontology editor from the Stanford University. The ontology is available on CARRE rdf repository among the other ontologies. CARRE url : http://carre.kmi.open.ac.uk/ontology/educational.owl
METABUS	metaBUS controlled vocabulary for organizational and applied psychology research		
METAMESH	Meta Mesh Ontology		
MGBD	MGB Drug List		MGB Drug List
MHC	Major Histocompatibility Complex Ontology	http://purl.org/stemnet/	The MaHCO contains terms necessary for describing and categorizing concepts related to MHC, in general, and for a number of model species, and also for humans.
MHCRO	MHC Restriction Ontology		
MHIO	Mental Health Interface Ontology		Digital mental health tools have expanded quickly, but many still struggle to understand the way people actually talk about their emotions online. Clinical vocabularies like SNOMED CT, ICD-10, DSM-5, and the Mental Functioning Ontology were created for medical settings, so they often miss the casual phrases and slang people use on platforms such as Reddit. Someone might say, “I feel burnt out,” “I’m mentally cooked,” or “I disappeared for a week.” These expressions rarely match any formal clinical term, even though they describe real emotional experiences. In MHIO, we extract slang terms as concepts from social-media language using graph clustering and map them to a clinical equivalent.
MHMO	Mental Health Management Ontology		This ontology can assist in the management of mental healthcare networks. It allows the integration and semantic interoperability between independent health databases, promotes the ability to infer knowledge in this domain, enables the generation of relevant indicators for mental health to improve decision-making, and increases mental health management and planning efficiency and effectiveness. This is a non-profit, open-source project.
MICRONT	microntology	https://github.com/grp-schmidt/microntology	microntology encompasses (in v1.0) a controlled vocabulary of 148 crosslinked terms that fall into five broad habitat categories (terrestrial, aquatic, aerial, host-associated and anthropogenic environments) and additional categories that describe broad physicochemical properties, morphology, human host properties, animal host captivity status, and miscellaneous informative features such as (chemical) contamination or ancient (paleontological) sample provenance. MICRONT is designed as a pragmatic lightweight complement to existing detailed ontologies like ENVO, UBERON or GOLD; MICRONT terms are crosslinked to these where appropriate. Its purpose is a fast, automatable annotation of (meta)genomic microbial samples with browsable informative tags.
MIDO	Medical Imaging and Diagnostic Ontology		
MIFD	Minimum Information for Fermentation Devices		MIFD is an ontology schema for modeling fermentation devices, their components and all the intricate hierarchical dependencies involved in such equipment configurations. The concept of device refers to the top layer of the cultivation equipment abstraction. Devices can host single fermentation vessels or have slots that can host multiple ones. The concept of vessel reflects individual fermentation units that can be of any type (e.g. bioreactor, microwell, flask etc). The component category describes sensors and actuators that are typically attached to fermentation vessels.
MIFE	Minimum information for fermentation experiments		
MIM	Molecular Interaction Map		
MINERAL	Material Mineral		Material Mineral
MINI-FAST-1	mini fast test		
MIO	Myocardial Infarction Ontology		The myocardial infarction ontology (MIO) is a disease-specific ontology that characterizes the knowledge field of myocardial infarction.
MIRAPIE	MInimal Requirements for Automated Provenance Information Enrichment in biomedical research		A description of the ontology and the undelying model, as well as exemplary usage scenarios, can be found in the related publication and supplement, respectively. <link> (will be updated once published)
MISO	Microbial Isolation Source Ontology		
MIXSCV	Minimal Information about any Sequence (MIxS) Controlled Vocabularies		
ML_MCR_TX	MultiCaRe Taxonomy (ML Labels)		This is a reduced version of the MultiCaRe Taxonomy (MCR_TX), the class structure used for medical image classification in the MultiCaRe dataset. This reduced version includes only the labels used in Machine Learning (ML) model training.
MLTX	Machine Learning Methodology Taxonomy Mapping		
MM	mm		
MNR	Material Natural Resource		Natural Resource
MNV	VODANA Migrants		migrants ontologies
MOC	Material Organic Compound		Organic Compound
MOMCARE	MomCareVocabulary		MomCare Vocabulary
MONO	Monogenean Ontology		Monogenean Ontology
MOOCCIADO	Molgula occidentalis Anatomy and Development Ontology		
MOOCCUADO	Molgula occulta Anatomy and Development Ontology	http://www.aniseed.cnrs.fr/	The first ontology describing the anatomy and the development of Molgula occulta.
MOOCULADO	Molgula oculata Anatomy and Development Ontology	http://www.aniseed.cnrs.fr/	The first ontology describing the anatomy and the development of Molgula oculata.
MPO	Microbial Phenotype Ontology		An ontology for describing microbial phenotypes
MRO	Defen		It is an ontology for Military concepts
MSCDO	Medication Safety Co-Decision Ontology		
MSO	Multiple sclerosis ontology		
MSR	Mammography screening recommendation		
MSTDE	Minimal Standard Terminology of Digestive Endoscopy		
MSV	Metagenome Sample Vocabulary	http://microbedb.jp	An ontology for metagenome sample metadata. This ontology mainly defines predicates.
MVAONT	Mosquito Vector Association Ontology with Biocontrol Agents		MVAont is about the description of Indian Mosquito Vectors and their Associations with Biocontrol Agents
MWLA	Medical Web Lifestyle Aggregator		
MY_SYRIANCINEMA	MWS-WSM Syrian Cinema Ontology	https://www.facebook.com/share/Lahi4gL4qiX647wW/?mibextid=qi2Omg	I have an anthology that describes Syrian cinema It contains the film's class, the actor's class, the director's class, the producer's class, and other classes Each class has the necessary properties There are several relationships between classes The project is a practical assignment in the Semantic Web course for a graduate student in the Master of Web Science program
N-CDOH	Non Clinical Determinants of Health		Supporting ontology reuse by integrating CDoH with an existing SDoH ontology. We are presenting an overarching conception for all non-clinical determinants of health (N-CDoH).
NAMO	New Approach Methodology Ontology		
NATPRO	Natural Products Ontology		
NCCNEHR	NCCN EHR Oncology Categories		
NCCO	Nursing Care Coordination Ontology		Nursing Care Coordination Ontology contains activities that nurses use while coordinating care among patients.
NCOD	NCoD		National Disease classification of Ethiopia
NDDO	Neurodegenerative Disease Data Ontology		
NDDRFO	Neurodegenerative Disease Risk Factor Ontology		Neurodegenerative Diseases Risk Factor Ontology (NDDRFO) is a disease-specific ontology that characterizes the knowledge field of risk factors for neurodegenerative diseases.
NEET_	NEET_Ontology_		The data about health conditions of NEETs and EETs
NEIC-ONTO	Unoffical NeIC Organisation Vocabulary		Terms used to describe different aspects of NeIC activities
NEICBEER	The NeIC PaRI beer vocabulary		This vocabulary is used to create a machine actionable dataset of beer and beer consumption
NEIO	Neural Electronic Interface Ontology		
NEO	Neurologic Examination Ontology	https://doi.org/10.1186/s12911-020-1066-7	An ontology to capture findings from the neurological examination. The ontology is based on concepts from UMLS Metathesaurus and SNOMED CT. Only abnormal findings are included. The purpose of the ontology is to act as a limited vocabulary for coding the neurological examination for big data projects or machine learning. Hier DB, Brint SU. A Neuro-ontology for the neurological examination. BMC Med Inform Decis Mak. 2020;20(1):47. Published 2020 Mar 4. doi:10.1186/s12911-020-1066-7
NEOMARK3	Neomark Oral Cancer Ontology, version 3		
NEOMARK4	Neomark Oral Cancer Ontology, version 4		
NERO	Named Entity Recognition Ontology		Named Entity Recognition Ontology (NERO) developed specifically for describing textual entities in biomedical texts, which accounts for diverse levels of ambiguity, bridging the scientific sublanguages of molecular biology, genetics, biochemistry, and medicine. The annotation of natural science texts is more challenging than in other domains. Biomedical language is replete with ambiguity distinct from that observed in news articles or informal text online. In biomedical texts, alternative meanings are not always clearly separated. For example, in some biomedical contexts, the words for a named entity may refer to a gene or a protein with nearly equal probability; for example, “a mutant hemoglobin α_2” can refer to either a gene or a protein. If the author meant gene-or-protein A, and we force an annotator to choose either interpretation gene A or protein A, the resulting annotation is of limited utility because the choice between gene and protein is random if the meanings are equally likely based on context. NERO attempts to minimize unwarranted, arbitrary annotative semantic label assignments for textual entities. NERO defines ambiguous concepts, such as GeneOrProtein, which subsumes both Gene and Protein using the following axiom: EquivalentTo: ‘Gene’ or ‘Protein.’ There are no biological entities that are either a gene or a protein, but there are lexical entities that can correspond to either or both of these entities.
NEUDIGS	Neuroscience Domain Insight Graph		
NEUMORE	Neural Motor Recovery Ontology		
NEUROBRG	NeuroBridge Ontology	https://portal.neurobridges.org/	NeuroBridge ontology is being developed as part of the NeuroBridge project to implement FAIR principles for neuroimaging and neurophysiology data using computable provenance metadata. The NeuroBridge ontology extends the W3C PROV ontology and the ProvCaRe ontology with terms from the SchizConnect and Data Bridge ontology aligned and merged into the original class structure of the ProvCaRe ontology.
NGSONTO	NGS ontology		
NHSQI2009	NHS Quality Indicators		
NIC	Nursing Interventions Classification		
NIDM-RESULTS	NIDM-Results	http://nidm.nidash.org/specs/nidm-results.html	NIDM-Results is a data model that enable sharing neuroimaging results using a common descriptive standard across neuroimaging software. NIDM-Results focuses on mass-univariate studies and is mostly targeted at fMRI but is also suitable for anatomical MRI (with Voxel-Based Morphometry), and Positron Emission Tomography (PET). NIDM-Results packs provide a lightweight solution to share maps generated by neuroimaging studies along with their metadata. Export to NIDM-Results is natively implemented in SPM, NeuroVault and CBRAIN and a Python library is ready for integration in FSL. NeuroVault additionally can import NIDM-Results packs.
NIFDYS	Neuroscience Information Framework (NIF) Dysfunction Ontlogy		
NIFSUBCELL	Neuroscience Information Framework (NIF) Subcellular Ontology		
NIGO	Neural-Immune Gene Ontology		
NIHSS	National Institutes of Health Stroke Scale Ontology		Domain ontology for National Institutes of Health Stroke Scale (NIHSS). Scores range from 0-42. Patients are given more points for greater deficiencies. A score of 0 indicates that the test is normal.
NIO	Neuropsychological Integrative Ontology		An integrative ontology of the four main domains of neuropsychological diseases, brain areas, cognitive functions and neuropsychological tests
NIRS	Non-invasive Respiratory Support Ontology		Managing patients with respiratory failure increasingly involves non-invasive respiratory support (NIRS) strategies as alternatives to traditional ventilation methods. However, despite the rapidly expanding use of NIRS, there is a significant challenge to its best use under all medical circumstances. It lacks a unified ontological structure, complicating guidance on NIRS modalities across healthcare systems. We introduced this NIRS ontology study to support knowledge representation in acute care settings by providing a unified framework that enhances data clarity, interoperability, and clinical decision-making. We developed this NIRS ontology using the Web Ontology Language (OWL) and Protégé to organize clinical concepts and relationships. To enable rule-based clinical reasoning beyond hierarchical structures, we added Semantic Web Rule Language (SWRL) rules. We evaluated logical reasoning by adding 17 hypothetical clinical scenarios. We used SPARQL queries to retrieve and test targeted inferences. The ontology has 129 classes, 11 object properties, and 17 data properties across 886 axioms that establish concept relationships. To standardize clinical concepts, we added 361 annotations, including descriptive definitions based on controlled vocabularies.
NIST_GEL	NIST Genome Editing Lexicon	https://www.nist.gov/programs-projects/nist-genome-editing-lexicon	Genome editing technology is a fast-growing and rapidly advancing global bioscience field with applications in many biotechnology sectors. Genome editing is used to modify the nucleic acids of a genetic code, which can be composed of DNA or RNA, in a site-specific manner. Modifications can include insertion, deletion or alteration of nucleic acids. The technology operates by biochemical principles generally applicable to every kind of cell. Examples of genome editing technology applications with global significance include human cell-based therapeutics, agriculture, microbial based therapeutics, synthetic biology and biomanufacturing. While genome editing technology is being actively utilized, there is a need for international standardization in terms and definitions for this field, so as to enhance interpretation and communication of concepts, data and results. This document has been developed to provide a unified standard set of terms and definitions that serve the needs of biotechnology stakeholders and act as a reference for genome editing technology.
NLMVS	NIH NLM Value Sets		
NLN	NLighten Ontology	https://github.com/NLightenGroup/nlighten-ontology	The NLighten ontology is an ontology designed to model clinical research/trials educational resourcses. It includes a model of educational resources and a taxonomy of clinical research competencies. The educational resource model reuses many schema.org concepts, the taxonomy is based on a variety of domain competency frameworks, and the ontology is designed to work with the eagle-i software platform.
NMDCO	NMDC Ontology	https://github.com/microbiomedata/nmdc-ontology	NO LONGER MAINTAINED. The source repository (github.com/microbiomedata/nmdc-ontology) has been archived and this BioPortal entry is not updated. NMDC no longer publishes a standalone ontology; it loads external ontologies into its data infrastructure (NMDC MongoDB, used by nmdc-server). The NMDC Ontology (NMDCO) is used by the National Microbiome Data Collaborative (NMDC, https://microbiomedata.org) to annotate multi-omic microbiome metadata. It merges a number of ontologies relevant to the NMDC (such as the plant and environment ontologies) into a single ontology. The ontology can be download from Github at https://github.com/microbiomedata/nmdc-ontology.
NMOBR	NeuroMorpho.Org brain region ontologies		The species, brain regions and cell types are integrated into a single ontology for enabling OntoSearch functionality to mine the latest v7.0 release of NeuroMorpho.Org.
NMOSP	NeuroMorpho.Org species ontology		
NND_CH	NND_Clinical_history		
NND_ND	NND_Neuropathological_Diagnosis		Netherlands Neurogenetics Database Neuropathological Diagnosis ontology. This ontology describes the most common neurodegenerative and psychiatric disorders in the Netherlands Brain Bank and can be used for cross-disorder brain research.
NONRCTO	Non-Randomized Controlled Trials Ontology		We built an ontology to help the systematic review and meta-analysis process of non randomized clinical trials.
NPDX	Neuropathologic Diagnoses		
NPI	Non-Pharmacological Interventions (NPIs)	http://www.cepsplatform.eu	Terminologies of Non-Pharmacological Interventions
NPOKB	Neuron Phenotype Ontology		
NRO	NeuralReprogrammingOntology		
O-REXTECH	OSIRIS-REx Analytical Technique		
O3	Operational Ontology for Oncology		
OBEST	Ontology of Bioethics and Ethics of Science & Technology		
OBI_BCGO	Beta Cell Genomics Ontology	https://github.com/obi-bcgo/bcgo	Beta Cell Genomics Ontology (BCGO) is an application ontology built for the Beta Cell Genomics database (http://genomics.betacell.org/gbco/) aiming to support database annotation, complicated semantic queries, and automated cell type classification. The ontology is developed using Basic Formal Ontology (BFO) as upper ontology, Ontology for Biomedical Investigations (OBI) as ontology framework and integrated subsets of multiple OBO Foundry (candidate) ontologies. Current the BCGO contains 2383 classes including terms referencing to 24 various OBO Foundry ontologies including CL, CLO, UBERON, GO, PRO, UO, etc.
OBI_IEE	The Ontology for Biomedical Investigation based Inner Ear Electrophysiology		Inner Ear Electrophysiology (IEE) is an application ontology created to describe electrophysiology and biophysical data collections of the anatomical entities and cells (e.g., outer hair cells) of the inner ear. The ontology is developed with The Ontology for Biomedical Investigations (OBI) and integrated subsets of multiple OBO ontologies, especially, PATO, FMA, CHEBI, and OBA.
OBIWS	Bioinformatics Web Service Ontology		
OBOE-SBC	Santa Barbara Coastal Observation Ontology		
OBOREL	Relations Ontology		
OBS	OntoBioStat		
OC_E	OntoCaimer_Examples		This version of ontocaimer contains instantiated examples of patients, sensors, and actuators. OntoCaimer is an ontology that aims to support the development of systems that support and facilitate the care of Alzheimer's patients. This ontology offers a platform that contains concepts related to the support and management of the symptoms suffered by Alzheimer's patients in each of stage of disease, also encompasses knowledge about sensors, observations and actuators. With these knoledge covered, the proposed system can be used as a knowledge base or as a basis for creating artifacts that can interact with the real world.
OCD	Obsessive-Compulsive Disorder Ontology	https://github.com/Aliaia/ocd-ontology	A comprehensive ontology for Obsessive-Compulsive Disorder (OCD) developed at Cardiff University. The ontology defines 80 OCD-specific concepts with formal Description Logic definitions, integrates eleven existing biomedical ontologies through five documented reuse strategies, and provides systematic lexical enrichment of both concepts and object properties using the OntoLex-Lemon model. Developed using a two-stage human–machine methodology combining expert clinical validation with large language model benchmarking., and provides systematic lexical enrichment of both concepts and object properties using the OntoLex-Lemon model. Developed using a two-stage human-machine methodology combining expert clinical validation with large language model benchmarking., Generated by combining 458 base triples, 3020 lexical enrichment triples, and 9387 external mapping triples.
OCDM	Ontology of Craniofacial Development and Malformation	https://www.facebase.org/ocdm/	The Ontology of Craniofacial Development and Malformation (OCDM) is a mechanism for representing knowledge about craniofacial development and malformation, and for using that knowledge to facilitate integrating craniofacial data obtained via multiple techniques from multiple labs and at multiple levels of granularity. The OCDM is a project of the NIDCR-sponsored FaceBase Consortium, whose goal is to promote and enable research into the genetic and epigenetic causes of specific craniofacial abnormalities through the provision of publicly accessible, integrated craniofacial data.
OCE	Ontology of Chemical Elements	https://github.com/ontologyofchemicalelements/OCE	The Ontology of Chemical Elements (OCE) is a community-based ontology in the domain of chemical elements. OCE systematically represents and annotates the known 118 chemical elements and their charactistics and relations with other entities. OCE imports the basic chemical element information from ChEBI and adds more classes, annotations, and axioms. OCE specifically focuses on adding all the related information from the Periodic Table of Chemical Elements.
OCHV	Ontology of Consumer Health Vocabulary		
OCIMIDO	Ocular Immune-Mediated Inflammatory Diseases Ontology	https://github.com/sap218/ocimido	Application ontology for Ocular Immune-mediated Inflammatory Diseases, built from domain experts in ophthalmology, clinical guidelines, and enhanced with patient-preferred terms.
OCMR	Ontology of Chinese Medicine for Rheumatism	https://github.com/biomedontology/ocmr	OCMR is a biomedical ontology that represents anti-rheumatism traditional Chinese medicines and related information.
OCO	OpenCareOntology		
OCRE	Ontology of Clinical Research	http://rctbank.ucsf.edu/home/ocre	OCRe is an ontology designed to support systematic description of, and interoperable queries on, human studies and study elements.
OCS	A Foundational Ontology for Computational Sociology	https://www.hlaszny.com/OCS/data/OCS.html	OCS (Ontology for Computational Sociology) is the first formal ontology covering the general domain of sociology. Built on BFO 2020, it comprises 701 classes (665 domain + 36 BFO), 254 object properties with explicit inverses, 78 data properties, and 201 n-ary causal relations modelling complex multi-factorial sociological causation through a systematic reification pattern. The ontology spans social structures, institutions, processes, stratification, deviance, cultural systems, and research methodology. A web-based browser, full Java development pipeline (DBFOschemafy), and all source materials are freely available.
OCVDAE	Ontology of Cardiovascular Drug Adverse Events		OCVDAE is a biomedical ontology of cardiovascular disease drug-associated adverse events
ODAE	Ontology of Drug Adverse Events		
ODFA	Ontology of Dental Care-Related Fear and Anxiety		
ODHT	Digital Health Technologies		
ODNAE	Ontology of Drug Neuropathy Adverse Events	https://github.com/odnae/odnae	ODNAE is an extension of OAE with a focus on drug-associated neuropathy adverse events.
OF	OntoFood		
OFDSIPT	Ontology for Data Science in Practice (trial)		
OFL	A comprehensive ontology of flaps in reconstructive surgery		
OFSMR	Open Predictive Microbiology Ontology		
OGCO	OriGinal Chemical Ontology	https://github.com/cmungall/chemessence/tree/main/src/ontology/components	The Original Chemical Ontology was developed by Michael Ashburner & Pankaj Jaiswal in 2002, before development shifted to CHEBI. It was revived by Chris Mungall for purposes of comparison with the current CHEBI and CHEMESSENCE
OGDI	Ontology for Genetic Disease Investigations		
OGG-MM	Ontology of Genes and Genomes - Mouse	https://bitbucket.org/hegroup/ogg-mm	OGG-Mm is the OGG Mus musculus (mouse) subset. The OGG (Ontology of Genes and Genomes) is a formal ontology of genes and genomes of biological organisms. OGG is developed by following OBO Foundry principles and aligning with the BFO top ontology.
OGMD	Ontology of Glucose Metabolism Disorder	http://sourceforge.net/projects/ogmd/	Including the disease names. phenotypes and their classifications involved in Glucose Metabolism Disorder, Diabetes. (OBO and OWL format are available in sourceforge.) OWL file is downloadable as the different view here.
OGR	Ontology of Geographical Region		This OWL ontology classified the geograhical regions related vocabularies extracted from UMLS. It used with other ontologies to represent the genetic susceptibility factors of diabetes.
OGROUP	Orthologous Group Ontology		
OLAM	Ontology of Laboratory Animal Medicine		
OLAS	Ontology of Laboratory Animal Science		
OMCO	OligoMetastatic Cancer Ontology		
OMV	Ontology Metadata Vocabulary	http://omv2.sourceforge.net/index.html	A standard for ontology metadata; a vocabulary of terms and definitions describing ontologies which specifies reusability-enhancing ontology features for human and machine processing purposes.
ONL-DP	Dataset processing	http://neurolog.unice.fr/ontoneurolog/v3.0/Documentation_OntoNeuroLOGv3.pdf	This ontology is a module of the OntoNeuroLOG ontology, developed in the context of the NeuroLOG project, a french project supported by ANR (ANR-06-TLOG-024 grant) aiming at integrating distributed heterogeous resources in neuroimaging. If covers the domain of Datasets and the processing of datasets. It includes a detailed taxonomy of datasets in the area of neuroimaging (and especially MR imaging) as well as a taxonomy of medical image processing.
ONL-MR-DA	Magnetic Resonance Dataset Acquisition Ontology	http://neurolog.unice.fr/ontoneurolog/v3.0/Documentation_OntoNeuroLOGv3.pdf	This ontology is a module of the OntoNeuroLOG ontology, developed in the context of the NeuroLOG project, a french project supported by ANR (ANR-06-TLOG-024 grant) aiming at integrating distributed heterogeneous resources in neuroimaging. If covers the domain of Magnetic Resonance Imaging (MRI) dataset acquisition, i.e. MRI protocols, and MRI sequence parameters. In particular, it includes a multi-axial classification of MR sequences.
ONL-MSA	Mental State Assessment	http://neurolog.unice.fr/ontoneurolog/v3.0/Documentation_OntoNeuroLOGv3.pdf	This ontology is a module of the OntoNeuroLOG ontology, developed in the context of the NeuroLOG project, a french project supported by ANR (ANR-06-TLOG-024 grant) aiming at integrating distributed heterogeous resources in neuroimaging. This MSA ontology module covers the field of mental state assessments, i.e. instruments, instrument variables, assessments, and resulting scores. It includes a generic domain core ontology, that provides a general model of such entities and a general taxonomy of behavioural, neurosychological and neuroclinical instruments, that can be easily extended to model any particular kind of instrument. It also includes such extensions for 8 relatively standard instruments, namely: (1) the Beck-depression-inventory-(BDI-II), (2) the Expanded-Disability-Status-Scale, (3) the Controlled-oral-word-association-test, (4) the Free-and-Cued-Selective-Reminding-Test-with-Immediate-Recall-16-item-version-(The-Gröber-and-Buschke-test), (5) the Mini-Mental-State, (6) the Stroop-color-and-word-test, (7) the Trail-making-test-(TMT), (8) the Wechsler-Adult-Intelligence-Scale-third-edition, (9) the Clinical-Dementia-Rating-scale, (10) the Category-verbal-fluency, (11) the Rey-Osterrieth-Complex-Figure-Test-(CFT).
ONL-TASKS	Cognitive Reserves Assessment Tasks		This ontology is an extension of the OntoNeuroLOG ontology, developed in the context of a project supported by Russian Foundation for Basic Research (19-29-01017 grant). The ontology organizes tests that are used for assessing cognitive reserves with the focus on keywords that can be employed in mining of PubMed publications.
ONLIRA	Ontology of Liver for Radiology		ONLIRA (Ontology of the Liver for Radiology) focuses on a semantic specification of imaging observations of CT scans for the liver. ONLIRA extends RadLex with semantic relationships that describe and relate the concepts. Thus, automated processing tasks, such as identifying similar patients, are supported.
ONSTR	Ontology for Newborn Screening Follow-up and Translational Research	http://code.google.com/p/onstr/	Ontology for Newborn Screening Follow-up and Translational Research (ONSTR) is an application ontology covering the domain of newborn screening, follow-up and translational research pertaining to patients diagnosed with inheritable and congenital diseases mainly identified through newborn dried blood spot screening. ONSTR is a central component of the project Newborn Screening Follow-up Data Integration Collaborative (NBSDC). ONSTR uses the Basic Formal Ontology v2 (BFO2, v2012-07-20) as top-level ontology and extends the classes imported from OBO Foundry ontologies and candidate ontologies. For latest release notes please see: http://onstr.googlecode.com/svn/tags/currentRelease/2013-05-02/ NBSDC project page: https://nbsdc.org (under construction).
ONTOAD	Bilingual Ontology of Alzheimer's Disease and Related Diseases		OntoAD is a bilingual (English-French) domain ontology for modeling knowledge about Alzheimer's Disease and Related Syndromes.
ONTODM-ALGORITHM	OntoDM-core/algorithms		OntoDM-algorithms is an ontology for data mining and machine learning entities.
ONTODM-KDD	Ontology of Data Mining Investigations		
ONTODT	Ontology of Datatypes		
ONTOKBCF	Ontological Knowledge Base Model for Cystic Fibrosis		OntoKBCF is an ontological knowledge base model for cystic fibrosis. There are molecular genetic information (i.e. gene mutations) and health information included in OntoKBCF. The purposes of OntoKBCF include management of molecular genetic information and health information and embedding OntoKBCF into EHR settings.
ONTOLURGENCES	Emergency care ontology		
ONTOMA	Ontology of Alternative Medicine, French	http://www.lavima.org	Common concepts for communication between traditional medicine and western medicine. (In French)
ONTONEPHRO	Nephrology Ontology in order to index MOOC		
ONTOPARON	Ontology of Amyotrophic Lateral Sclerosis, all modules		Ontology of ALS (amyotrophic lateral sclerosis), social module + coordination module + medical module developped by neurologists (ICM) and knowledge engineers (LIMICS). This version (11/15/2018) is upload with inferred axioms but without equivalent classe axioms. It serves in this version in a Gate pipeline for a semantic annotation task. This version (03/20/2019) is upload with object properties, inferred axioms and equivalent classes axioms. This version (11/10/2020) is uploaded with small corrections.
ONTOPARON_SOCIAL	Ontology of amyotrophic lateral sclerosis, social module		
ONTOPBM	Ontology for Process-Based Modeling of Dynamical Systems (OntoPBM)		OntoPBM is an ontology of core entities for process-based modeling of dynamical systems.
ONTOPNEUMO	Ontology of Pneumology		Ontology of pneumology (french version). The ONTOPNEUMO ontology was developped by Audrey Baneyx, under the direction of Jean Charlet about knowledge engineering expertise and by François-Xavier Blanc in collaboration with Bruno Housset about medical expertise. The OWL compliant ONTOPNEUMO ontology is available under Creative Commons license “Attribution-Non-Commercial-No Derivative Works 2.0 UK”. Details of this license are accessible at : http://creativecommons.org/licenses/ by-nc-nd/2.0/uk/.
ONTOPSYCARE	Ontology developed during PsyCARE project		OntoPsyCARE is a modular ontology. All modules can be download at https://framagit.org/jacqueshilbey/ontoPSYCARE
ONTOPSYCHIA	OntoPsychia, social module		Ontology of social and environmental determinants for psychiatry
ONTOREPLICOV	OntoRepliCov		OntoRepliCov is an ontology designed to describe the different stages of the SARS-CoV-2 replication process.
ONTOSIM	The Ontology of Information System on Mortality		[pt] A Ontologia do SIM foi desenvolvida no contexto do projeto DIASUS. Ela buscou resgatar a estrutura presente na ficha de preenchimento da Declaração de Óbito - DO, do Sistema de Informação de Mortalidade - SIM, do Sistema Único de Saúde, do Brasil. [en] The SIM Ontology was developed in the context of DIASUS project. This ontology intent to rescue the data structure presented in Death Certificate form, from Information System on Mortality - SIM, from Brazilian Public Health System - SUS.
ONTOSINASC	Ontology of Information System on Live Births		[pt] A Ontologia do SINASC foi desenvolvida no contexto do projeto DIASUS. Ela buscou resgatar a estrutura presente na ficha de preenchimento da Declaração de Nascido Vivo - DN, do Sistema de Informação de Nascidos Vivos - SINASC, do Sistema Único de Saúde, do Brasil. [en] The SINASC Ontology was developed in the context of DIASUS project. This ontology intent to rescue the data structure presented in Live Birth Certificate form, from Information System on Live Births - SINASC, from Brazilian Public Health System - SUS.
ONTOSPM	Ontology Surgical Process Model		A core ontology to represent the Surgical Process Model at different granularity levels
ONTOSTAR	Digital e-health startup Ontology		
ONTOTOX	Chemotherapy Toxicities Ontology	https://github.com/TeamHeka/OntoTox	OntoTox is an ontology designed to represent chemotherapy toxicities extracted from various data in Clinical Data Warehouses. OntoTox can integrate toxicities and grading information extracted from heterogeneous sources. Examples of OntoTox instantiations can be found in GitHub : https://github.com/TeamHeka/OntoTox
ONTOTOXNUC	Ontology of Nuclear Toxicity		Ontology of nuclear toxicity developed during ToxNuc project <>.
OntoVIP	Medical image simulation	http://vip.creatis.insa-lyon.fr/ontovip/v1.0/Documentation_OntoVIPv1.pdf	The OntoVIP ontology was developed in the context of the Virtual Imaging Platform project (VIP), a french project supported by ANR (ANR-09-COSI-03 grant) aiming at sharing medical image simulation resources. This ontology describes the content of the models used in medical image simulation. This ontology can be used to annotate such models in order to highlight the different entities that are present in the 3D scene to be imaged, i.e. anatomical structures, pathological structures, foreign bodies, contrast agents etc. The model allows also to associate to these entities information about their physical qualities, which are used in the medical image simulation process (to mimick physical phenomena involved in CT, MR, US and PET imaging). This ontology partly relies on the OntoNeuroLOG ontology (ONL-DP ONL-MR-DA), as well as PATO, RadLex, FMA and ChEBI.
ONTRISCAL	Ontology of Risk Stratification in Mental Health		This ontology organizes concepts and properties of risk stratification in mental health. Stratification aims to determine the patient's risk level by scoring signs and symptoms. Psychotherapeutic treatments aim to minimize patient risk by producing qualitative data reported in therapeutic sessions. Thus, the ONTRISCAL is applied in projects that organize the knowledge about quali-quanti data produced by risk stratification and mental health treatments. Quali-quanti data, semantically annotated by ONTRISCAL, can be ingested into knowledge graphs. Domain specialists can use knowledge graphs to navigate the ONTRISCAL concepts, analyze psychotherapeutic treatments, and control risks in mental health. This is a non-profit and open-source project.
ONVOC	OpenNeuro Vocabulary		
OOEVV	Ontology of Experimental Variables and Values	http://bmkeg.isi.edu	The ontology of experimental variables and values provides a lightweight representation of (a) the variables used to measure experimental properties and (b) the measurement scales that form the complex data types supporting that data. Many different variables measure the same thing, here we use a lightweight representation driven by a small number of classes and a large number of variables to focus only on providing a vocabulary of variables that may be extended for consolidation to standardized variables for specific things and functions to map between values from different measurements scales. We use the base ontology description to provide a very lightweight representation of the basic elements of an experimental design and we use views to instantiate it for specific domains.
OPD-NAMBOBI	SELECTED OTHER PRIORITY DISEASES UNDER IDSR (INTEGRATED DISEASE SURVEILLANCE AND RESPONSES)		"Objective:		To	report cases of notifiable diseases, other diseases of	public health importance."
OPDE	OPD-Ethiopia		This is an OPD Registry Form in Ethiopia.
OPDRE	OPD Regitry Ethiopia		Out patient registry that is used in health facilities in Ethiopia.
OPDRONT	OPD Register Ontology		Vocabulary creation for OPD Register: MINISTRY OF HEALTH AND CHILD CARE
OPDT	opd_test		opd test for group 2
OPDZIMBABWE	OPDZimbabwe		OPD Terms that are used in Zimbabwe.
OPE	Ontology of Physical Exercises		
OPTIMAL	OPTImAL: An ontology for patient adherence modeling in physical activity domain		
OPTION-ONTOLOGY	Optimization Algorithm Benchmarking Ontology		OPTImization Algorithm Benchmarking ONtology
ORCS	Ontology for Representing CDM Semantics	https://github.com/ufbmi/ORCS	The Ontology for Representing CDM Semantics (ORCS) is an application ontology that was developed to transform common-data-model-based data into ontologically-based data such as RDF, RDF*, OWL2, or Referent Tracking tuples. Although initially developed for such transformations of PCORnet Common Data Model (CDM) based data, ongoing and future work involves other CDMs such as OMOP.
OREX-SAM	OSIRIS-REx sample type		
OREX-WG	OSIRIS-REx sample analysis workgroups		Workgroups organized to analyzed samples returned by OSIRIS-REx mission from asteroid Bennu. Mostly for reference in other metadata records.
OSDI	Ontology for the Simulation of Diseases		OSDi is an ontology designed to help the health technology assessment (HTA) community automate multiple stages in the development of economic evaluations. OSDi includes concepts and relationships that model the HTA domain, from characterizing diseases or affected populations to assessing interventions. OSDi serves as a supporting framework for the structured extraction of knowledge from literature and the automated generation of computational models using decision trees or discrete-event simulation., Ontología diseñada para recopilar e inferir los parámetros necesarios para crear una evaluación de tecnología sanitaria basada en simulación, Ontology designed for collecting and inferring the parameters required to create a simulation-based Health Technology Assesment
OTO	Obesity Tracking Ontology		
PACO	Physical Activity Ontology		Physical Activity Concept Ontology (PACO) contains various concepts that are required to describe one's physical activity.
PAIN	The Pain Ontology		The Pain Ontology contains terms for representing pain as defined by the International Association For the Study of Pain (IASP), meaning that pain is both an unpleasant physical sensation and unpleasant emotional experience. It includes terms and axioms to represent the multidimensional aspect of pain, such as temporality (e.g, acute, chronic), qualitative (e.g., sharp, throbbing), extent (e.g., local, widespread), biological mechanism (e.g., nociceptive, neuropathic), and specific anatomical locations (e.g., back, knee)., such as temporality (e.g.
PANDA	Probabilistic Knowledge Assembly Ontology		
PARTUMDO	postpartum depression ontology		This ontology is for use in extracting postpartum depression condition codes, and also comorbidities and diseases often mistaken for postpartum depression. The ontology describes not only the codes but also the relationships between these various diseases/risk factors for use in automatically extracting relevant patient populations from Electronic Health Records
PATAXO	Technical Taxonomies for Patents		PATAXO is a bilingual Chinese-English technical taxonomy for patent-related technology domains using the International Patent Classification (IPC).
PATCT	Placental Cell Type		Cell types associated with placental structure and function. This Cell Type ontology builds on the Cell Ontology (CL) as well as the BRENDA Tissue and Enzyme Source Ontology (BTO) and was further developed by PAT External Scientific Panel Members and contributions from other subject matter experts.
PATEL	Archana Patel		
PATGV	Placental Genetic Variance		Includes variations of DNA sequence, chromosomal structure and copy number, as well as RNA and translational variation. The Genetic Variation ontology expands on work done for Variation Ontology (VariO) and Sequence Types and Features Ontology (SO) which can be found on NCBO. This ontology was further developed by PAT External Scientific Panel Members and contributions from other subject matter experts.
PATHLEX	Anatomic Pathology Lexicon		
PATIT	Placental Investigative Technique		Experimental methods and observation types used in placental research. The PAT Investigative Techniques ontology builds on work done for a handful of existing ontologies, including the Ontology for Biomedical Investigations (OBI) and NCI Thesaurus (NCIT), and was further developed by PAT External Scientific Panel Members and contributions from other subject matter experts.
PATMHC	Placental Maternal Health Conditions		
PAYMENTMODE	Payment Mode		This class refers to the different payment methods.
PAYOR	Payor		This class refers to the entity that made the payment on behalf of the interviewee.
PBO	Plant Breeding Ontology		
PCALION	Prostate Cancer Lifestyle Ontology	http://pcaontology.net/PCaLifeStyleDefault.aspx	PCLiON:Prostate Cancer Lifestyle Ontology
PCAO	Prostate Cancer Ontology		
PCMO	Pediatric Consultation and Monitoring Ontology		
PDO	Pathogenic Disease Ontology		
PDO_CAS	Plant Diversity Ontology	http://gooa.las.ac.cn/external/index.jsp	Plant Diversity Ontology (PDO) is the outcome of the construction tasks of domain ontology of science in the project of Scientific & Technological Knowledge Organization Systems (STKOS). The structure of PDO centers on species, including micro level of molecular, cell and tissue, medium level of plant organs, species and population, and macro level of ecosystem. The classes of PDO also capture the habitat, environmental conditions and expand the general characteristics of plants, completing the instances richness for plant species, geographical, classification and morphology. Furthermore, PDO builds the relationships among species, region, morphology, plant organs, developmental stage, revealing the list of species in an area, the morphology and life form of plants, and development process of species. In sum, PDO shows a growth process or development stage of a species and its structure characteristics in particular space and time scale, realizing the description of species diversity, ecosystem diversity and genetic diversity. At present, PDO has been applied to the platform of Go to Selected Open Access Journals (GoOA) developed by National Science Library of Chinese Academy of Sciences, supporting concept retrieval and concept extension for GoOA.
PDON	Parkinson's Disease Ontology		
PDQ	Physician Data Query	https://www.cancer.gov/publications/pdq	Physician Data Query (PDQ) Terminology is part of NCI's comprehensive cancer information database, which contains expert summaries on a wide range of cancer topics, a listing of some 30,000 cancer clinical trials from around the world, a directory of genetics services professionals, the NCI Dictionary of Cancer Terms, and the NCI Drug Dictionary.
PE	Pulmonary Embolism Ontology		
PE-O	Pre-eclampsia Ontology		The PEO incorporates a wide range of key concepts and terms of PE from clinical and biomedical research in structuring the knowledge base that is specific to PE.
PEAO	Plant Experimental Assay Ontology	https://bitbucket.org/PlantExpAssay/ontology	The Plant domain has been the subject of several attempts to structure and formally define terms and corresponding relations, such as their anatomical features, developmental stages, and the application of particular experimental procedures to a biological problem. However, a focus on experimental assays in order to describe the whole experimental procedure, to the best of our knowledge, has only been attempted in the context of a very general description based on classical views of the scientific method. In this study, we focus on the development and proposal of an ontology dedicated to the description of these experimental procedures, regardless of the scientific questions that prompted the assays. This ontology includes entities from three distinct realms (biological, physical and data), which include both experimental products, their relations and the protocols describing their manipulation. The final outcome is a useful and comprehensive ontology in the plant domain, to be used as a log book by experimentalists, providing a formal relation between entities.
PEDTERM	Pediatric Terminology		Terms associated with pediatrics, representing information related to child health and development from pre-birth through 21 years of age; contributed by the National Institute of Child Health and Human Development.
PEO	Parasite Experiment Ontology		
PEO_ONTOLOGY	Prompt Engineering Ontology		
PESONT	Preposition_enabled Spatial Ontology		
PGHD-BP	PGHD Auxillary - BP	https://github.com/RenVit318/pghd	Ontology containing terms describing the ancillary information surrounding the collection of Blood Pressure data and the communication via Interactive Voice Response in the context of the VODAN-Africa project.
PGHD_CONNECT	PGHD_CONNECT		
PGHDPROV	PGHDProvo: Context and Provenance Based Standardized Patient Generated Health Data Shared with an Electronic Health Record	https://w3id.org/pghdprovo	This ontology seeks to capture the provenance and data quality associated with PGHD shared with an EHR. The objective is to have an ontological formal representation of the provenance and contextual data related to PGHD shared with EHR, in order to offer clinicians a means to use PGHD data for decision making and treatment support., Patient Generated Health Data (PGHD) refer to health data collected by patient or their relatives. This ontology seeks to capture information about the data, the provenance and data quality associated with PGHD shared with an EHR.
PGXO	PGxO		
PHAGE	Phylogenetics Ontology		This ontology represents the seven steps of phylogenetic analyses. Each root concept step is composed from a set of resource annotations (to represent the data-flow) and programs (to represent the control flow). Object properties serve to represent relations to annotate data (e.g. has_RetrievedInDatabase, has_ModeledBy, etc.) and reorder the sequence of programs (e.g. has_InputOutput).This ontology has been collected in a semi-automated way from well-known databases such as NCBI, GeneOntology, UniProtKB and Felsenstein’s Web site through Web crawling and mapping techniques.
PHARE	Pharmacogenomic Relationships Ontology	http://bioportal.bioontology.org/ontologies/45138	The PHArmacogenomic RElationships Ontology (or PHARE) proposes concepts and roles to represent relationships of pharmacogenomics interest.
PHASES	Promoting Health Aging through Semantic Enrichment of Solitude Research		
PHENOMEBLAST	PhenomeBLAST Ontology		
PHFUMIADO	Phallusia fumigata Anatomy and Development Ontology		
PHMAMMADO	Phallusia mammillata Anatomy and Development Ontology		
PHY	physiotherapy	https://app.thrombus.eu/ontology/physiotherapy	This ontology contains structured data for five physiotherapy exercises tailored for lower limb rehabilitation. Each exercise is aimed at supporting patients post-surgery, with a particular focus on preventing complications like deep vein thrombosis (DVT) and improving strength, mobility, and blood circulation in the legs. Included Exercises: Ankle Pump Exercise: Enhances blood flow in the lower limbs by flexing and extending the ankle, helping to prevent DVT. Quad Set Exercise: Strengthens the quadriceps by engaging the knee in gentle extension, aiding recovery and muscle endurance. Heel Slide Exercise: Improves knee mobility by sliding the heel toward the buttocks, promoting flexibility. Straight Leg Raise Exercise: Strengthens hip flexors and quadriceps by lifting a straight leg, enhancing lower limb stability. Glute Bridge Exercise: Activates the glutes and stabilizes the hips through lifting movements, improving strength and control. Each exercise entry includes details such as targeted body parts, primary muscles, joint movements, instructions, precautions, progression criteria, and patient response metrics. The file leverages biomedical ontologies like OBI, ICF, and SNOMED CT for interoperability, making it suitable for integration into healthcare or rehabilitation applications.
PHYLONT	Phylogenetic Ontology		Ontology for Phylogenetic Analysis
PICO	Pathogen-related Informed Consent Ontology	https://github.com/PICO-ontology/PICO	PICO is an application ontology designed for the standardization of pathogen-related informed consent data and taxonomic logic relationship classification. The current development priority focuses on constructing its morbidity data representation framework in a manner that ensures consistent structural mapping with medical questionnaire architectures, thereby enabling interoperable data schema across epidemiological research systems.
PIERO	Enzyme Reaction Ontology for annotating Partial Information of chemical transformation	http://reactionontology.org	Enzyme Reaction Ontology for annotating Partial Information of chemical transformation
PINO	Pregnancy Information Needs Ontology	https://github.com/henryhezhe2003/Pregnancy_Infomation_Needs_Ontology	An ontology about pregnancy information needs across all stages of pregnancy
PLANTSO	Plant Stress Ontology		
PLIO	Protein-ligand interaction ontology		
PMA	Portfolio Management Application		The Portfolio Management Application (PMA) is a system for tracking grants and producing reports - Users can access grant data through a query interface and a variety of pre-defined forms and reports
PMAPP-PMO	PMO Precision Medicine Ontology	http://www.phoc.org.cn/pmo/	The Precision Medicine Ontology (PMO) has been developed as a standardized ontology for human precision medicine with consistent, reusable and sustainable descriptions of human disease terms, genomic molecular, phenotype characteristics and related medical vocabulary disease concepts through collaborative efforts of researchers at Institute of Medical Information, Chinese Academy of Medical Sciences. The Precision Medicine Ontology focuses on the development of a high level patients-centric ontology for the academic research, thus, it systematically integrates biomedicine vocabularies from GO, NCBI Gene, DrugBank, HPO, MeSH, SNOMED CT, etc. This work is supported by the National Key Research and Development Program of China (Precision Medicine Knowledge Base, Grant No. 2016YFC0901901).
PMD	Persian Medicine Diseases Ontology		
PMDO	Parkinson and Movement Disorder Ontology		
PMO	Performed Music Ontology		An extension to the Library of Congress BIBFRAME ontology for performed music.
PMO-SPEED	PMO Playing Speed Vocabulary	https://github.com/LD4P/PerformedMusicOntology/tree/master/Vocabularies	Vocabulary for playing speeds of audio carriers, e.g., audio discs, audio cassettes, piano/organ rolls, primarily for use with the Performed Music Ontology, or other similar music ontologies.
PNADO	Pneumonia Diagnosis Ontology		
POEM	Psychometric Ontology of Experiences and Measures		
PP	Pipeline Patterns Ontology	https://bitbucket.org/PlantExpAssay/ontology	To answer the need for a workflow representing a sequence of data transformations, a high-level process ontology was defined, denoted Pipeline Patterns (PP) ontology. Every concept is generically a Data (class from EDAM), which can be further specified as an Entry (P:00002) or an Exit (P:00009). All Entries can be subjected to an Operation (class from EDAM) producing an Intermediate (P:00010). An Intermediate has a TemporalEntity associated to represent its time of creation. Some Entries are specifically of the type Exit, meaning that they will represent concepts that exit the current category and be passed to the next one on the workflow. Additionally, in order to permit the treatment of a set of objects as a single entity, this high-level ontology considers the concept of List (P:00004) and more specifically an Aggregate (P:00005), containing a set of Data or Entry, respectively. The concept Intermediate is an Entry, allowing for the successive application of an operation to an Element. This is particularly useful in the case of the application of sequential set of operations.
PPLC	Placental Pathology Lesion Classification		Placental pathology: current terminology with definitions, short descriptions, and representative images pertaining to the cause, origin and nature of placental disease. The Placental Pathology Lesion Classification was developed by a PAT External Scientific Panel Member, placental pathologist Dr. Raymond Redline. This terminology is a continuation of the effort of the Amsterdam Placental Lesion Consensus Group.
PREGONTO	Pregnancy Ontology		The pregnancy ontology is a biomedical ontology used for identifying pregnancies in routine health databases. The ontology was primarily developed for conducting surveillance of vaccine uptake in pregnant women in the UK.
PREMEDONTO	Precision Medicine Ontology		Precision MedicinePreMedOnto is an application ontology built for the precision medicine domain on top of gold standard biomedical ontologies. The ontology learning process involves mining the PubMed repository to extract domain specific texts, abstracts and vocabulary as sources of data. The information gathered is clustered and outlined to determine main modules. It reuses terms and concepts from NCIT, MESH and IOBC to construct the ontology hierarchy.
PREO	Presence Ontology	http://med.stanford.edu/presence/about.html	The Presence Ontology is a systematic vocabulary of terms with defined relationships that models the encounters taking place every day among providers, patients, and family members or friends in environments such as hospitals and clinics. The Presence Ontology provides a conceptual model for the human experience in medicine. This is a preliminary approach, but further use of methods we have developed here may aid in providing clarity and consensus to topics in healthcare. The ontology is also a model for interdisciplinary collaboration, as it was developed in conjunction with experts from bioinformatics, medicine, anthropology, business, and communication sciences through multiple iterative stages.
PROCCHEMICAL	Chemical Process		Chemical process
PROJ	Project ontology		
PROMOT	PROMOT Ontology		
PSDS	Plant Structure Development Stage		
PSO_2	PatientSafetyOntologyRevisted		This is a revised version of the Patient Safety Ontology
PTRANS	Pathogen Transmission Ontology	https://github.com/DiseaseOntology/PathogenTransmissionOntology	The Pathogen Transmission Ontology describes the transmission methods of human disease pathogens from one host, reservoir, or source to another host. The pathogen transmission may occur either directly or indirectly and may involve animate vectors or inanimate vehicles., The Pathogen Transmission Ontology describes the transmission methods of human disease pathogens describing how a pathogen is transmitted from one host
PTRO	Preclinical Trials in Radiation Oncology Ontology		PTRO focuses on preclinical data standardized according to SEND, with emphasis on radiation oncology studies. It is not intended to replace clinical trial ontologies or general-purpose biomedical ontologies but to complement them by addressing the specific needs of preclinical research data representation.
PTS	Pathway Terminology System		
PU	Test Dataset		
PVONTO	Pharmacovigilance Ontology	http://people.eecs.ku.edu/~jhuan/	A pharmacovigilance ontology to connect known facts on drugs, disease, ADEs, and their molecular mechanisms.
QUANTUM-MIND	Quantum Mind Framework		Formal architecture for modeling state-field transitions in human behavioral systems using sigmoid-based activation. Operationalizes the interaction between Directed Focus (f), Raw Perceptual Imprint (alpha), and Perceived Meaning (beta) to calculate the formal observation variable Psi. Foundational for Behavioral and Cognitive Ontology (BCO), providing machine-readable logic for AI ingestion and predictive psychological modeling.
QUDT2	Quantities, Units, Dimensions and Types (QUDT) Schema - Version 2.0		
QUDT2-1	Quantities, Units, Dimensions and Types (QUDT Version 2.1)	http://qudt.org	QUDT presents a unified architecture for the conceptual representation of quantities, quantity kinds, units, dimensions, and data types, which lie at the core of all scientific and engineering inquiry. But the QUDT specification is more than a core architecture and a list of these concepts, because it implements international standards and thus provides the foundation for system interoperability. In order to provide for interoperability and data exchange between information systems, the specification needs to be available in a machine processable form, with no ambiguities. For these reasons, the QUDT approach to specifying these concepts is to use precise semantically grounded specifications in an ontology model with translation into machine-processable representations.
RADMO	RADx Metadata Ontology		
RADXTT-MVREASONS	RADx Tiger Team Missing Value Reasons		
RAO	Rheumatoid Arthritis ontology		
RB	RegenBase ontology	https://regenbase.cs.miami.edu	The RegenBase ontology describes biological entities and processes studied in spinal cord injury (SCI) research.
RCD	Read Codes, Clinical Terms Version 3 (CTV3)	https://www.nlm.nih.gov/research/umls/sourcereleasedocs/current/RCD/index.html	<p>Read Codes contain hundreds of thousands of terms, synonyms, and abbreviations covering all aspects of patient care including signs and symptoms, treatments and therapies, investigations, occupations, diagnoses, and drugs and appliances.</p> <p>Read Codes are now known as Clinical Terms. Clinical Terms Version 3 (CTV3) has been merged with the Systematized Nomenclature of Medicine – Reference Terminology (SNOMED RT®), resulting in the creation of SNOMED – Clinical Terms (SNOMED CT®). </p>
RCTONT	Randomized Controlled Trials Ontology		We developed and evaluated an ontology specifically for Randomized Controlled Trials in order to facilitate the production of systematic reviews and metaanalysis.
RCTV2	Read Clinical Terminology Version 2		
RDA-CONTENT	RDA Content type		
RDA-ISSUANCE	RDA Mode of Issuance		
RDAO	Rare Diseases Awareness Ontology	https://github.com/BFO-ontology/BFO	The Rare Diseases Awareness Ontology was developed using the Basic Formal Ontology (BFO) framework to support education and awareness processes about rare diseases. It is a semantic data structure that organizes and categorizes specific information about these processes, facilitating access and understanding of the data. This ontology includes key concepts from this domain. Furthermore, it incorporates information to train health professionals, family members, and patients, promoting awareness and more comprehensive education. Through data modeling and relationships between these concepts, the ontology allows the creation of interactive and personalized educational resources, in addition to facilitating interoperability between health information systems. With accessible language and visual tools, the system supports disseminating knowledge about rare diseases. This study is supported by the São Paulo Research Foundation (FAPESP) as part of the Public Policy Research Program (grant number 2023/10203-8, managed by Domingos Alves). Diego Yamada is also supported by FAPESP (grant number 2024/06751-2).
RDL	RDL		
RDO	Reusable Biodiversity Ontology		Facilitating Biodiversity information
REGN_BRO	REGN_BRO		A controlled terminology of resources, which is used to improve the sensitivity and specificity of web searches.
REGN_GO	REGN_GO		Provides structured controlled vocabularies for the annotation of gene products with respect to their molecular function, cellular component, and biological role. The Gene Ontology consists of three Vocabularies.
REPO	Reproductive Trait and Phenotype Ontology		Ontology for livestock reproductive traits and phenotypes
REPOS	repository		Repository OWL
RGD	RRB Group D		
RH-MESH	Robert Hoehndorf Version of MeSH		
RNPRIO	Research Network and Patient Registry Inventory Ontology		Ontology for Inventories of Clinical Data Research Networks, Patient-Powered Research Networks, and Patient Registries
RNRMU	RNRMU		
ROADMAP	Radiology Ontology of AI Datasets, Models and Projects		
ROCKNROLLTEST	ROCK-N-ROLL-TEST		
ROO	Radiation Oncology Ontology	http://www.cancerdata.org/roo	The Radiation Oncology Ontology aims to cover the radiation oncology domain with a strong focus on re-using existing ontologies. From release 0.5 forward the ROO has changed its naming scheme from all entities starting with numbers to all entities starting with C(lasses) or P(redicates). This change was needed for better compatibility to web standards. Releases 0.4.1-0.4.3. include the necessary axioms to go from the original naming scheme to the new naming scheme. <br /> <br />0.4.1: Added new entities with equivalence to the old entities <br />0.4.2: Added deprecated property to the old entities <br />0.4.3: Removed axioms with the old entities except annotations <br />0.5: Removed all old entities, the new base
ROS	Radiation Oncology Structures Ontology		
RPO	Resource of Asian Primary Immunodeficiency Diseases (RAPID) Phenotype Ontology	http://rapid.rcai.riken.jp/ontology/v1.0/phenomer.php	RAPID phenotype ontology presents controlled vocabulary of ontology class structures and entities of observed phenotypic terms for primary immunodeficiency diseases (PIDs) that facilitate global sharing and free exchange of PID data with users’ communities
RSA	Reference Sequence Annotation		
RVO	Research Variable Ontology		
SALMO	Salmonella Serotype vocabulary		
SARSMUTONTO	Ontology for SARS-CoV-2 lineages and mutations	https://github.com/jbakkas/SARSMutOnto	The SARSMutOnto ontology provides a list of all SARS-CoV-2 Pango lineages while maintaining their hierarchy (lineage/sublineage) describing in detail all lineage mutations
SATO	SATO (IDEAS expAnded wiTh BCIO): workflow for designers of patient-centered mobile health behaviour change intervention applications		
SATUSEHATTHESIS	SatuSehatThesis		
SBOL	Synthetic Biology Open Language Visual Ontology		
SCIO	Spinal Cord Injury Ontology		
SCO	Study Cohort Ontology	https://tetherless-world.github.io/study-cohort-ontology/	The Study Cohort Ontology (SCO) is developed to model overall structure and patterns of cohort variables and control/intervention groups defined within the structured population descriptions (commonly referred to as Table1's or Cohort Summary Tables)of observational case studies and clinical trials. We maintain only domain agnostic and commonly occuring subject variables and interventions in SCO, and we have a suite of ontologies (Diseases, Medications, LabResults etc) to encode Diabetes related terminology. We have adopted a bottom-up approach to modeling and we have revised the structure of SCO upon investigation of a few research studies (11 to be precise) from the Pharmacological Interventions (Chapter 8) and Cardiovascular Complications (Chapter 9) of the American Diabetes Association (ADA)’s Standards of Medical Care 2018 CPG. We enable deep drive visualizations driven off queries to knowledge graphs modeled on SCO, to help assist physician visualize the similarity of a patient to a study group, at a quick glance. We welcome contributions and suggestions to extend SCO to represent cohort descriptions of publications targeted to other diseases, and we plan to release set of tools to make this process seamless.
SCO-U	Sustainability Core Ontology - Segment U	https://www.w3id.org/sco/repo	SCO is a middle-level ontology, representing the major theoretical challenges to sustainability: 1) The polysemy of the term sustainability. 2) The relationship between sustainability and sustainable development. 3) The complexity underlying sustainability. SCO aims to play a pivotal role in harmonizing and integrating top-level and domain ontologies regarding sustainability., SCO V1.1.0 aligns with two Top-Level Ontologies (TLOs), Basic Formal Ontology (BFO) and Unified Foundational Ontology (UFO). SCO V1.1.0 is comprised of two segments: SCO-B (B for BFO) and SCO-U (U for UFO). SCO-B aligns the SCO vocabulary with BFO (as SCO V1.0.0). SCO-U aligns the SCO vocabulary with gUFO (UFO implementation in the Web Ontology Language (OWL)). This file provides SCO-U segment. References – TLOs: https://github.com/BFO-ontology/BFO-2020 https://ontouml.readthedocs.io/en/latest/intro/ufo.html https://nemo-ufes.github.io/gufo/
SCO_V1	Sustainability Core Ontology	https://www.w3id.org/sco/repo	The Sustainability Core Ontology (SCO) is a middle-level ontology, covering the terminology related to the three major theoretical challenges of sustainability: 1) The polysemy of the term sustainability. 2) The relationship between sustainability and sustainable development. 3) The complexity underlying sustainability. SCO is designed to be the pivotal resource upon which to harmonize and integrate ontologies regarding sustainability. The ultimate goal is to establish a family of interoperable sustainability ontologies. Currently, SCO employs Basic Formal Ontology (BFO) and Unified Foundational Ontology (UFO) as the upper-level ontologies. SCO V1.1.0 is the current release and is comprised of two segments: SCO-B (B for BFO) and SCO-U (U for UFO). SCO-B aligns the SCO vocabulary with BFO. SCO-U aligns the SCO vocabulary with gUFO (UFO implementation in the Web Ontology Language (OWL)). SCO V1.1.0. conforms to OBO-Foundry principles. The most recent version of SCO-B segment can always be found at https://w3id.org/sco. The most recent version of SCO-U segment can always be found at https://w3id.org/sco/sco-u. This file provides SCO-B segment. References – TLOs: https://github.com/BFO-ontology/BFO-2020 https://ontouml.readthedocs.io/en/latest/intro/ufo.html https://nemo-ufes.github.io/gufo/
SD3	Simulation Delivery and Documentation Deviations		
SDO	Sleep Domain Ontology	https://mimi.case.edu/concepts	An application ontology for the domain of Sleep Medicine.
SDOED	Social Determinants of Education Ontology		Social Determinants of Education Ontology (SDoE) arise from the growing recognition that various factors influence educational outcomes. Educational success or failure is not solely determined by in-school factors but external factors including social, economic, and environmental influences effect the edcational outcome. e.g. family income, access to resources, neighborhood, health, and more
SDOHO	social determinants of health ontology-TaoLab	https://github.com/Tao-AI-group/SDoHO	SDoHO aims to represent fundamental SDoH factors and their relationships in a standardized and measurable way. It has well-designed hierarchies, practical objective properties, and versatile functionalities, and the comprehensive semantic and coverage evaluation achieved promising performance compared to the existing ontologies relevant to SDoH.
SEDI	Semantic DICOM Ontology		
SEPON	Sepsis Ontology		
SHEDDING-HUB	Pathogen and Biomarker Shedding		
SHR	Student Health Record Ontology	http://www.shojaee.com/shr/	The goal of SHR project is to develop an ontology for the description of student health records. Student health records are created for entering college students in order to provide better health services will be formed. This file contains various sections such as history of disease, family history of disease, public examinations and ... .
SIMM	In Silico Methodologies Ontology for MAATrica metric		MAATrica is a novel metric for assessing the coherence of methodologies in research papers within the fields of medicinal and nutraceutical chemistry. MAATrica employs user-controlled and customizable ontologies (in silico, in vitro and in vivo), enabling personalized analysis of research papers in the fields of medicinal and nutraceutical chemistry.
SIMON	Simple Measurement Ontology	https://github.com/mdebellis/SIMON-A-Simple-Measurement-Vocabulary	"The SImple Measurement ONtology (SIMON) is a small vocabulary (3 top level classes: PunnedClass, Measurement, and Unit) to represent measurements and units. It uses the pattern to represent N-ary relations and a recursive structure to make the representation of various measurements and units (e.g., ""5 kilograms"", ""4 miles per hour"", ""5 meters per second per second"" straight forward and obvious. It utilizes the Semantic Web Rule Language (SWRL) to automatically order measurements of the same type (e.g., Speed) regardles of units. E.g., that 5 kilometers per hour is greater than 5 meters per hour. It does this by transforming all measures of a specific type (e.g., distance, mass, speed, acceleration) to canonical units. The canonical units can be modified by changing a few rules. I also include on the github page some SPARQL transformations that generate the rdfs:label for each measurement instance so the developer doesn't have to take the effort and potential error prone risk of doing this manually. The version included here is the version after the SWRL rules have run and with the inferences exported and also after the SPARQL transforms have generated all the rdfs:label values. Although there are other vocabularies that address this problem they are either much more complex (addressing many additional issues besides units and measures) and/or do not automatically order measures of different units."
SITBAC	Situation-Based Access Control Ontology		
SK	Digital Forensic		
SL_DIS	Sleep Disorders		
SLEEP	SLEEP ontology		The SLEEP ontology aims to facilitate the collection of PGHD related to sleep patterns and behaviors. It was created by organizing sleep-related terms gathered from sleep questionnaires and specialized literature.
SMASH	SMASH Ontology		The SMASH (Semantic Mining of Activity, Social, and Health data) system ontology describes concepts used in describing the semantic features of healthcare data and social networks. The SMASH system primarily addresses the research topic of sustained weight loss with continued intervention with frequent social contacts.
SNMI	Systematized Nomenclature of Medicine, International Version		
SNPO	Single-Nucleotide Polymorphism (SNP) Ontology		SNP-Ontology is a domain ontology that provides a formal representation (OWL-DL) of genomic variations. Despite its name, SNP-Ontology, is not limited to the representation of SNPs but it encompasses genomic variations in a broader meaning. SNP-Ontology is general enough to enable the representation of variations observed in genome of various species. Latest versions of SNP-Ontology include the representation of haplotype and of CNV. The unambiguous representation of genomic variations provided by SNP-Ontology enables to integrate heterogeneous data related to genomic variations. To achieve this goal SNP-Ontology enables (1) to represent one variation in accordance with various ways that exist for describing it, (2) to represent the equivalence between two distinct descriptions of one variation, and (3) to represent correspondence between a genomic variation and its outcome at the transcriptome and proteome levels.
SOCMEDIA	Sercan Kiyak		This is an ontology for FAIR storage of Twitter/X data
SOCPRES	Social Prescribing Ontology		
SOHO	Social Determinants of Health Ontology		SOHO has terminologies covering societal factors, such as where a person was born, grew up, works, lives, etc., along with socio-economic and community factors that affect an individual’s health.
SOIL-PROF	Soil Profile classifiers		
SOLO	Solitude Ontology		The Solitude Ontology contains terms for defining and classifying concepts related to solitude, including its dimensions, experiences, and outcomes. Its concepts and relationships support the development of tools and resources that enhance understanding of solitude. The Solitude Ontology is developed as a subset of (http://purl.obolibrary.org/obo/phases.owl)., and outcomes. Its concepts and relationships support the development of tools and resources that enhance understanding of solitude. The Solitude Ontology is developed as a subset of (http://purl.obolibrary.org/obo/phases.owl). , and outcomes. Its concepts and relationships support the development of tools and resources that enhance understanding of solitude. The Solitude Ontology is developed as a subset of (http://purl.obolibrary.org/obo/phases.owl). Issues and term requests can be submitted at (https://github.com/Buffalo-Ontology-Group/phases/issues).
SOS	emergência		
SOY	Soy Ontology	http://soybase.org	Growth, trait and development ontology for soybean
SP	SMART Protocols		
SP_ONTOLOGY	SmartPITeS Proyect Ontology for Complex Chronic Patients		
SPO	Skin Physiology Ontology		
SPTO	Solanaceae Phenotype Ontology	http://solgenomics.net	Solanaceae crop phenotypes and traits, developed in collaboration with the research community, especially for breeder traits of agronomic importance.
SSBD	SSBD Ontology		
SSE	Surgical Secondary Events	https://www.mskcc.org/departments/surgery/surgical-secondary-events-system	Memorial Sloan-Kettering Cancer Center Surgical Secondary Events Ontology (Adverse Events)
SSO	Syndromic Surveillance Ontology		The SSO encodes agreement among experts about how Emergency Department (ED) chief complaints are grouped into syndromes of public health importance (consensus definitions).
SST	SATUSEHAT Thesis		
SSTIM	Sensory Stimulation Ontology		
STMSO	symptomatic treatment of multiple sclerosis ontology		
STO-DRAFT	The Stroke Ontology		The Stroke Ontology (STO) covers the knowledge domain of stroke based on expert views and translational continuum of stroke research.
STRONG	Mental Stress Ontology		This ontology is a module of the human stress ontology, developed in the context of the PGHD(person-generated health data) project, supported by the National Research Foundation of Korea. This ontology included such extension for 11 relatively standard instruments.
STY1	STY1		TEST STY
suicideo	suicideonto		ontology for suicidology
SURGICAL	Nurse Surgical		
SVU_MWS_WSM	Syrian Cinema Ontology		
SVU_MWS_WSM_F23	MWS-WSM-F23 Syrian Cinema Ontology		
SYRIAN-CINEMA	Syrian Cinema		Syrian Cenima antology by Mouaz Al-Shahmeh - 216212
SYRIANDRUGS	Syrian Drugs and medicines		This ontology is to represent Syrian drugs
TAON	Therapeutic Antibody Ontology		
TARA	TARA Acupoints Ontology	https://purl.org/tara/ontology/repo	The TARA Acupoints Ontology is an ontology developed as part of the Topological Atlas and Repository for Acupoint Research (TARA) project funded by the National Institute of Health (NIH). The goal of TARA is to establish a new comprehensive resource for the acupuncture research and clinician community. The ontology will be used to support semantic search and annotations for anatomical maps, atlases, and data sets relevant to the TARA project., and data sets relevant to the TARA project. - About TARA Project: https://www.acupunctureresearch.org/tara - TARA Ontology GitHub Repo: https://purl.org/tara/ontology/repo - TARA Ontology Updates: https://purl.org/tara/ontology/updates - TARA Ontology Files: https://purl.org/tara/ontology, and data sets relevant to the TARA project. - About TARA Project: https://www.acupunctureresearch.org/tara - TARA Ontology GitHub Repo: https://purl.org/tara/ontology/repo - TARA Ontology Updates: https://purl.org/tara/ontology/updates - TARA Ontology Files: https://purl.org/tara/ontology
TCDO	Traditional Chinese Drug Ontology	https://github.com/TCMOntology/TCDO	More than 400 popular TCD decoction pieces (TCD-DP) were selected from authoritative textbooks, standards and terminologies, as well as their crudes, Chinese medicinal material (CMM). The TCD-DP entities are categorized in 23 upper level terms by their clinical effects. Their properties like nature, flavor, toxicity and meridian entries are also defined formally by logical relations. CMM’s species is mapped to the NCBITaxon taxonomy ontology, which establishes a link between traditional medicine and modern biomedical science. TCDO contains over 1,500 terms, including terms drawn from existing ontologies and more than 1,000 TCD-specific terms, labeled in both Chinese and English., TCDO is an open source, community-based biomedical ontology in the area of traditional Chinese medicine drugs.
TCO	Thyroid Cancer Ontology		Thyroid cancer ontology (TCO) contains 578 concepts organized under 6 biological viewpoints, i.e., Anatomy and Histoembryology, Basic Information of Patient, Cellular or Molecular Interactions, Clinical Aspects, Etiology, Pathology
TDWGSPEC	TDWG Specimen LSID Ontology		Biodiversity Information Standards (TDWG) is an international not-for-profit group that develops standards and protocols for sharing biodiversity data. They have a detailed collection of vocabularies and ontologies for studies of biological organisms.
TEMPO	TempO		
TEO	Time Event Ontology		The Time Event Ontology (TEO) is an ontology for representing events, time, and their relationships.
TEPHRAM4MEXAMPLE	Tephra M4M Example		
TEST-M4M20-PAV	test-m4m20-subjects-pav		
TEST_A	TEST_A		This is an example ontology created by owlready2 python library
TEST_CBI	test_cbi		
TESTEX	test1		first ontology creation format
TESTLEARN	testontologyforlearning		
TESTONTOLO	Test_data		
THESISDEMO	thesisdemo		
THREE-ST	3-Step Theory of suicide		
TIMEBANK	Timebank Ontology	https://w3id.org/timebank	The Timebank Ontology is used to describe Timebank systems for Peer-to-Peer Service Exchange. A Timebank allows user to store virtual money, often called a Time Dollar, into a bank account. This virtual currency can be earned by helping fellow Timebank users and spent by requesting help from others. The main goal of the ontology is to facilitate the matching between helpers and requesters of help.
TM-CONST	Traditional Medicine Constitution Value Set	https://sites.google.com/site/whoictm/home	The value set for the Constitution property of the International Classification of Traditional Medicine (ICTM).
TM-MER	Traditional Medicine Meridian Value Sets		
TM-OTHER-FACTORS	Traditional Medicine Other Factors Value Set	https://sites.google.com/site/whoictm/home	The value set for the Other Factors property of the International Classification of Traditional Medicine (ICTM).
TM-SIGNS-AND-SYMPTS	Traditional Medicine Signs and Symptoms Value Set	https://sites.google.com/site/whoictm/home	The value set for the Signs and Symptoms property of the International Classification of Traditional Medicine (ICTM).
TMA	Tissue Microarray Ontology		
TML	trasformative machine learning metadata		a set of metadata to record transformative machine learning experiments with LINCS dataset
TMO	Translational Medicine Ontology	http://esw.w3.org/HCLSIG/PharmaOntology	This project focuses on the development of a high level patient-centric ontology for the pharmaceutical industry. The ontology should enable silos in discovery research, hypothesis management, experimental studies, compounds, formulation, drug development, market size, competitive data, population data, etc. to be brought together. This would enable scientists to answer new questions, and to answer existing scientific questions more quickly. This will help pharmaceutical companies to model patient-centric information, which is essential for the tailoring of drugs, and for early detection of compounds that may have sub-optimal safety profiles. The ontology should link to existing publicly available domain ontologies.
TOK	Terminological and Ontological Knowledge Resources Ontology	http://cui.unige.ch/~ghoula/	An Ontology describing Resources having different formats. This Ontology can be used to annotate and describe Terminological, Ontological Knowledge resources.
TOP-MENELAS	Menelas Project Top-Level Ontology		
TP4	Oualid		
TP_REL_FAM	Relation familiales		
TRAK	Taxonomy for Rehabilitation of Knee Conditions		
TRANS	Nurse Transitional		
TRIAGE	Nurse triage		
TRON	Tribolium Ontology	http://ibeetle-base.uni-goettingen.de/ontology/overview.jsf	TrOn is an ontology about the anatomical structures of the red flour beetle Tribolium castaneum in the developmental stages larva, pupa and adult.
TST7	FIELDLAB3_2023	https://cedar.metadatacenter.org/templates/edit/https://repo.metadatacenter.org/templates/1bcab355-0b9f-4449-9f12-99c3552df353?folderId=https:%2F%2Frepo.metadatacenter.org%2Ffolders%2Fe4bd3d33-b817-4357-aed7-812b84200c88	Final skos
TYPON	Microbial Typing Ontology		
UCVA	Unwarranted Clinical Variation Analysis With Local Healthcare Contextual Factors		The Unwarranted Clinical Variation Analysis ontology (UCVA) is an application ontology that standardizes the representation of local context factors of UCV analysis. It includes numerous instances designed to support the extraction of these factors as covariates in UCV analysis, making it practical and easy to use
UGANDA_DISEASES	Uganda_diseases		This is the seventh version of the Uganda diseases
UHC-METADATA	UHC Metadata		
UMMS	FirstOntologyForUMMS		This is an in-progress ontology for the numerous use cases of UMMS Enterprise Data & Analytics dept
UNITSONT	Units Ontology	https://mimi.case.edu/concepts	A small ontology for the units of measurement developed during the development of the Sleep Domain Ontology (SDO). It supports the use of SDO within the PhysioMIMI application.
URL	URL ONTOLOGY		
VDOT	Viral Disease Ontology Trunk		
VEMO	Veterinary Epidemiology Metadata Ontology		
VEO	Visualized Emotion Ontology		Visual Emotion Ontology (VEO) is an ontology that links visualizations with specific emotions from the Ortony, Clore, and Collins' description of human emotions.
VFB_DRIVERS	vfb_drivers		An ontology of Drosophila melanogaster drivers and expression patterns., An ontology of Drosophila melanogaster drivers and expression patterns. All genetic objects are created using data taken directly from FlyBase.
VICO	Vaccination Informed Consent Ontology		
VIMM	In Vitro Methodologies Ontology for MAATrica metric		MAATrica is a novel metric for assessing the coherence of methodologies in research papers within the fields of medicinal and nutraceutical chemistry. MAATrica employs user-controlled and customizable ontologies (in silico, in vitro and in vivo), enabling personalized analysis of research papers in the fields of medicinal and nutraceutical chemistry. Here we present the in vitro ontology we developed for the scope.
VIO	Vaccine Investigation Ontology		
VIVO-ISF	VIVO-Integrated Semantic Framework	http://vivoweb.org	The Integrated Semantic Framework ontology modules for VIVO (the VIVO-ISF ontology) provide a set of types (classes) and relationships (properties) to represent researchers and the full context in which they work.
VODAN_ANC	VODAN ANC Vocabulary	https://vodan-totafrica.info/ANC	This is a general comment that will be ignored. The converter will detect automatically the line containing the column titles below, so you can have a header as long as you want.
VODANA-GENERAL	VODANATERMS		VODANA's General list of terms that are used within Outpatient Department Registration and Antenatal Care Templates.
VODANA-MI	VODANA-MIGRANTS-INTERVIEWS		Migrants Interviews Ontologies
VODANA-MIGRANTS	VODANA MIGRANTS VOCABULARY		
VODANA-MPA	VODANA-MIGRANTS-PRESS ARTICLES		migrants Press Articles ontologies
VODANACOVID	VODANA-COVIDTERMS		Ontology containing the controlled terms and semantic properties used in the COVID-19 generic template used within different facilities in VODANA
VODANADISEASES	VODANADiseases		Vodana disease terms based on WHO's ICD-11 standards intended for coding health information for FAIR implementation countries in Africa
VODANAKENYA	VODANA KENYA		
VODANAMFLCODE	VODANAFACILITIESLIST		This is the list of VODANA health facilities with VODANA MFL Code.
VODANANIGERIA	VODANANIGERIA		This ontology contains controlled terms and properties of the out patient register claim report used to collect out patient information within different facilities in Nigeria.
VODANAUGANDA	VODANAUGANDA		
VODANETHIOPIA_OR	ETHIOPIA_OUTPATIENT		These are terms of Outpatient Register Ethiopia
VRD	Vaccineresearchdata		This is test
VVMM	In Vivo Methodologies Ontology for MAATrica metric		MAATrica is a novel metric for assessing the coherence of methodologies in research papers within the fields of medicinal and nutraceutical chemistry. MAATrica employs user-controlled and customizable ontologies (in silico, in vitro and in vivo), enabling personalized analysis of research papers in the fields of medicinal and nutraceutical chemistry. Here we present the in vivo ontology we developed for the scope.
VVO	Vitis Vinifera Ontology		
WC	Whole-cell modeling ontology	https://github.com/karrlab/wc_onto	Ontology for whole-cell (WC) modeling See https://wholecell.org for more information about WC modeling
WEAR	WEAR: Wind Energy mAteRials Taxonomy		
WEAVE	WEAVE: Wind Energy ActiVitiEs	https://github.com/DTUWindEnergy/WEAVE-taxonomy#weave-wind-energy-activities	Controlled vocabularies such as taxonomies allow an accurate and controlled approach in describing datasets. One of such controlled vocabulary is Wind Energy Taxonomy of Activities. This taxonomy is the result of EERA JP WIND IRPWind Open Data initiative that took place in 2017 in which wind energy experts generated the first version of the taxonomy as an input for defining and structuring wind energy metadata. The report of this work is available at Zenodo: https://www.zenodo.org/record/1199489#.XSD6haeQ3RY In 2018, the taxonomy of topics was improved during the internal project of DTU Wind Energy titled 'FAIR Digitalization': https://www.zenodo.org/record/1493874#.XSD7TaeQ3RY In 2021, the taxonomy was converted into FAIR machine-actionable controlled vocabulary using sheet2rdf. The controlled vocabulary is served to humans and machines using an instace of OntoStack hosted by DTU Wind Energy. sheet2rdf and OntoStack are developed by FAIR Data Collective. Additionally, in 2021, the persistent URL purl.org/weave has been registered for the taxonomy. This allows us to: If there is a needed to move the taxonomy to another domain (currently under data.windenergy.dtu.dk) URLs will be still resolvable and unchanged Use short URls as PIDs for the taxonomy terms and properties such as: purl.org/weave/Measurements
WETAXTOPICS	NEAT: wiNd Energy tAxonomy of Topics	http://purl.org/neat/	Controlled vocabularies such as taxonomies allow an accurate and controlled approach in describing datasets. One of such controlled vocabulary is Wind Energy Taxonomy of Topics. This taxonomy is the result of EERA JP WIND IRPWind Open Data initiative that took place in 2017 in which wind energy experts generated the first version of the taxonomy as an input for defining and structuring wind energy metadata. The report of this work is available at Zenodo: https://www.zenodo.org/record/1199489#.XSD6haeQ3RY In 2018, the taxonomy of topics was improved during the internal project of DTU Wind Energy titled 'FAIR Digitalization': https://www.zenodo.org/record/1493874#.XSD7TaeQ3RY In 2020, the definition of taxonomy terms were added and the taxonomy was converted into FAIR machine-actionable controlled vocabulary using sheet2rdf. The controlled vocabulary is served to humans and machines using an instace of OntoStack hosted by DTU Wind Energy.
WHO-ART	World Health Organization (WHO) Adverse Reaction Terminology		
WSIO	Web-Service Interaction Ontology		
WSM-LIBRARY	MWS		
WWECA	Women with Epilepsy of Child-bearing Age Ontology		This is an ontology for the management of women of child-bearing age with epilepsy.
XEO	XEML Environment Ontology		
XREF-FUNDER-REG	CrossRef Funder Registry	https://gitlab.com/crossref/open_funder_registry	"The Funder Registry provides a common taxonomy of international funding body names that funding data participants should use to normalize funder names and IDs for deposit with Crossref. The list can be used to present authors with a pre-populated ""Funder Name"" option at the time of submission, and can also be used to match funder names extracted from papers. The list is available to download as an RDF file, and is freely available under a CC0 license waiver. This information was obtained from a GitLab repository created by Bryan Vickery (see Homepage). The first version downloaded was 1.34."
YOGA	Yoga Ontology		Yoga Ontology is the list of vocabularies that define the yogic practice. Where Yoga is the union of the mind and body.
YUNPING	yunping		
ZONMW-ADMIN-MD	ZonMW Administrative Metadata Vocabulary	https://github.com/fair-data-collective/zonmw-project-admin/tree/main/ontology	Collections of terms for the ZonMW COVID Training project. These terms are based on vocabularies provided for describing project-level metadata. This submission was created using SKOS Play from an Excel spreadsheet.
ZONMW-CONTENT	ZonMW COVID-19	https://raw.githubusercontent.com/gofair-foundation/vocabs_archive/main/zonmw_content.ttl	DEMO-vocabulary with collections of terms for the ZonMW COVID19 programme created in M4M.14 facilitated by GO FAIR Foundation. These terms are based on vocabularies provided for describing project and data content metadata. This submission was created using sheet2rdf GitHub workflow.
ZONMW-GENERIC	ZonMw Generic Terms	https://raw.githubusercontent.com/gofair-foundation/vocabs_archive/main/zonmw_generic.ttl	DEMO Vocabulary for general-purpose terms for the ZonMw Community built in M4M.14
